tiempo_s,t_param,x_mm,y_mm,theta1_deg,theta2_deg,phi_deg,z_plataforma_mm,pasos_J1,pasos_J2,pasos_J3,pasos_Z,w1_deg_s,w2_deg_s
0,2.618,185,2.1347e-14,56.462,-129.21,0,134.5,2509,-4594,0,13450,-6.6516,5.949
0.02,2.6195,185.39,-0.30746,56.329,-129.09,0,134.5,2504,-4590,0,13450,-6.6378,5.9618
0.04,2.6209,185.79,-0.61361,56.197,-128.97,0,134.5,2498,-4586,0,13450,-6.6101,5.9872
0.06,2.6224,186.19,-0.91845,56.065,-128.85,0,134.5,2492,-4581,0,13450,-6.5825,6.0126
0.08,2.6239,186.58,-1.222,55.933,-128.73,0,134.5,2486,-4577,0,13450,-6.5549,6.0378
0.1,2.6254,186.98,-1.5242,55.802,-128.61,0,134.5,2480,-4573,0,13450,-6.5274,6.0629
0.12,2.6269,187.38,-1.825,55.672,-128.48,0,134.5,2474,-4568,0,13450,-6.5,6.0879
0.14,2.6283,187.78,-2.1245,55.542,-128.36,0,134.5,2469,-4564,0,13450,-6.4725,6.1127
0.16,2.6298,188.18,-2.4227,55.413,-128.24,0,134.5,2463,-4560,0,13450,-6.4451,6.1374
0.18,2.6313,188.59,-2.7195,55.285,-128.12,0,134.5,2457,-4555,0,13450,-6.4177,6.162
0.2,2.6328,188.99,-3.0149,55.157,-127.99,0,134.5,2451,-4551,0,13450,-6.3904,6.1865
0.22,2.6343,189.39,-3.309,55.029,-127.87,0,134.5,2446,-4546,0,13450,-6.3631,6.2108
0.24,2.6358,189.8,-3.6017,54.902,-127.74,0,134.5,2440,-4542,0,13450,-6.3359,6.2351
0.26,2.6373,190.2,-3.893,54.776,-127.62,0,134.5,2434,-4538,0,13450,-6.3087,6.2593
0.28,2.6388,190.61,-4.1829,54.65,-127.49,0,134.5,2429,-4533,0,13450,-6.2815,6.2832
0.3,2.6402,191.02,-4.4714,54.524,-127.37,0,134.5,2423,-4529,0,13450,-6.2544,6.3071
0.32,2.6417,191.43,-4.7585,54.399,-127.24,0,134.5,2418,-4524,0,13450,-6.2273,6.3308
0.34,2.6432,191.84,-5.0442,54.275,-127.12,0,134.5,2412,-4520,0,13450,-6.2003,6.3545
0.36,2.6447,192.25,-5.3284,54.151,-126.99,0,134.5,2407,-4515,0,13450,-6.1733,6.378
0.38,2.6462,192.66,-5.6112,54.028,-126.86,0,134.5,2401,-4511,0,13450,-6.1464,6.4014
0.4,2.6477,193.08,-5.8926,53.906,-126.73,0,134.5,2396,-4506,0,13450,-6.1195,6.4248
0.42,2.6493,193.49,-6.1726,53.783,-126.6,0,134.5,2390,-4501,0,13450,-6.0926,6.4479
0.44,2.6508,193.91,-6.451,53.662,-126.47,0,134.5,2385,-4497,0,13450,-6.0658,6.471
0.46,2.6523,194.32,-6.728,53.541,-126.34,0,134.5,2380,-4492,0,13450,-6.039,6.4939
0.48,2.6538,194.74,-7.0036,53.42,-126.21,0,134.5,2374,-4488,0,13450,-6.0122,6.5167
0.5,2.6553,195.16,-7.2776,53.3,-126.08,0,134.5,2369,-4483,0,13450,-5.9855,6.5394
0.52,2.6568,195.58,-7.5501,53.181,-125.95,0,134.5,2364,-4478,0,13450,-5.9588,6.562
0.54,2.6583,196,-7.8212,53.062,-125.82,0,134.5,2358,-4474,0,13450,-5.9322,6.5845
0.56,2.6598,196.42,-8.0907,52.944,-125.69,0,134.5,2353,-4469,0,13450,-5.9057,6.6069
0.58,2.6614,196.84,-8.3588,52.826,-125.56,0,134.5,2348,-4464,0,13450,-5.8791,6.6292
0.6,2.6629,197.26,-8.6252,52.708,-125.42,0,134.5,2343,-4460,0,13450,-5.8526,6.6514
0.62,2.6644,197.69,-8.8902,52.592,-125.29,0,134.5,2337,-4455,0,13450,-5.8262,6.6734
0.64,2.6659,198.11,-9.1536,52.475,-125.16,0,134.5,2332,-4450,0,13450,-5.7997,6.6953
0.66,2.6675,198.54,-9.4155,52.36,-125.02,0,134.5,2327,-4445,0,13450,-5.7734,6.7171
0.68,2.669,198.97,-9.6758,52.244,-124.89,0,134.5,2322,-4440,0,13450,-5.747,6.7388
0.7,2.6705,199.39,-9.9345,52.13,-124.75,0,134.5,2317,-4436,0,13450,-5.7207,6.7604
0.72,2.6721,199.82,-10.192,52.016,-124.62,0,134.5,2312,-4431,0,13450,-5.6944,6.7819
0.74,2.6736,200.25,-10.447,51.902,-124.48,0,134.5,2307,-4426,0,13450,-5.6682,6.8033
0.76,2.6752,200.68,-10.701,51.789,-124.35,0,134.5,2302,-4421,0,13450,-5.642,6.8246
0.78,2.6767,201.11,-10.953,51.676,-124.21,0,134.5,2297,-4416,0,13450,-5.6158,6.8457
0.8,2.6782,201.55,-11.204,51.564,-124.07,0,134.5,2292,-4411,0,13450,-5.5897,6.8668
0.82,2.6798,201.98,-11.453,51.453,-123.93,0,134.5,2287,-4407,0,13450,-5.5636,6.8878
0.84,2.6813,202.42,-11.701,51.342,-123.8,0,134.5,2282,-4402,0,13450,-5.5376,6.9086
0.86,2.6829,202.85,-11.946,51.231,-123.66,0,134.5,2277,-4397,0,13450,-5.5116,6.9294
0.88,2.6845,203.29,-12.19,51.121,-123.52,0,134.5,2272,-4392,0,13450,-5.4856,6.95
0.9,2.686,203.72,-12.433,51.012,-123.38,0,134.5,2267,-4387,0,13450,-5.4596,6.9705
0.92,2.6876,204.16,-12.674,50.903,-123.24,0,134.5,2262,-4382,0,13450,-5.4337,6.9909
0.94,2.6891,204.6,-12.913,50.794,-123.1,0,134.5,2258,-4377,0,13450,-5.4077,7.0113
0.96,2.6907,205.04,-13.15,50.687,-122.96,0,134.5,2253,-4372,0,13450,-5.3819,7.0315
0.98,2.6923,205.48,-13.386,50.579,-122.82,0,134.5,2248,-4367,0,13450,-5.356,7.0516
1,2.6938,205.92,-13.62,50.472,-122.68,0,134.5,2243,-4362,0,13450,-5.3302,7.0715
1.02,2.6954,206.37,-13.852,50.366,-122.54,0,134.5,2238,-4357,0,13450,-5.3044,7.0914
1.04,2.697,206.81,-14.082,50.26,-122.39,0,134.5,2234,-4352,0,13450,-5.2786,7.1112
1.06,2.6986,207.26,-14.311,50.155,-122.25,0,134.5,2229,-4347,0,13450,-5.2528,7.1309
1.08,2.7002,207.7,-14.538,50.05,-122.11,0,134.5,2224,-4342,0,13450,-5.2271,7.1504
1.1,2.7017,208.15,-14.763,49.946,-121.97,0,134.5,2220,-4337,0,13450,-5.2014,7.1699
1.12,2.7033,208.6,-14.986,49.842,-121.82,0,134.5,2215,-4331,0,13450,-5.1756,7.1892
1.14,2.7049,209.04,-15.207,49.739,-121.68,0,134.5,2211,-4326,0,13450,-5.15,7.2085
1.16,2.7065,209.49,-15.427,49.636,-121.53,0,134.5,2206,-4321,0,13450,-5.1243,7.2277
1.18,2.7081,209.94,-15.645,49.534,-121.39,0,134.5,2202,-4316,0,13450,-5.0987,7.2467
1.2,2.7097,210.39,-15.861,49.432,-121.24,0,134.5,2197,-4311,0,13450,-5.073,7.2656
1.22,2.7113,210.85,-16.075,49.331,-121.1,0,134.5,2192,-4306,0,13450,-5.0474,7.2844
1.24,2.7129,211.3,-16.287,49.23,-120.95,0,134.5,2188,-4301,0,13450,-5.0218,7.3031
1.26,2.7145,211.75,-16.497,49.13,-120.81,0,134.5,2184,-4295,0,13450,-4.9962,7.3217
1.28,2.7162,212.21,-16.706,49.03,-120.66,0,134.5,2179,-4290,0,13450,-4.9705,7.3402
1.3,2.7178,212.66,-16.912,48.931,-120.51,0,134.5,2175,-4285,0,13450,-4.9449,7.3586
1.32,2.7194,213.12,-17.117,48.833,-120.37,0,134.5,2170,-4280,0,13450,-4.9193,7.3768
1.34,2.721,213.58,-17.32,48.734,-120.22,0,134.5,2166,-4274,0,13450,-4.8937,7.395
1.36,2.7227,214.03,-17.52,48.637,-120.07,0,134.5,2162,-4269,0,13450,-4.8681,7.413
1.38,2.7243,214.49,-17.719,48.54,-119.92,0,134.5,2157,-4264,0,13450,-4.8425,7.431
1.4,2.7259,214.95,-17.916,48.443,-119.77,0,134.5,2153,-4259,0,13450,-4.817,7.4489
1.42,2.7276,215.41,-18.111,48.347,-119.62,0,134.5,2149,-4253,0,13450,-4.7914,7.4666
1.44,2.7292,215.87,-18.304,48.251,-119.47,0,134.5,2145,-4248,0,13450,-4.7657,7.4842
1.46,2.7309,216.34,-18.494,48.156,-119.32,0,134.5,2140,-4243,0,13450,-4.7401,7.5016
1.48,2.7325,216.8,-18.683,48.062,-119.17,0,134.5,2136,-4237,0,13450,-4.7144,7.519
1.5,2.7342,217.26,-18.87,47.968,-119.02,0,134.5,2132,-4232,0,13450,-4.6887,7.5362
1.52,2.7358,217.73,-19.054,47.874,-118.87,0,134.5,2128,-4227,0,13450,-4.6631,7.5534
1.54,2.7375,218.19,-19.237,47.781,-118.72,0,134.5,2124,-4221,0,13450,-4.6375,7.5705
1.56,2.7391,218.66,-19.417,47.689,-118.57,0,134.5,2120,-4216,0,13450,-4.6118,7.5874
1.58,2.7408,219.13,-19.596,47.597,-118.42,0,134.5,2115,-4210,0,13450,-4.586,7.6041
1.6,2.7425,219.59,-19.772,47.505,-118.27,0,134.5,2111,-4205,0,13450,-4.5602,7.6207
1.62,2.7442,220.06,-19.946,47.414,-118.11,0,134.5,2107,-4200,0,13450,-4.5344,7.6373
1.64,2.7459,220.53,-20.118,47.324,-117.96,0,134.5,2103,-4194,0,13450,-4.5087,7.6538
1.66,2.7475,221,-20.287,47.234,-117.81,0,134.5,2099,-4189,0,13450,-4.4828,7.6701
1.68,2.7492,221.47,-20.455,47.145,-117.65,0,134.5,2095,-4183,0,13450,-4.4569,7.6861
1.7,2.7509,221.95,-20.62,47.056,-117.5,0,134.5,2091,-4178,0,13450,-4.431,7.7021
1.72,2.7526,222.42,-20.783,46.967,-117.35,0,134.5,2087,-4172,0,13450,-4.4051,7.7182
1.74,2.7543,222.89,-20.944,46.88,-117.19,0,134.5,2084,-4167,0,13450,-4.3791,7.734
1.76,2.756,223.37,-21.103,46.792,-117.04,0,134.5,2080,-4161,0,13450,-4.353,7.7495
1.78,2.7577,223.84,-21.259,46.705,-116.88,0,134.5,2076,-4156,0,13450,-4.3269,7.765
1.8,2.7595,224.32,-21.413,46.619,-116.73,0,134.5,2072,-4150,0,13450,-4.3008,7.7805
1.82,2.7612,224.79,-21.565,46.533,-116.57,0,134.5,2068,-4145,0,13450,-4.2746,7.7957
1.84,2.7629,225.27,-21.714,46.448,-116.41,0,134.5,2064,-4139,0,13450,-4.2483,7.8107
1.86,2.7646,225.75,-21.861,46.363,-116.26,0,134.5,2061,-4134,0,13450,-4.2221,7.8258
1.88,2.7664,226.23,-22.006,46.279,-116.1,0,134.5,2057,-4128,0,13450,-4.1957,7.8407
1.9,2.7681,226.71,-22.148,46.196,-115.94,0,134.5,2053,-4122,0,13450,-4.1692,7.8551
1.92,2.7699,227.19,-22.288,46.113,-115.79,0,134.5,2049,-4117,0,13450,-4.1427,7.8698
1.94,2.7716,227.67,-22.425,46.03,-115.63,0,134.5,2046,-4111,0,13450,-4.1162,7.8842
1.96,2.7734,228.15,-22.56,45.948,-115.47,0,134.5,2042,-4106,0,13450,-4.0895,7.8983
1.98,2.7751,228.63,-22.693,45.866,-115.31,0,134.5,2039,-4100,0,13450,-4.0628,7.9124
2,2.7769,229.11,-22.823,45.785,-115.15,0,134.5,2035,-4094,0,13450,-4.036,7.9263
2.02,2.7787,229.6,-22.95,45.705,-115,0,134.5,2031,-4089,0,13450,-4.009,7.94
2.04,2.7805,230.08,-23.075,45.625,-114.84,0,134.5,2028,-4083,0,13450,-3.9821,7.9537
2.06,2.7822,230.57,-23.198,45.546,-114.68,0,134.5,2024,-4077,0,13450,-3.955,7.967
2.08,2.784,231.05,-23.318,45.467,-114.52,0,134.5,2021,-4072,0,13450,-3.9278,7.9803
2.1,2.7858,231.54,-23.435,45.389,-114.36,0,134.5,2017,-4066,0,13450,-3.9005,7.9934
2.12,2.7876,232.02,-23.55,45.311,-114.2,0,134.5,2014,-4060,0,13450,-3.8731,8.0062
2.14,2.7894,232.51,-23.662,45.234,-114.04,0,134.5,2010,-4055,0,13450,-3.8456,8.019
2.16,2.7912,233,-23.771,45.157,-113.88,0,134.5,2007,-4049,0,13450,-3.818,8.0315
2.18,2.793,233.49,-23.878,45.081,-113.72,0,134.5,2004,-4043,0,13450,-3.7903,8.0438
2.2,2.7949,233.98,-23.982,45.005,-113.56,0,134.5,2000,-4038,0,13450,-3.7624,8.056
2.22,2.7967,234.47,-24.083,44.93,-113.39,0,134.5,1997,-4032,0,13450,-3.7344,8.0679
2.24,2.7985,234.96,-24.182,44.856,-113.23,0,134.5,1994,-4026,0,13450,-3.7063,8.0797
2.26,2.8004,235.45,-24.277,44.782,-113.07,0,134.5,1990,-4020,0,13450,-3.6781,8.0912
2.28,2.8022,235.94,-24.37,44.709,-112.91,0,134.5,1987,-4015,0,13450,-3.6497,8.1026
2.3,2.8041,236.43,-24.46,44.636,-112.75,0,134.5,1984,-4009,0,13450,-3.6211,8.1137
2.32,2.8059,236.92,-24.548,44.564,-112.58,0,134.5,1981,-4003,0,13450,-3.5924,8.1246
2.34,2.8078,237.42,-24.632,44.492,-112.42,0,134.5,1977,-3997,0,13450,-3.5636,8.1353
2.36,2.8097,237.91,-24.714,44.421,-112.26,0,134.5,1974,-3991,0,13450,-3.5346,8.1458
2.38,2.8115,238.4,-24.792,44.351,-112.1,0,134.5,1971,-3986,0,13450,-3.5054,8.1561
2.4,2.8134,238.9,-24.868,44.281,-111.93,0,134.5,1968,-3980,0,13450,-3.476,8.1659
2.42,2.8153,239.39,-24.941,44.212,-111.77,0,134.5,1965,-3974,0,13450,-3.4465,8.1758
2.44,2.8172,239.89,-25.01,44.143,-111.61,0,134.5,1962,-3968,0,13450,-3.4168,8.1852
2.46,2.8191,240.38,-25.077,44.075,-111.44,0,134.5,1959,-3962,0,13450,-3.3869,8.1944
2.48,2.821,240.88,-25.141,44.008,-111.28,0,134.5,1956,-3957,0,13450,-3.3568,8.2035
2.5,2.823,241.37,-25.201,43.941,-111.11,0,134.5,1953,-3951,0,13450,-3.3264,8.212
2.52,2.8249,241.87,-25.259,43.875,-110.95,0,134.5,1950,-3945,0,13450,-3.2959,8.2205
2.54,2.8268,242.37,-25.313,43.809,-110.79,0,134.5,1947,-3939,0,13450,-3.2653,8.2288
2.56,2.8288,242.87,-25.364,43.744,-110.62,0,134.5,1944,-3933,0,13450,-3.2343,8.2365
2.58,2.8307,243.36,-25.412,43.68,-110.46,0,134.5,1941,-3927,0,13450,-3.203,8.2439
2.6,2.8327,243.86,-25.456,43.616,-110.29,0,134.5,1938,-3921,0,13450,-3.1716,8.2513
2.62,2.8346,244.36,-25.498,43.553,-110.13,0,134.5,1936,-3916,0,13450,-3.14,8.2583
2.64,2.8366,244.86,-25.536,43.491,-109.96,0,134.5,1933,-3910,0,13450,-3.108,8.2648
2.66,2.8386,245.36,-25.571,43.429,-109.8,0,134.5,1930,-3904,0,13450,-3.0758,8.2709
2.68,2.8406,245.86,-25.602,43.367,-109.63,0,134.5,1927,-3898,0,13450,-3.0434,8.2769
2.7,2.8426,246.35,-25.63,43.307,-109.46,0,134.5,1925,-3892,0,13450,-3.0107,8.2826
2.72,2.8446,246.85,-25.655,43.247,-109.3,0,134.5,1922,-3886,0,13450,-2.9777,8.2878
2.74,2.8466,247.35,-25.676,43.188,-109.13,0,134.5,1919,-3880,0,13450,-2.9444,8.2926
2.76,2.8486,247.85,-25.694,43.129,-108.97,0,134.5,1917,-3874,0,13450,-2.9107,8.297
2.78,2.8507,248.35,-25.708,43.071,-108.8,0,134.5,1914,-3868,0,13450,-2.8768,8.301
2.8,2.8527,248.85,-25.718,43.014,-108.63,0,134.5,1912,-3863,0,13450,-2.8426,8.3046
2.82,2.8547,249.35,-25.725,42.958,-108.47,0,134.5,1909,-3857,0,13450,-2.808,8.3078
2.84,2.8568,249.85,-25.729,42.902,-108.3,0,134.5,1907,-3851,0,13450,-2.7731,8.3107
2.86,2.8589,250.35,-25.729,42.847,-108.14,0,134.5,1904,-3845,0,13450,-2.7379,8.3131
2.88,2.861,250.85,-25.725,42.792,-107.97,0,134.5,1902,-3839,0,13450,-2.7023,8.3149
2.9,2.863,251.35,-25.717,42.739,-107.8,0,134.5,1899,-3833,0,13450,-2.6663,8.3163
2.92,2.8651,251.85,-25.705,42.686,-107.64,0,134.5,1897,-3827,0,13450,-2.6299,8.3173
2.94,2.8672,252.35,-25.69,42.633,-107.47,0,134.5,1895,-3821,0,13450,-2.5932,8.3177
2.96,2.8694,252.85,-25.671,42.582,-107.3,0,134.5,1893,-3815,0,13450,-2.556,8.3176
2.98,2.8715,253.35,-25.648,42.531,-107.14,0,134.5,1890,-3809,0,13450,-2.5185,8.317
3,2.8736,253.85,-25.621,42.481,-106.97,0,134.5,1888,-3803,0,13450,-2.4805,8.3159
3.02,2.8758,254.35,-25.59,42.432,-106.81,0,134.5,1886,-3798,0,13450,-2.4421,8.3142
3.04,2.8779,254.85,-25.555,42.384,-106.64,0,134.5,1884,-3792,0,13450,-2.4032,8.3118
3.06,2.8801,255.35,-25.516,42.336,-106.47,0,134.5,1882,-3786,0,13450,-2.3638,8.3089
3.08,2.8823,255.85,-25.473,42.289,-106.31,0,134.5,1880,-3780,0,13450,-2.324,8.3053
3.1,2.8844,256.34,-25.425,42.243,-106.14,0,134.5,1877,-3774,0,13450,-2.2837,8.301
3.12,2.8866,256.84,-25.374,42.198,-105.97,0,134.5,1875,-3768,0,13450,-2.2429,8.2963
3.14,2.8888,257.34,-25.318,42.153,-105.81,0,134.5,1873,-3762,0,13450,-2.2016,8.2909
3.16,2.8911,257.83,-25.258,42.11,-105.64,0,134.5,1872,-3756,0,13450,-2.1597,8.2845
3.18,2.8933,258.33,-25.194,42.067,-105.48,0,134.5,1870,-3750,0,13450,-2.1172,8.2774
3.2,2.8955,258.82,-25.125,42.025,-105.31,0,134.5,1868,-3744,0,13450,-2.0743,8.2698
3.22,2.8978,259.32,-25.052,41.984,-105.15,0,134.5,1866,-3739,0,13450,-2.0308,8.2615
3.24,2.9001,259.81,-24.975,41.944,-104.98,0,134.5,1864,-3733,0,13450,-1.9866,8.2519
3.26,2.9023,260.31,-24.893,41.904,-104.82,0,134.5,1862,-3727,0,13450,-1.9419,8.2419
3.28,2.9046,260.8,-24.806,41.866,-104.65,0,134.5,1861,-3721,0,13450,-1.8965,8.231
3.3,2.9069,261.29,-24.715,41.829,-104.49,0,134.5,1859,-3715,0,13450,-1.8504,8.219
3.32,2.9093,261.78,-24.62,41.792,-104.32,0,134.5,1857,-3709,0,13450,-1.8038,8.2062
3.34,2.9116,262.27,-24.519,41.756,-104.16,0,134.5,1856,-3703,0,13450,-1.7564,8.1924
3.36,2.9139,262.76,-24.414,41.722,-104,0,134.5,1854,-3698,0,13450,-1.7083,8.1777
3.38,2.9163,263.25,-24.304,41.688,-103.83,0,134.5,1853,-3692,0,13450,-1.6595,8.162
3.4,2.9187,263.73,-24.189,41.655,-103.67,0,134.5,1851,-3686,0,13450,-1.61,8.1452
3.42,2.921,264.22,-24.069,41.624,-103.51,0,134.5,1850,-3680,0,13450,-1.5597,8.1273
3.44,2.9234,264.7,-23.945,41.593,-103.34,0,134.5,1849,-3674,0,13450,-1.5086,8.1082
3.46,2.9259,265.19,-23.815,41.563,-103.18,0,134.5,1847,-3669,0,13450,-1.4567,8.0881
3.48,2.9283,265.67,-23.68,41.535,-103.02,0,134.5,1846,-3663,0,13450,-1.404,8.0667
3.5,2.9307,266.15,-23.54,41.507,-102.86,0,134.5,1845,-3657,0,13450,-1.3505,8.044
3.52,2.9332,266.63,-23.395,41.481,-102.7,0,134.5,1844,-3652,0,13450,-1.2961,8.0202
3.54,2.9356,267.1,-23.245,41.455,-102.54,0,134.5,1842,-3646,0,13450,-1.2408,7.995
3.56,2.9381,267.58,-23.09,41.431,-102.38,0,134.5,1841,-3640,0,13450,-1.1845,7.9682
3.58,2.9406,268.05,-22.929,41.408,-102.22,0,134.5,1840,-3634,0,13450,-1.1274,7.9402
3.6,2.9431,268.52,-22.763,41.386,-102.06,0,134.5,1839,-3629,0,13450,-1.0693,7.9107
3.62,2.9457,268.99,-22.591,41.365,-101.9,0,134.5,1838,-3623,0,13450,-1.0102,7.8797
3.64,2.9482,269.46,-22.414,41.346,-101.75,0,134.5,1838,-3618,0,13450,-0.95004,7.8469
3.66,2.9508,269.93,-22.231,41.327,-101.59,0,134.5,1837,-3612,0,13450,-0.88889,7.8126
3.68,2.9534,270.39,-22.043,41.31,-101.43,0,134.5,1836,-3607,0,13450,-0.82668,7.7766
3.7,2.956,270.85,-21.849,41.294,-101.28,0,134.5,1835,-3601,0,13450,-0.76338,7.7388
3.72,2.9586,271.31,-21.649,41.279,-101.12,0,134.5,1835,-3596,0,13450,-0.69897,7.6992
3.74,2.9612,271.77,-21.444,41.266,-100.97,0,134.5,1834,-3590,0,13450,-0.63341,7.6577
3.76,2.9638,272.22,-21.233,41.254,-100.82,0,134.5,1834,-3585,0,13450,-0.56669,7.6143
3.78,2.9665,272.67,-21.016,41.243,-100.67,0,134.5,1833,-3579,0,13450,-0.49878,7.5688
3.8,2.9692,273.12,-20.793,41.234,-100.51,0,134.5,1833,-3574,0,13450,-0.42965,7.5212
3.82,2.9719,273.56,-20.564,41.226,-100.37,0,134.5,1832,-3569,0,13450,-0.35927,7.4715
3.84,2.9746,274,-20.329,41.22,-100.22,0,134.5,1832,-3563,0,13450,-0.28762,7.4196
3.86,2.9774,274.44,-20.088,41.215,-100.07,0,134.5,1832,-3558,0,13450,-0.21467,7.3654
3.88,2.9801,274.87,-19.841,41.211,-99.922,0,134.5,1832,-3553,0,13450,-0.14039,7.3087
3.9,2.9829,275.31,-19.588,41.209,-99.776,0,134.5,1832,-3548,0,13450,-0.064766,7.2494
3.92,2.9857,275.73,-19.328,41.209,-99.632,0,134.5,1831,-3542,0,13450,0.012234,7.1878
3.94,2.9885,276.16,-19.062,41.21,-99.488,0,134.5,1832,-3537,0,13450,0.090631,7.1235
3.96,2.9913,276.58,-18.79,41.212,-99.347,0,134.5,1832,-3532,0,13450,0.17045,7.0564
3.98,2.9942,276.99,-18.512,41.216,-99.206,0,134.5,1832,-3527,0,13450,0.25172,6.9865
4,2.9971,277.4,-18.227,41.222,-99.067,0,134.5,1832,-3522,0,13450,0.33445,6.9137
4.02,2.9999,277.81,-17.936,41.23,-98.93,0,134.5,1832,-3517,0,13450,0.41866,6.8378
4.04,3.0029,278.21,-17.638,41.239,-98.794,0,134.5,1833,-3513,0,13450,0.50438,6.7589
4.06,3.0058,278.61,-17.334,41.25,-98.659,0,134.5,1833,-3508,0,13450,0.59161,6.6769
4.08,3.0087,279,-17.024,41.263,-98.527,0,134.5,1834,-3503,0,13450,0.68037,6.5914
4.1,3.0117,279.39,-16.707,41.277,-98.396,0,134.5,1835,-3499,0,13450,0.77068,6.5027
4.12,3.0147,279.77,-16.383,41.294,-98.266,0,134.5,1835,-3494,0,13450,0.86253,6.4105
4.14,3.0177,280.14,-16.053,41.312,-98.139,0,134.5,1836,-3489,0,13450,0.95593,6.3146
4.16,3.0208,280.51,-15.716,41.332,-98.014,0,134.5,1837,-3485,0,13450,1.0509,6.2151
4.18,3.0238,280.88,-15.373,41.354,-97.891,0,134.5,1838,-3481,0,13450,1.1474,6.1119
4.2,3.0269,281.23,-15.023,41.378,-97.769,0,134.5,1839,-3476,0,13450,1.2455,6.0048
4.22,3.03,281.58,-14.666,41.404,-97.65,0,134.5,1840,-3472,0,13450,1.3451,5.8937
4.24,3.0331,281.93,-14.303,41.432,-97.534,0,134.5,1841,-3468,0,13450,1.4462,5.7787
4.26,3.0363,282.26,-13.934,41.461,-97.419,0,134.5,1843,-3464,0,13450,1.5488,5.6594
4.28,3.0394,282.59,-13.558,41.493,-97.307,0,134.5,1844,-3460,0,13450,1.6529,5.5361
4.3,3.0426,282.92,-13.176,41.528,-97.198,0,134.5,1846,-3456,0,13450,1.7584,5.4084
4.32,3.0458,283.23,-12.787,41.564,-97.091,0,134.5,1847,-3452,0,13450,1.8654,5.2764
4.34,3.0491,283.54,-12.392,41.602,-96.987,0,134.5,1849,-3448,0,13450,1.9736,5.1401
4.36,3.0523,283.84,-11.991,41.643,-96.885,0,134.5,1851,-3445,0,13450,2.0832,4.9992
4.38,3.0556,284.13,-11.583,41.686,-96.787,0,134.5,1853,-3441,0,13450,2.194,4.8539
4.4,3.0589,284.41,-11.17,41.731,-96.691,0,134.5,1855,-3438,0,13450,2.3059,4.704
4.42,3.0622,284.68,-10.75,41.778,-96.599,0,134.5,1857,-3435,0,13450,2.4189,4.5497
4.44,3.0655,284.94,-10.325,41.827,-96.509,0,134.5,1859,-3431,0,13450,2.5329,4.3907
4.46,3.0689,285.19,-9.8937,41.879,-96.423,0,134.5,1861,-3428,0,13450,2.6478,4.2272
4.48,3.0722,285.44,-9.457,41.933,-96.34,0,134.5,1864,-3425,0,13450,2.7635,4.0592
4.5,3.0756,285.67,-9.0148,41.99,-96.261,0,134.5,1866,-3423,0,13450,2.8798,3.8867
4.52,3.079,285.89,-8.5673,42.048,-96.185,0,134.5,1869,-3420,0,13450,2.9966,3.7098
4.54,3.0824,286.11,-8.1147,42.109,-96.112,0,134.5,1872,-3417,0,13450,3.1139,3.5285
4.56,3.0859,286.31,-7.6573,42.173,-96.043,0,134.5,1874,-3415,0,13450,3.2313,3.3429
4.58,3.0893,286.5,-7.1951,42.239,-95.978,0,134.5,1877,-3413,0,13450,3.3489,3.1532
4.6,3.0928,286.68,-6.7283,42.307,-95.917,0,134.5,1880,-3410,0,13450,3.4664,2.9594
4.62,3.0963,286.85,-6.2574,42.377,-95.86,0,134.5,1883,-3408,0,13450,3.5836,2.7617
4.64,3.0998,287,-5.7824,42.45,-95.807,0,134.5,1887,-3406,0,13450,3.7005,2.5603
4.66,3.1033,287.15,-5.3037,42.525,-95.758,0,134.5,1890,-3405,0,13450,3.8167,2.3554
4.68,3.1068,287.28,-4.8214,42.603,-95.713,0,134.5,1893,-3403,0,13450,3.9321,2.1472
4.7,3.1104,287.4,-4.336,42.683,-95.672,0,134.5,1897,-3402,0,13450,4.0465,1.9359
4.72,3.1139,287.51,-3.8477,42.765,-95.635,0,134.5,1901,-3400,0,13450,4.1597,1.7218
4.74,3.1175,287.6,-3.3567,42.849,-95.603,0,134.5,1904,-3399,0,13450,4.2715,1.5052
4.76,3.121,287.68,-2.8635,42.936,-95.575,0,134.5,1908,-3398,0,13450,4.3818,1.2863
4.78,3.1246,287.75,-2.3683,43.024,-95.551,0,134.5,1912,-3397,0,13450,4.4902,1.0654
4.8,3.1282,287.81,-1.8714,43.115,-95.532,0,134.5,1916,-3397,0,13450,4.5966,0.84292
4.82,3.1317,287.85,-1.3733,43.208,-95.518,0,134.5,1920,-3396,0,13450,4.7009,0.61912
4.84,3.1353,287.88,-0.87416,43.303,-95.508,0,134.5,1925,-3396,0,13450,4.8028,0.39436
4.86,3.1389,287.9,-0.37445,43.4,-95.502,0,134.5,1929,-3396,0,13450,4.9022,0.16899
4.88,3.1425,287.9,0.12553,43.499,-95.501,0,134.5,1933,-3396,0,13450,4.9989,-0.056655
4.9,3.1461,287.89,0.62542,43.6,-95.504,0,134.5,1938,-3396,0,13450,5.0927,-0.28221
4.92,3.1497,287.87,1.1249,43.703,-95.512,0,134.5,1942,-3396,0,13450,5.1835,-0.50732
4.94,3.1532,287.83,1.6235,43.808,-95.525,0,134.5,1947,-3396,0,13450,5.2711,-0.73164
4.96,3.1568,287.78,2.1211,43.914,-95.541,0,134.5,1952,-3397,0,13450,5.3555,-0.95482
4.98,3.1604,287.72,2.6171,44.022,-95.563,0,134.5,1957,-3398,0,13450,5.4365,-1.1765
5,3.164,287.64,3.1114,44.131,-95.588,0,134.5,1961,-3399,0,13450,5.5141,-1.3964
5.02,3.1675,287.55,3.6035,44.242,-95.619,0,134.5,1966,-3400,0,13450,5.5881,-1.6143
5.04,3.1711,287.45,4.0932,44.355,-95.653,0,134.5,1971,-3401,0,13450,5.6585,-1.8297
5.06,3.1746,287.34,4.5801,44.469,-95.692,0,134.5,1976,-3402,0,13450,5.7253,-2.0424
5.08,3.1781,287.21,5.064,44.584,-95.735,0,134.5,1982,-3404,0,13450,5.7884,-2.2521
5.1,3.1817,287.08,5.5445,44.7,-95.782,0,134.5,1987,-3406,0,13450,5.8479,-2.4587
5.12,3.1852,286.93,6.0214,44.818,-95.833,0,134.5,1992,-3407,0,13450,5.9036,-2.6619
5.14,3.1886,286.76,6.4944,44.936,-95.888,0,134.5,1997,-3409,0,13450,5.9556,-2.8614
5.16,3.1921,286.59,6.9632,45.056,-95.948,0,134.5,2002,-3411,0,13450,6.004,-3.0572
5.18,3.1956,286.4,7.4277,45.177,-96.011,0,134.5,2008,-3414,0,13450,6.0487,-3.2489
5.2,3.199,286.21,7.8876,45.298,-96.078,0,134.5,2013,-3416,0,13450,6.0898,-3.4366
5.22,3.2025,286,8.3426,45.42,-96.148,0,134.5,2019,-3419,0,13450,6.1274,-3.6201
5.24,3.2059,285.78,8.7926,45.543,-96.222,0,134.5,2024,-3421,0,13450,6.1616,-3.7992
5.26,3.2093,285.56,9.2375,45.667,-96.3,0,134.5,2030,-3424,0,13450,6.1923,-3.9739
5.28,3.2127,285.32,9.6769,45.791,-96.381,0,134.5,2035,-3427,0,13450,6.2198,-4.1442
5.3,3.216,285.07,10.111,45.915,-96.466,0,134.5,2041,-3430,0,13450,6.244,-4.3099
5.32,3.2194,284.81,10.539,46.041,-96.554,0,134.5,2046,-3433,0,13450,6.265,-4.4711
5.34,3.2227,284.54,10.962,46.166,-96.645,0,134.5,2052,-3436,0,13450,6.2831,-4.6278
5.36,3.226,284.27,11.378,46.292,-96.739,0,134.5,2057,-3440,0,13450,6.2981,-4.7799
5.38,3.2293,283.98,11.789,46.418,-96.836,0,134.5,2063,-3443,0,13450,6.3102,-4.9274
5.4,3.2325,283.69,12.193,46.544,-96.936,0,134.5,2069,-3447,0,13450,6.3197,-5.0705
5.42,3.2357,283.38,12.591,46.671,-97.039,0,134.5,2074,-3450,0,13450,6.3265,-5.2091
5.44,3.239,283.07,12.983,46.797,-97.144,0,134.5,2080,-3454,0,13450,6.3308,-5.3433
5.46,3.2422,282.76,13.369,46.924,-97.252,0,134.5,2086,-3458,0,13450,6.3325,-5.4731
5.48,3.2453,282.43,13.748,47.051,-97.363,0,134.5,2091,-3462,0,13450,6.3319,-5.5986
5.5,3.2485,282.1,14.12,47.177,-97.476,0,134.5,2097,-3466,0,13450,6.3291,-5.7198
5.52,3.2516,281.76,14.486,47.304,-97.592,0,134.5,2102,-3470,0,13450,6.3241,-5.8369
5.54,3.2547,281.41,14.846,47.43,-97.71,0,134.5,2108,-3474,0,13450,6.317,-5.95
5.56,3.2578,281.05,15.199,47.556,-97.83,0,134.5,2114,-3478,0,13450,6.308,-6.059
5.58,3.2609,280.69,15.546,47.683,-97.952,0,134.5,2119,-3483,0,13450,6.2971,-6.1642
5.6,3.2639,280.33,15.886,47.808,-98.077,0,134.5,2125,-3487,0,13450,6.2844,-6.2656
5.62,3.267,279.95,16.219,47.934,-98.203,0,134.5,2130,-3492,0,13450,6.2701,-6.3633
5.64,3.27,279.58,16.546,48.059,-98.331,0,134.5,2136,-3496,0,13450,6.254,-6.4572
5.66,3.273,279.19,16.867,48.184,-98.461,0,134.5,2142,-3501,0,13450,6.2363,-6.5476
5.68,3.2759,278.8,17.18,48.309,-98.593,0,134.5,2147,-3506,0,13450,6.2174,-6.6348
5.7,3.2789,278.41,17.488,48.433,-98.727,0,134.5,2153,-3510,0,13450,6.197,-6.7185
5.72,3.2818,278.01,17.789,48.556,-98.862,0,134.5,2158,-3515,0,13450,6.1752,-6.7989
5.74,3.2847,277.61,18.083,48.68,-98.998,0,134.5,2164,-3520,0,13450,6.1522,-6.8763
5.76,3.2876,277.2,18.371,48.803,-99.137,0,134.5,2169,-3525,0,13450,6.1281,-6.9506
5.78,3.2904,276.78,18.653,48.925,-99.276,0,134.5,2174,-3530,0,13450,6.1028,-7.0219
5.8,3.2933,276.37,18.928,49.047,-99.418,0,134.5,2180,-3535,0,13450,6.0764,-7.0904
5.82,3.2961,275.94,19.197,49.168,-99.56,0,134.5,2185,-3540,0,13450,6.0491,-7.1561
5.84,3.2989,275.52,19.459,49.289,-99.704,0,134.5,2191,-3545,0,13450,6.0207,-7.2191
5.86,3.3017,275.09,19.716,49.409,-99.849,0,134.5,2196,-3550,0,13450,5.9915,-7.2795
5.88,3.3045,274.66,19.966,49.528,-99.995,0,134.5,2201,-3555,0,13450,5.9615,-7.3375
5.9,3.3072,274.22,20.21,49.647,-100.14,0,134.5,2207,-3561,0,13450,5.9305,-7.3928
5.92,3.3099,273.78,20.448,49.766,-100.29,0,134.5,2212,-3566,0,13450,5.8989,-7.4459
5.94,3.3126,273.34,20.68,49.883,-100.44,0,134.5,2217,-3571,0,13450,5.8666,-7.4968
5.96,3.3153,272.89,20.906,50,-100.59,0,134.5,2222,-3577,0,13450,5.8336,-7.5454
5.98,3.318,272.44,21.126,50.117,-100.74,0,134.5,2227,-3582,0,13450,5.7999,-7.5919
6,3.3207,271.99,21.34,50.232,-100.89,0,134.5,2233,-3587,0,13450,5.7656,-7.6364
6.02,3.3233,271.54,21.548,50.347,-101.05,0,134.5,2238,-3593,0,13450,5.7308,-7.6788
6.04,3.3259,271.08,21.75,50.461,-101.2,0,134.5,2243,-3598,0,13450,5.6954,-7.7193
6.06,3.3285,270.62,21.947,50.575,-101.36,0,134.5,2248,-3604,0,13450,5.6595,-7.758
6.08,3.3311,270.16,22.138,50.688,-101.51,0,134.5,2253,-3609,0,13450,5.6231,-7.7949
6.1,3.3337,269.69,22.324,50.8,-101.67,0,134.5,2258,-3615,0,13450,5.5863,-7.83
6.12,3.3362,269.23,22.503,50.911,-101.82,0,134.5,2263,-3620,0,13450,5.5491,-7.8635
6.14,3.3388,268.76,22.678,51.022,-101.98,0,134.5,2268,-3626,0,13450,5.5115,-7.8954
6.16,3.3413,268.29,22.847,51.132,-102.14,0,134.5,2273,-3632,0,13450,5.4735,-7.9258
6.18,3.3438,267.82,23.01,51.241,-102.3,0,134.5,2277,-3637,0,13450,5.435,-7.9545
6.2,3.3463,267.34,23.168,51.349,-102.46,0,134.5,2282,-3643,0,13450,5.3962,-7.9817
6.22,3.3488,266.86,23.321,51.457,-102.62,0,134.5,2287,-3649,0,13450,5.3573,-8.0078
6.24,3.3512,266.39,23.469,51.563,-102.78,0,134.5,2292,-3654,0,13450,5.318,-8.0324
6.26,3.3537,265.91,23.611,51.669,-102.94,0,134.5,2296,-3660,0,13450,5.2784,-8.0556
6.28,3.3561,265.43,23.748,51.775,-103.1,0,134.5,2301,-3666,0,13450,5.2385,-8.0776
6.3,3.3585,264.94,23.881,51.879,-103.26,0,134.5,2306,-3672,0,13450,5.1984,-8.0984
6.32,3.3609,264.46,24.008,51.982,-103.43,0,134.5,2310,-3677,0,13450,5.158,-8.1179
6.34,3.3633,263.98,24.13,52.085,-103.59,0,134.5,2315,-3683,0,13450,5.1175,-8.1364
6.36,3.3657,263.49,24.247,52.187,-103.75,0,134.5,2319,-3689,0,13450,5.0767,-8.1537
6.38,3.3681,263,24.36,52.288,-103.91,0,134.5,2324,-3695,0,13450,5.0357,-8.17
6.4,3.3704,262.51,24.467,52.389,-104.08,0,134.5,2328,-3701,0,13450,4.9946,-8.1853
6.42,3.3728,262.03,24.57,52.488,-104.24,0,134.5,2333,-3706,0,13450,4.9532,-8.1995
6.44,3.3751,261.54,24.668,52.587,-104.41,0,134.5,2337,-3712,0,13450,4.9118,-8.2128
6.46,3.3774,261.04,24.762,52.685,-104.57,0,134.5,2342,-3718,0,13450,4.8701,-8.2251
6.48,3.3797,260.55,24.85,52.782,-104.73,0,134.5,2346,-3724,0,13450,4.8283,-8.2365
6.5,3.382,260.06,24.935,52.878,-104.9,0,134.5,2350,-3730,0,13450,4.7864,-8.2471
6.52,3.3843,259.57,25.014,52.973,-105.06,0,134.5,2354,-3736,0,13450,4.7443,-8.2567
6.54,3.3865,259.07,25.09,53.067,-105.23,0,134.5,2359,-3742,0,13450,4.7022,-8.2657
6.56,3.3888,258.58,25.16,53.161,-105.4,0,134.5,2363,-3747,0,13450,4.6599,-8.2739
6.58,3.391,258.08,25.227,53.254,-105.56,0,134.5,2367,-3753,0,13450,4.6174,-8.2811
6.6,3.3932,257.58,25.289,53.346,-105.73,0,134.5,2371,-3759,0,13450,4.5749,-8.2876
6.62,3.3954,257.09,25.347,53.437,-105.89,0,134.5,2375,-3765,0,13450,4.5324,-8.2936
6.64,3.3977,256.59,25.4,53.527,-106.06,0,134.5,2379,-3771,0,13450,4.4897,-8.2989
6.66,3.3998,256.09,25.45,53.616,-106.22,0,134.5,2383,-3777,0,13450,4.4469,-8.3033
6.68,3.402,255.6,25.495,53.705,-106.39,0,134.5,2387,-3783,0,13450,4.4039,-8.3071
6.7,3.4042,255.1,25.536,53.793,-106.56,0,134.5,2391,-3789,0,13450,4.361,-8.3103
6.72,3.4064,254.6,25.573,53.879,-106.72,0,134.5,2395,-3795,0,13450,4.318,-8.313
6.74,3.4085,254.1,25.606,53.965,-106.89,0,134.5,2398,-3800,0,13450,4.275,-8.315
6.76,3.4106,253.6,25.635,54.05,-107.06,0,134.5,2402,-3806,0,13450,4.2318,-8.3165
6.78,3.4128,253.1,25.66,54.135,-107.22,0,134.5,2406,-3812,0,13450,4.1886,-8.3174
6.8,3.4149,252.6,25.681,54.218,-107.39,0,134.5,2410,-3818,0,13450,4.1453,-8.3177
6.82,3.417,252.1,25.698,54.3,-107.55,0,134.5,2413,-3824,0,13450,4.102,-8.3176
6.84,3.4191,251.6,25.712,54.382,-107.72,0,134.5,2417,-3830,0,13450,4.0585,-8.3169
6.86,3.4212,251.1,25.721,54.463,-107.89,0,134.5,2421,-3836,0,13450,4.0151,-8.3157
6.88,3.4233,250.6,25.727,54.543,-108.05,0,134.5,2424,-3842,0,13450,3.9716,-8.314
6.9,3.4254,250.1,25.729,54.622,-108.22,0,134.5,2428,-3848,0,13450,3.928,-8.3119
6.92,3.4274,249.6,25.728,54.7,-108.39,0,134.5,2431,-3854,0,13450,3.8844,-8.3093
6.94,3.4295,249.1,25.722,54.777,-108.55,0,134.5,2435,-3860,0,13450,3.8408,-8.3063
6.96,3.4315,248.6,25.714,54.853,-108.72,0,134.5,2438,-3866,0,13450,3.7971,-8.3029
6.98,3.4335,248.1,25.701,54.929,-108.88,0,134.5,2441,-3871,0,13450,3.7534,-8.2991
7,3.4356,247.6,25.685,55.004,-109.05,0,134.5,2445,-3877,0,13450,3.7096,-8.2949
7.02,3.4376,247.1,25.666,55.077,-109.22,0,134.5,2448,-3883,0,13450,3.6658,-8.2902
7.04,3.4396,246.6,25.643,55.15,-109.38,0,134.5,2451,-3889,0,13450,3.6218,-8.2851
7.06,3.4416,246.1,25.617,55.222,-109.55,0,134.5,2454,-3895,0,13450,3.5779,-8.2797
7.08,3.4436,245.6,25.587,55.293,-109.71,0,134.5,2457,-3901,0,13450,3.534,-8.274
7.1,3.4456,245.11,25.554,55.363,-109.88,0,134.5,2461,-3907,0,13450,3.4901,-8.2681
7.12,3.4476,244.61,25.517,55.433,-110.04,0,134.5,2464,-3913,0,13450,3.446,-8.2616
7.14,3.4495,244.11,25.478,55.501,-110.21,0,134.5,2467,-3919,0,13450,3.4019,-8.2547
7.16,3.4515,243.61,25.434,55.569,-110.37,0,134.5,2470,-3924,0,13450,3.3578,-8.2476
7.18,3.4534,243.11,25.388,55.636,-110.54,0,134.5,2473,-3930,0,13450,3.3138,-8.2404
7.2,3.4554,242.62,25.339,55.701,-110.7,0,134.5,2476,-3936,0,13450,3.2696,-8.2326
7.22,3.4573,242.12,25.286,55.766,-110.87,0,134.5,2479,-3942,0,13450,3.2253,-8.2245
7.24,3.4593,241.62,25.23,55.83,-111.03,0,134.5,2481,-3948,0,13450,3.1811,-8.2164
7.26,3.4612,241.12,25.171,55.894,-111.2,0,134.5,2484,-3954,0,13450,3.1368,-8.2078
7.28,3.4631,240.63,25.109,55.956,-111.36,0,134.5,2487,-3959,0,13450,3.0924,-8.1989
7.3,3.465,240.13,25.044,56.017,-111.52,0,134.5,2490,-3965,0,13450,3.0481,-8.1899
7.32,3.4669,239.64,24.976,56.078,-111.69,0,134.5,2492,-3971,0,13450,3.0037,-8.1805
7.34,3.4688,239.14,24.905,56.138,-111.85,0,134.5,2495,-3977,0,13450,2.9592,-8.1708
7.36,3.4707,238.65,24.83,56.196,-112.02,0,134.5,2498,-3983,0,13450,2.9148,-8.1611
7.38,3.4726,238.15,24.753,56.254,-112.18,0,134.5,2500,-3989,0,13450,2.8703,-8.1509
7.4,3.4745,237.66,24.673,56.311,-112.34,0,134.5,2503,-3994,0,13450,2.8257,-8.1406
7.42,3.4763,237.17,24.59,56.367,-112.5,0,134.5,2505,-4000,0,13450,2.7811,-8.13
7.44,3.4782,236.68,24.504,56.422,-112.67,0,134.5,2508,-4006,0,13450,2.7364,-8.1191
7.46,3.48,236.18,24.415,56.477,-112.83,0,134.5,2510,-4012,0,13450,2.6918,-8.1082
7.48,3.4819,235.69,24.324,56.53,-112.99,0,134.5,2512,-4017,0,13450,2.6471,-8.0969
7.5,3.4837,235.2,24.23,56.582,-113.15,0,134.5,2515,-4023,0,13450,2.6023,-8.0855
7.52,3.4856,234.71,24.132,56.634,-113.31,0,134.5,2517,-4029,0,13450,2.5575,-8.0738
7.54,3.4874,234.22,24.032,56.685,-113.48,0,134.5,2519,-4035,0,13450,2.5126,-8.062
7.56,3.4892,233.73,23.93,56.735,-113.64,0,134.5,2522,-4040,0,13450,2.4677,-8.0499
7.58,3.4911,233.24,23.824,56.783,-113.8,0,134.5,2524,-4046,0,13450,2.4228,-8.0376
7.6,3.4929,232.75,23.716,56.831,-113.96,0,134.5,2526,-4052,0,13450,2.3778,-8.0253
7.62,3.4947,232.27,23.606,56.879,-114.12,0,134.5,2528,-4058,0,13450,2.3328,-8.0126
7.64,3.4965,231.78,23.492,56.925,-114.28,0,134.5,2530,-4063,0,13450,2.2877,-7.9998
7.66,3.4983,231.29,23.376,56.97,-114.44,0,134.5,2532,-4069,0,13450,2.2425,-7.9868
7.68,3.5001,230.81,23.258,57.015,-114.6,0,134.5,2534,-4075,0,13450,2.1973,-7.9736
7.7,3.5018,230.32,23.137,57.058,-114.76,0,134.5,2536,-4080,0,13450,2.1521,-7.9604
7.72,3.5036,229.84,23.013,57.101,-114.92,0,134.5,2538,-4086,0,13450,2.1068,-7.9468
7.74,3.5054,229.35,22.887,57.142,-115.08,0,134.5,2540,-4092,0,13450,2.0615,-7.9332
7.76,3.5072,228.87,22.758,57.183,-115.23,0,134.5,2541,-4097,0,13450,2.0161,-7.9194
7.78,3.5089,228.39,22.626,57.223,-115.39,0,134.5,2543,-4103,0,13450,1.9706,-7.9053
7.8,3.5107,227.91,22.493,57.262,-115.55,0,134.5,2545,-4108,0,13450,1.9252,-7.8913
7.82,3.5124,227.43,22.356,57.3,-115.71,0,134.5,2547,-4114,0,13450,1.8796,-7.8769
7.84,3.5142,226.94,22.218,57.337,-115.87,0,134.5,2548,-4120,0,13450,1.834,-7.8624
7.86,3.5159,226.47,22.077,57.373,-116.02,0,134.5,2550,-4125,0,13450,1.7884,-7.848
7.88,3.5177,225.99,21.933,57.409,-116.18,0,134.5,2551,-4131,0,13450,1.7426,-7.8332
7.9,3.5194,225.51,21.788,57.443,-116.34,0,134.5,2553,-4136,0,13450,1.6968,-7.8181
7.92,3.5211,225.03,21.639,57.476,-116.49,0,134.5,2555,-4142,0,13450,1.651,-7.8033
7.94,3.5229,224.55,21.489,57.509,-116.65,0,134.5,2556,-4147,0,13450,1.6051,-7.7881
7.96,3.5246,224.08,21.336,57.541,-116.8,0,134.5,2557,-4153,0,13450,1.5591,-7.7727
7.98,3.5263,223.6,21.181,57.571,-116.96,0,134.5,2559,-4159,0,13450,1.5131,-7.7573
8,3.528,223.13,21.023,57.601,-117.11,0,134.5,2560,-4164,0,13450,1.467,-7.7418
8.02,3.5297,222.65,20.864,57.63,-117.27,0,134.5,2561,-4170,0,13450,1.4208,-7.726
8.04,3.5314,222.18,20.702,57.658,-117.42,0,134.5,2563,-4175,0,13450,1.3746,-7.7101
8.06,3.5331,221.71,20.537,57.685,-117.58,0,134.5,2564,-4181,0,13450,1.3283,-7.6942
8.08,3.5348,221.24,20.371,57.711,-117.73,0,134.5,2565,-4186,0,13450,1.282,-7.6782
8.1,3.5365,220.77,20.202,57.736,-117.88,0,134.5,2566,-4191,0,13450,1.2356,-7.6619
8.12,3.5382,220.3,20.032,57.761,-118.04,0,134.5,2567,-4197,0,13450,1.1891,-7.6454
8.14,3.5399,219.83,19.859,57.784,-118.19,0,134.5,2568,-4202,0,13450,1.1425,-7.629
8.16,3.5415,219.36,19.684,57.806,-118.34,0,134.5,2569,-4208,0,13450,1.0959,-7.6124
8.18,3.5432,218.89,19.506,57.828,-118.49,0,134.5,2570,-4213,0,13450,1.0492,-7.5958
8.2,3.5449,218.42,19.327,57.848,-118.65,0,134.5,2571,-4219,0,13450,1.0024,-7.5789
8.22,3.5465,217.96,19.145,57.868,-118.8,0,134.5,2572,-4224,0,13450,0.95556,-7.5618
8.24,3.5482,217.49,18.962,57.886,-118.95,0,134.5,2573,-4229,0,13450,0.90864,-7.5448
8.26,3.5499,217.03,18.776,57.904,-119.1,0,134.5,2574,-4235,0,13450,0.86166,-7.5276
8.28,3.5515,216.57,18.589,57.921,-119.25,0,134.5,2574,-4240,0,13450,0.81459,-7.5103
8.3,3.5532,216.1,18.399,57.937,-119.4,0,134.5,2575,-4245,0,13450,0.76745,-7.4929
8.32,3.5548,215.64,18.207,57.952,-119.55,0,134.5,2576,-4251,0,13450,0.72024,-7.4754
8.34,3.5564,215.18,18.013,57.966,-119.7,0,134.5,2576,-4256,0,13450,0.67293,-7.4577
8.36,3.5581,214.72,17.817,57.979,-119.85,0,134.5,2577,-4261,0,13450,0.62555,-7.4398
8.38,3.5597,214.26,17.62,57.991,-120,0,134.5,2577,-4267,0,13450,0.5781,-7.422
8.4,3.5613,213.8,17.42,58.002,-120.14,0,134.5,2578,-4272,0,13450,0.53057,-7.404
8.42,3.563,213.35,17.218,58.012,-120.29,0,134.5,2578,-4277,0,13450,0.48296,-7.3859
8.44,3.5646,212.89,17.015,58.021,-120.44,0,134.5,2579,-4282,0,13450,0.43526,-7.3677
8.46,3.5662,212.43,16.809,58.029,-120.59,0,134.5,2579,-4288,0,13450,0.38749,-7.3494
8.48,3.5678,211.98,16.601,58.036,-120.73,0,134.5,2579,-4293,0,13450,0.33963,-7.331
8.5,3.5694,211.52,16.392,58.043,-120.88,0,134.5,2580,-4298,0,13450,0.29169,-7.3124
8.52,3.5711,211.07,16.181,58.048,-121.03,0,134.5,2580,-4303,0,13450,0.24367,-7.2938
8.54,3.5727,210.62,15.968,58.053,-121.17,0,134.5,2580,-4308,0,13450,0.19556,-7.275
8.56,3.5743,210.17,15.753,58.056,-121.32,0,134.5,2580,-4314,0,13450,0.14737,-7.2561
8.58,3.5759,209.72,15.536,58.058,-121.46,0,134.5,2580,-4319,0,13450,0.09909,-7.2371
8.6,3.5775,209.27,15.317,58.06,-121.61,0,134.5,2580,-4324,0,13450,0.050729,-7.218
8.62,3.5791,208.82,15.096,58.06,-121.75,0,134.5,2580,-4329,0,13450,0.0022815,-7.1988
8.64,3.5806,208.37,14.874,58.06,-121.89,0,134.5,2580,-4334,0,13450,-0.046252,-7.1795
8.66,3.5822,207.92,14.65,58.059,-122.04,0,134.5,2580,-4339,0,13450,-0.094873,-7.1601
8.68,3.5838,207.48,14.424,58.056,-122.18,0,134.5,2580,-4344,0,13450,-0.14358,-7.1406
8.7,3.5854,207.03,14.196,58.053,-122.32,0,134.5,2580,-4349,0,13450,-0.19238,-7.121
8.72,3.587,206.59,13.967,58.049,-122.47,0,134.5,2580,-4354,0,13450,-0.24126,-7.1013
8.74,3.5886,206.15,13.735,58.043,-122.61,0,134.5,2580,-4359,0,13450,-0.29023,-7.0815
8.76,3.5901,205.7,13.502,58.037,-122.75,0,134.5,2579,-4364,0,13450,-0.33929,-7.0615
8.78,3.5917,205.26,13.268,58.03,-122.89,0,134.5,2579,-4369,0,13450,-0.38844,-7.0415
8.8,3.5933,204.82,13.031,58.021,-123.03,0,134.5,2579,-4374,0,13450,-0.43768,-7.0213
8.82,3.5948,204.38,12.793,58.012,-123.17,0,134.5,2578,-4379,0,13450,-0.48701,-7.0011
8.84,3.5964,203.94,12.553,58.002,-123.31,0,134.5,2578,-4384,0,13450,-0.53643,-6.9807
8.86,3.598,203.5,12.311,57.991,-123.45,0,134.5,2577,-4389,0,13450,-0.58594,-6.9602
8.88,3.5995,203.07,12.068,57.978,-123.59,0,134.5,2577,-4394,0,13450,-0.63554,-6.9397
8.9,3.6011,202.63,11.823,57.965,-123.73,0,134.5,2576,-4399,0,13450,-0.68523,-6.919
8.92,3.6026,202.2,11.577,57.951,-123.87,0,134.5,2576,-4404,0,13450,-0.73501,-6.8982
8.94,3.6042,201.76,11.328,57.936,-124,0,134.5,2575,-4409,0,13450,-0.78488,-6.8773
8.96,3.6057,201.33,11.078,57.92,-124.14,0,134.5,2574,-4414,0,13450,-0.83484,-6.8563
8.98,3.6073,200.9,10.827,57.902,-124.28,0,134.5,2573,-4419,0,13450,-0.88489,-6.8352
9,3.6088,200.47,10.574,57.884,-124.41,0,134.5,2573,-4424,0,13450,-0.93502,-6.8139
9.02,3.6103,200.04,10.319,57.865,-124.55,0,134.5,2572,-4428,0,13450,-0.98525,-6.7926
9.04,3.6119,199.61,10.063,57.845,-124.69,0,134.5,2571,-4433,0,13450,-1.0356,-6.7711
9.06,3.6134,199.18,9.8048,57.824,-124.82,0,134.5,2570,-4438,0,13450,-1.086,-6.7496
9.08,3.615,198.75,9.5453,57.801,-124.96,0,134.5,2569,-4443,0,13450,-1.1365,-6.7279
9.1,3.6165,198.32,9.2842,57.778,-125.09,0,134.5,2568,-4448,0,13450,-1.1871,-6.7062
9.12,3.618,197.9,9.0215,57.754,-125.22,0,134.5,2567,-4452,0,13450,-1.2378,-6.6843
9.14,3.6195,197.47,8.7574,57.729,-125.36,0,134.5,2566,-4457,0,13450,-1.2885,-6.6623
9.16,3.6211,197.05,8.4916,57.702,-125.49,0,134.5,2565,-4462,0,13450,-1.3394,-6.6402
9.18,3.6226,196.63,8.2244,57.675,-125.62,0,134.5,2563,-4467,0,13450,-1.3904,-6.618
9.2,3.6241,196.21,7.9556,57.647,-125.76,0,134.5,2562,-4471,0,13450,-1.4414,-6.5957
9.22,3.6256,195.79,7.6853,57.617,-125.89,0,134.5,2561,-4476,0,13450,-1.4925,-6.5733
9.24,3.6271,195.37,7.4135,57.587,-126.02,0,134.5,2559,-4481,0,13450,-1.5437,-6.5507
9.26,3.6287,194.95,7.1402,57.556,-126.15,0,134.5,2558,-4485,0,13450,-1.595,-6.528
9.28,3.6302,194.53,6.8654,57.523,-126.28,0,134.5,2557,-4490,0,13450,-1.6464,-6.5052
9.3,3.6317,194.11,6.5891,57.49,-126.41,0,134.5,2555,-4495,0,13450,-1.6979,-6.4824
9.32,3.6332,193.7,6.3114,57.455,-126.54,0,134.5,2554,-4499,0,13450,-1.7495,-6.4594
9.34,3.6347,193.28,6.0322,57.42,-126.67,0,134.5,2552,-4504,0,13450,-1.8011,-6.4363
9.36,3.6362,192.87,5.7515,57.383,-126.8,0,134.5,2550,-4508,0,13450,-1.8528,-6.4131
9.38,3.6377,192.46,5.4694,57.346,-126.92,0,134.5,2549,-4513,0,13450,-1.9047,-6.3897
9.4,3.6392,192.04,5.1859,57.307,-127.05,0,134.5,2547,-4517,0,13450,-1.9565,-6.3662
9.42,3.6407,191.63,4.9009,57.268,-127.18,0,134.5,2545,-4522,0,13450,-2.0085,-6.3426
9.44,3.6422,191.22,4.6145,57.227,-127.31,0,134.5,2543,-4526,0,13450,-2.0606,-6.3189
9.46,3.6437,190.82,4.3267,57.185,-127.43,0,134.5,2542,-4531,0,13450,-2.1127,-6.2951
9.48,3.6452,190.41,4.0375,57.142,-127.56,0,134.5,2540,-4535,0,13450,-2.1649,-6.2712
9.5,3.6467,190,3.7469,57.098,-127.68,0,134.5,2538,-4540,0,13450,-2.2172,-6.2472
9.52,3.6482,189.59,3.4549,57.054,-127.81,0,134.5,2536,-4544,0,13450,-2.2696,-6.223
9.54,3.6497,189.19,3.1615,57.008,-127.93,0,134.5,2534,-4549,0,13450,-2.3221,-6.1987
9.56,3.6511,188.79,2.8667,56.961,-128.06,0,134.5,2532,-4553,0,13450,-2.3746,-6.1742
9.58,3.6526,188.38,2.5706,56.913,-128.18,0,134.5,2529,-4557,0,13450,-2.4272,-6.1497
9.6,3.6541,187.98,2.2731,56.864,-128.3,0,134.5,2527,-4562,0,13450,-2.4799,-6.125
9.62,3.6556,187.58,1.9743,56.814,-128.42,0,134.5,2525,-4566,0,13450,-2.5326,-6.1003
9.64,3.6571,187.18,1.6741,56.762,-128.55,0,134.5,2523,-4571,0,13450,-2.5854,-6.0754
9.66,3.6586,186.78,1.3726,56.71,-128.67,0,134.5,2520,-4575,0,13450,-2.6383,-6.0503
9.68,3.66,186.38,1.0697,56.657,-128.79,0,134.5,2518,-4579,0,13450,-2.6912,-6.0251
9.7,3.6615,185.99,0.76555,56.602,-128.91,0,134.5,2516,-4583,0,13450,-2.7443,-5.9998
9.72,3.663,185.59,0.46005,56.547,-129.03,0,134.5,2513,-4588,0,13450,-2.7974,-5.9744
9.74,3.6645,185.2,0.15324,56.491,-129.15,0,134.5,2511,-4592,0,13450,-2.8505,-5.9489
9.76,3.6659,184.8,-0.15487,56.433,-129.27,0,134.5,2508,-4596,0,13450,-2.9037,-5.9232
9.78,3.6674,184.41,-0.46428,56.374,-129.38,0,134.5,2506,-4600,0,13450,-2.957,-5.8974
9.8,3.6689,184.02,-0.77497,56.315,-129.5,0,134.5,2503,-4604,0,13450,-3.0103,-5.8715
9.82,3.6703,183.63,-1.087,56.254,-129.62,0,134.5,2500,-4609,0,13450,-3.0637,-5.8454
9.84,3.6718,183.24,-1.4002,56.192,-129.74,0,134.5,2497,-4613,0,13450,-3.1172,-5.8192
9.86,3.6733,182.85,-1.7147,56.129,-129.85,0,134.5,2495,-4617,0,13450,-3.1706,-5.7929
9.88,3.6747,182.46,-2.0305,56.065,-129.97,0,134.5,2492,-4621,0,13450,-3.2242,-5.7664
9.9,3.6762,182.07,-2.3476,56,-130.08,0,134.5,2489,-4625,0,13450,-3.2778,-5.7398
9.92,3.6777,181.69,-2.6659,55.934,-130.2,0,134.5,2486,-4629,0,13450,-3.3314,-5.7131
9.94,3.6791,181.3,-2.9854,55.867,-130.31,0,134.5,2483,-4633,0,13450,-3.3851,-5.6863
9.96,3.6806,180.92,-3.3062,55.799,-130.42,0,134.5,2480,-4637,0,13450,-3.4388,-5.6593
9.98,3.6821,180.54,-3.6282,55.73,-130.54,0,134.5,2477,-4641,0,13450,-3.4926,-5.6321
10,3.6835,180.16,-3.9515,55.659,-130.65,0,134.5,2474,-4645,0,13450,-3.5464,-5.6048
10.02,3.685,179.78,-4.2759,55.588,-130.76,0,134.5,2471,-4649,0,13450,-3.6002,-5.5774
10.04,3.6864,179.4,-4.6016,55.515,-130.87,0,134.5,2467,-4653,0,13450,-3.6541,-5.5499
10.06,3.6879,179.02,-4.9285,55.442,-130.98,0,134.5,2464,-4657,0,13450,-3.708,-5.5222
10.08,3.6893,178.64,-5.2566,55.367,-131.09,0,134.5,2461,-4661,0,13450,-3.7619,-5.4943
10.1,3.6908,178.27,-5.5859,55.291,-131.2,0,134.5,2457,-4665,0,13450,-3.8159,-5.4664
10.12,3.6922,177.89,-5.9163,55.214,-131.31,0,134.5,2454,-4669,0,13450,-3.8699,-5.4383
10.14,3.6937,177.52,-6.248,55.136,-131.42,0,134.5,2450,-4673,0,13450,-3.9239,-5.4101
10.16,3.6952,177.14,-6.5808,55.057,-131.53,0,134.5,2447,-4677,0,13450,-3.9779,-5.3816
10.18,3.6966,176.77,-6.9148,54.977,-131.64,0,134.5,2443,-4680,0,13450,-4.0319,-5.3531
10.2,3.6981,176.4,-7.25,54.896,-131.74,0,134.5,2440,-4684,0,13450,-4.086,-5.3244
10.22,3.6995,176.03,-7.5864,54.814,-131.85,0,134.5,2436,-4688,0,13450,-4.14,-5.2956
10.24,3.701,175.66,-7.9239,54.73,-131.95,0,134.5,2432,-4692,0,13450,-4.1941,-5.2666
10.26,3.7024,175.29,-8.2625,54.646,-132.06,0,134.5,2429,-4695,0,13450,-4.2481,-5.2375
10.28,3.7038,174.93,-8.6023,54.56,-132.16,0,134.5,2425,-4699,0,13450,-4.3022,-5.2082
10.3,3.7053,174.56,-8.9432,54.474,-132.27,0,134.5,2421,-4703,0,13450,-4.3563,-5.1788
10.32,3.7067,174.2,-9.2853,54.386,-132.37,0,134.5,2417,-4707,0,13450,-4.4103,-5.1492
10.34,3.7082,173.83,-9.6285,54.297,-132.47,0,134.5,2413,-4710,0,13450,-4.4643,-5.1195
10.36,3.7096,173.47,-9.9728,54.208,-132.58,0,134.5,2409,-4714,0,13450,-4.5184,-5.0896
10.38,3.7111,173.11,-10.318,54.117,-132.68,0,134.5,2405,-4717,0,13450,-4.5724,-5.0596
10.4,3.7125,172.75,-10.665,54.025,-132.78,0,134.5,2401,-4721,0,13450,-4.6264,-5.0294
10.42,3.714,172.39,-11.012,53.932,-132.88,0,134.5,2397,-4725,0,13450,-4.6803,-4.9991
10.44,3.7154,172.03,-11.361,53.837,-132.98,0,134.5,2393,-4728,0,13450,-4.7343,-4.9686
10.46,3.7169,171.67,-11.711,53.742,-133.08,0,134.5,2389,-4732,0,13450,-4.7882,-4.938
10.48,3.7183,171.32,-12.062,53.646,-133.18,0,134.5,2384,-4735,0,13450,-4.8421,-4.9072
10.5,3.7197,170.96,-12.414,53.549,-133.27,0,134.5,2380,-4739,0,13450,-4.8959,-4.8763
10.52,3.7212,170.61,-12.767,53.45,-133.37,0,134.5,2376,-4742,0,13450,-4.9497,-4.8452
10.54,3.7226,170.25,-13.121,53.351,-133.47,0,134.5,2371,-4745,0,13450,-5.0035,-4.8139
10.56,3.7241,169.9,-13.477,53.25,-133.56,0,134.5,2367,-4749,0,13450,-5.0571,-4.7825
10.58,3.7255,169.55,-13.833,53.148,-133.66,0,134.5,2362,-4752,0,13450,-5.1108,-4.7509
10.6,3.7269,169.2,-14.191,53.046,-133.75,0,134.5,2358,-4756,0,13450,-5.1644,-4.7192
10.62,3.7284,168.85,-14.549,52.942,-133.85,0,134.5,2353,-4759,0,13450,-5.2179,-4.6873
10.64,3.7298,168.51,-14.909,52.837,-133.94,0,134.5,2348,-4762,0,13450,-5.2713,-4.6552
10.66,3.7313,168.16,-15.269,52.731,-134.03,0,134.5,2344,-4766,0,13450,-5.3247,-4.623
10.68,3.7327,167.81,-15.631,52.624,-134.13,0,134.5,2339,-4769,0,13450,-5.378,-4.5907
10.7,3.7341,167.47,-15.993,52.516,-134.22,0,134.5,2334,-4772,0,13450,-5.4312,-4.5581
10.72,3.7356,167.13,-16.357,52.407,-134.31,0,134.5,2329,-4775,0,13450,-5.4844,-4.5254
10.74,3.737,166.79,-16.722,52.296,-134.4,0,134.5,2324,-4779,0,13450,-5.5374,-4.4926
10.76,3.7385,166.44,-17.088,52.185,-134.49,0,134.5,2319,-4782,0,13450,-5.5904,-4.4595
10.78,3.7399,166.1,-17.455,52.073,-134.58,0,134.5,2314,-4785,0,13450,-5.6432,-4.4264
10.8,3.7413,165.77,-17.822,51.959,-134.66,0,134.5,2309,-4788,0,13450,-5.696,-4.393
10.82,3.7428,165.43,-18.191,51.845,-134.75,0,134.5,2304,-4791,0,13450,-5.7486,-4.3595
10.84,3.7442,165.09,-18.561,51.729,-134.84,0,134.5,2299,-4794,0,13450,-5.8011,-4.3258
10.86,3.7456,164.76,-18.932,51.613,-134.93,0,134.5,2294,-4797,0,13450,-5.8536,-4.292
10.88,3.7471,164.42,-19.304,51.495,-135.01,0,134.5,2289,-4800,0,13450,-5.9058,-4.258
10.9,3.7485,164.09,-19.677,51.377,-135.1,0,134.5,2283,-4803,0,13450,-5.958,-4.2238
10.92,3.75,163.76,-20.051,51.257,-135.18,0,134.5,2278,-4806,0,13450,-6.01,-4.1894
10.94,3.7514,163.43,-20.425,51.136,-135.26,0,134.5,2273,-4809,0,13450,-6.0619,-4.1549
10.96,3.7528,163.1,-20.801,51.014,-135.35,0,134.5,2267,-4812,0,13450,-6.1137,-4.1202
10.98,3.7543,162.77,-21.178,50.892,-135.43,0,134.5,2262,-4815,0,13450,-6.1653,-4.0854
11,3.7557,162.44,-21.556,50.768,-135.51,0,134.5,2256,-4818,0,13450,-6.2167,-4.0504
11.02,3.7572,162.11,-21.935,50.643,-135.59,0,134.5,2251,-4821,0,13450,-6.268,-4.0152
11.04,3.7586,161.79,-22.314,50.517,-135.67,0,134.5,2245,-4824,0,13450,-6.3191,-3.9798
11.06,3.76,161.46,-22.695,50.39,-135.75,0,134.5,2240,-4827,0,13450,-6.37,-3.9443
11.08,3.7615,161.14,-23.077,50.262,-135.83,0,134.5,2234,-4829,0,13450,-6.4208,-3.9086
11.1,3.7629,160.82,-23.459,50.133,-135.91,0,134.5,2228,-4832,0,13450,-6.4714,-3.8727
11.12,3.7644,160.5,-23.843,50.004,-135.98,0,134.5,2222,-4835,0,13450,-6.5218,-3.8367
11.14,3.7658,160.18,-24.228,49.873,-136.06,0,134.5,2217,-4838,0,13450,-6.572,-3.8005
11.16,3.7672,159.86,-24.613,49.741,-136.13,0,134.5,2211,-4840,0,13450,-6.622,-3.7641
11.18,3.7687,159.54,-25,49.608,-136.21,0,134.5,2205,-4843,0,13450,-6.6718,-3.7276
11.2,3.7701,159.23,-25.387,49.474,-136.28,0,134.5,2199,-4846,0,13450,-6.7214,-3.6908
11.22,3.7716,158.91,-25.775,49.339,-136.36,0,134.5,2193,-4848,0,13450,-6.7708,-3.654
11.24,3.773,158.6,-26.164,49.203,-136.43,0,134.5,2187,-4851,0,13450,-6.8199,-3.6169
11.26,3.7745,158.29,-26.555,49.066,-136.5,0,134.5,2181,-4853,0,13450,-6.8688,-3.5797
11.28,3.7759,157.98,-26.946,48.928,-136.57,0,134.5,2175,-4856,0,13450,-6.9175,-3.5423
11.3,3.7773,157.66,-27.338,48.789,-136.64,0,134.5,2168,-4858,0,13450,-6.966,-3.5047
11.32,3.7788,157.36,-27.731,48.65,-136.71,0,134.5,2162,-4861,0,13450,-7.0142,-3.4669
11.34,3.7802,157.05,-28.125,48.509,-136.78,0,134.5,2156,-4863,0,13450,-7.0622,-3.429
11.36,3.7817,156.74,-28.519,48.367,-136.85,0,134.5,2150,-4866,0,13450,-7.1099,-3.3909
11.38,3.7831,156.44,-28.915,48.224,-136.92,0,134.5,2143,-4868,0,13450,-7.1573,-3.3527
11.4,3.7846,156.13,-29.312,48.081,-136.98,0,134.5,2137,-4871,0,13450,-7.2045,-3.3142
11.42,3.786,155.83,-29.709,47.936,-137.05,0,134.5,2130,-4873,0,13450,-7.2514,-3.2756
11.44,3.7875,155.53,-30.108,47.791,-137.12,0,134.5,2124,-4875,0,13450,-7.298,-3.2368
11.46,3.7889,155.22,-30.507,47.644,-137.18,0,134.5,2118,-4878,0,13450,-7.3443,-3.1979
11.48,3.7904,154.92,-30.907,47.497,-137.24,0,134.5,2111,-4880,0,13450,-7.3904,-3.1588
11.5,3.7918,154.63,-31.308,47.349,-137.31,0,134.5,2104,-4882,0,13450,-7.4361,-3.1195
11.52,3.7933,154.33,-31.71,47.199,-137.37,0,134.5,2098,-4884,0,13450,-7.4815,-3.08
11.54,3.7947,154.03,-32.113,47.049,-137.43,0,134.5,2091,-4886,0,13450,-7.5266,-3.0404
11.56,3.7962,153.74,-32.517,46.898,-137.49,0,134.5,2084,-4889,0,13450,-7.5714,-3.0006
11.58,3.7977,153.44,-32.921,46.747,-137.55,0,134.5,2078,-4891,0,13450,-7.6159,-2.9606
11.6,3.7991,153.15,-33.327,46.594,-137.61,0,134.5,2071,-4893,0,13450,-7.66,-2.9204
11.62,3.8006,152.86,-33.733,46.44,-137.67,0,134.5,2064,-4895,0,13450,-7.7038,-2.8801
11.64,3.802,152.57,-34.14,46.286,-137.72,0,134.5,2057,-4897,0,13450,-7.7473,-2.8396
11.66,3.8035,152.28,-34.548,46.13,-137.78,0,134.5,2050,-4899,0,13450,-7.7904,-2.799
11.68,3.805,151.99,-34.957,45.974,-137.84,0,134.5,2043,-4901,0,13450,-7.8332,-2.7582
11.7,3.8064,151.71,-35.367,45.817,-137.89,0,134.5,2036,-4903,0,13450,-7.8755,-2.7172
11.72,3.8079,151.42,-35.778,45.659,-137.94,0,134.5,2029,-4905,0,13450,-7.9176,-2.676
11.74,3.8093,151.14,-36.189,45.5,-138,0,134.5,2022,-4907,0,13450,-7.9593,-2.6347
11.76,3.8108,150.85,-36.602,45.341,-138.05,0,134.5,2015,-4908,0,13450,-8.0006,-2.5932
11.78,3.8123,150.57,-37.015,45.18,-138.1,0,134.5,2008,-4910,0,13450,-8.0414,-2.5515
11.8,3.8137,150.29,-37.429,45.019,-138.15,0,134.5,2001,-4912,0,13450,-8.0819,-2.5097
11.82,3.8152,150.01,-37.844,44.857,-138.2,0,134.5,1994,-4914,0,13450,-8.122,-2.4677
11.84,3.8167,149.74,-38.26,44.694,-138.25,0,134.5,1986,-4916,0,13450,-8.1617,-2.4256
11.86,3.8182,149.46,-38.676,44.53,-138.3,0,134.5,1979,-4917,0,13450,-8.201,-2.3833
11.88,3.8196,149.18,-39.094,44.366,-138.35,0,134.5,1972,-4919,0,13450,-8.2399,-2.3408
11.9,3.8211,148.91,-39.512,44.201,-138.39,0,134.5,1964,-4921,0,13450,-8.2783,-2.2981
11.92,3.8226,148.64,-39.931,44.035,-138.44,0,134.5,1957,-4922,0,13450,-8.3163,-2.2553
11.94,3.8241,148.37,-40.351,43.868,-138.48,0,134.5,1950,-4924,0,13450,-8.3539,-2.2123
11.96,3.8255,148.1,-40.771,43.701,-138.53,0,134.5,1942,-4925,0,13450,-8.3911,-2.1692
11.98,3.827,147.83,-41.193,43.533,-138.57,0,134.5,1935,-4927,0,13450,-8.4278,-2.1259
12,3.8285,147.56,-41.615,43.364,-138.61,0,134.5,1927,-4928,0,13450,-8.4641,-2.0825
12.02,3.83,147.29,-42.038,43.194,-138.65,0,134.5,1920,-4930,0,13450,-8.4998,-2.0388
12.04,3.8315,147.03,-42.462,43.024,-138.69,0,134.5,1912,-4931,0,13450,-8.5351,-1.9951
12.06,3.833,146.76,-42.887,42.853,-138.73,0,134.5,1905,-4933,0,13450,-8.57,-1.9512
12.08,3.8345,146.5,-43.313,42.681,-138.77,0,134.5,1897,-4934,0,13450,-8.6045,-1.9071
12.1,3.836,146.24,-43.739,42.508,-138.81,0,134.5,1889,-4935,0,13450,-8.6384,-1.8629
12.12,3.8374,145.98,-44.166,42.335,-138.85,0,134.5,1882,-4937,0,13450,-8.6718,-1.8185
12.14,3.8389,145.72,-44.594,42.162,-138.88,0,134.5,1874,-4938,0,13450,-8.7047,-1.7739
12.16,3.8404,145.46,-45.023,41.987,-138.92,0,134.5,1866,-4939,0,13450,-8.7372,-1.7292
12.18,3.8419,145.21,-45.452,41.812,-138.95,0,134.5,1858,-4940,0,13450,-8.7691,-1.6844
12.2,3.8434,144.95,-45.883,41.636,-138.98,0,134.5,1851,-4942,0,13450,-8.8006,-1.6394
12.22,3.8449,144.7,-46.314,41.46,-139.02,0,134.5,1843,-4943,0,13450,-8.8316,-1.5942
12.24,3.8464,144.45,-46.746,41.283,-139.05,0,134.5,1835,-4944,0,13450,-8.862,-1.5489
12.26,3.848,144.2,-47.179,41.106,-139.08,0,134.5,1827,-4945,0,13450,-8.8919,-1.5035
12.28,3.8495,143.95,-47.612,40.927,-139.11,0,134.5,1819,-4946,0,13450,-8.9213,-1.4579
12.3,3.851,143.7,-48.046,40.749,-139.14,0,134.5,1811,-4947,0,13450,-8.9501,-1.4122
12.32,3.8525,143.45,-48.481,40.569,-139.16,0,134.5,1803,-4948,0,13450,-8.9784,-1.3663
12.34,3.854,143.21,-48.917,40.39,-139.19,0,134.5,1795,-4949,0,13450,-9.0061,-1.3202
12.36,3.8555,142.97,-49.354,40.209,-139.22,0,134.5,1787,-4950,0,13450,-9.0334,-1.2741
12.38,3.8571,142.72,-49.791,40.028,-139.24,0,134.5,1779,-4951,0,13450,-9.0601,-1.2278
12.4,3.8586,142.48,-50.229,39.847,-139.27,0,134.5,1771,-4952,0,13450,-9.0863,-1.1813
12.42,3.8601,142.24,-50.668,39.665,-139.29,0,134.5,1763,-4952,0,13450,-9.1119,-1.1347
12.44,3.8616,142.01,-51.108,39.482,-139.31,0,134.5,1755,-4953,0,13450,-9.1369,-1.088
12.46,3.8632,141.77,-51.548,39.299,-139.33,0,134.5,1747,-4954,0,13450,-9.1613,-1.0411
12.48,3.8647,141.53,-51.989,39.116,-139.35,0,134.5,1738,-4955,0,13450,-9.1852,-0.99413
12.5,3.8662,141.3,-52.431,38.932,-139.37,0,134.5,1730,-4955,0,13450,-9.2085,-0.94699
12.52,3.8678,141.07,-52.874,38.747,-139.39,0,134.5,1722,-4956,0,13450,-9.2312,-0.89972
12.54,3.8693,140.84,-53.317,38.563,-139.41,0,134.5,1714,-4957,0,13450,-9.2534,-0.85231
12.56,3.8709,140.61,-53.761,38.377,-139.42,0,134.5,1706,-4957,0,13450,-9.275,-0.80477
12.58,3.8724,140.38,-54.206,38.192,-139.44,0,134.5,1697,-4958,0,13450,-9.2959,-0.75711
12.6,3.874,140.15,-54.652,38.006,-139.45,0,134.5,1689,-4958,0,13450,-9.3163,-0.70931
12.62,3.8755,139.93,-55.098,37.819,-139.47,0,134.5,1681,-4959,0,13450,-9.3361,-0.66138
12.64,3.8771,139.7,-55.545,37.632,-139.48,0,134.5,1673,-4959,0,13450,-9.3554,-0.61333
12.66,3.8786,139.48,-55.993,37.445,-139.49,0,134.5,1664,-4960,0,13450,-9.374,-0.56515
12.68,3.8802,139.26,-56.442,37.257,-139.5,0,134.5,1656,-4960,0,13450,-9.392,-0.51684
12.7,3.8818,139.04,-56.891,37.069,-139.51,0,134.5,1648,-4960,0,13450,-9.4094,-0.46841
12.72,3.8833,138.82,-57.341,36.881,-139.52,0,134.5,1639,-4961,0,13450,-9.4262,-0.41986
12.74,3.8849,138.6,-57.792,36.692,-139.53,0,134.5,1631,-4961,0,13450,-9.4423,-0.37119
12.76,3.8865,138.39,-58.243,36.503,-139.54,0,134.5,1622,-4961,0,13450,-9.4579,-0.32239
12.78,3.888,138.18,-58.695,36.314,-139.54,0,134.5,1614,-4962,0,13450,-9.4729,-0.27347
12.8,3.8896,137.96,-59.148,36.124,-139.55,0,134.5,1606,-4962,0,13450,-9.4872,-0.22444
12.82,3.8912,137.75,-59.602,35.934,-139.55,0,134.5,1597,-4962,0,13450,-9.5009,-0.17529
12.84,3.8928,137.55,-60.056,35.744,-139.56,0,134.5,1589,-4962,0,13450,-9.514,-0.12602
12.86,3.8944,137.34,-60.511,35.554,-139.56,0,134.5,1580,-4962,0,13450,-9.5264,-0.076629
12.88,3.896,137.13,-60.967,35.363,-139.56,0,134.5,1572,-4962,0,13450,-9.5383,-0.027127
12.9,3.8976,136.93,-61.424,35.172,-139.56,0,134.5,1563,-4962,0,13450,-9.5495,0.022489
12.92,3.8992,136.73,-61.881,34.981,-139.56,0,134.5,1555,-4962,0,13450,-9.56,0.072218
12.94,3.9008,136.53,-62.339,34.79,-139.56,0,134.5,1546,-4962,0,13450,-9.5699,0.12206
12.96,3.9024,136.33,-62.797,34.598,-139.55,0,134.5,1538,-4962,0,13450,-9.5792,0.17201
12.98,3.904,136.13,-63.257,34.407,-139.55,0,134.5,1529,-4962,0,13450,-9.5879,0.22208
13,3.9056,135.93,-63.717,34.215,-139.54,0,134.5,1521,-4962,0,13450,-9.5959,0.27225
13.02,3.9073,135.74,-64.177,34.023,-139.54,0,134.5,1512,-4961,0,13450,-9.6033,0.32254
13.04,3.9089,135.55,-64.639,33.831,-139.53,0,134.5,1504,-4961,0,13450,-9.6101,0.37293
13.06,3.9105,135.35,-65.101,33.638,-139.52,0,134.5,1495,-4961,0,13450,-9.6163,0.42344
13.08,3.9122,135.17,-65.563,33.446,-139.51,0,134.5,1486,-4961,0,13450,-9.6217,0.47405
13.1,3.9138,134.98,-66.027,33.253,-139.5,0,134.5,1478,-4960,0,13450,-9.6265,0.52476
13.12,3.9155,134.79,-66.491,33.061,-139.49,0,134.5,1469,-4960,0,13450,-9.6306,0.57558
13.14,3.9171,134.61,-66.956,32.868,-139.48,0,134.5,1461,-4959,0,13450,-9.634,0.62651
13.16,3.9188,134.42,-67.421,32.676,-139.47,0,134.5,1452,-4959,0,13450,-9.6369,0.67754
13.18,3.9204,134.24,-67.887,32.483,-139.45,0,134.5,1444,-4958,0,13450,-9.6393,0.72869
13.2,3.9221,134.06,-68.354,32.29,-139.44,0,134.5,1435,-4958,0,13450,-9.6409,0.77995
13.22,3.9238,133.89,-68.822,32.097,-139.42,0,134.5,1427,-4957,0,13450,-9.6418,0.83129
13.24,3.9254,133.71,-69.29,31.904,-139.41,0,134.5,1418,-4957,0,13450,-9.6419,0.88274
13.26,3.9271,133.54,-69.759,31.711,-139.39,0,134.5,1409,-4956,0,13450,-9.6414,0.93429
13.28,3.9288,133.37,-70.228,31.519,-139.37,0,134.5,1401,-4955,0,13450,-9.6406,0.98598
13.3,3.9305,133.2,-70.698,31.326,-139.35,0,134.5,1392,-4955,0,13450,-9.639,1.0378
13.32,3.9322,133.03,-71.169,31.133,-139.33,0,134.5,1384,-4954,0,13450,-9.6365,1.0896
13.34,3.9339,132.86,-71.64,30.94,-139.3,0,134.5,1375,-4953,0,13450,-9.6333,1.1416
13.36,3.9356,132.7,-72.112,30.748,-139.28,0,134.5,1367,-4952,0,13450,-9.6299,1.1937
13.38,3.9373,132.53,-72.585,30.555,-139.26,0,134.5,1358,-4951,0,13450,-9.6258,1.2459
13.4,3.939,132.37,-73.059,30.363,-139.23,0,134.5,1349,-4950,0,13450,-9.6206,1.2982
13.42,3.9407,132.21,-73.533,30.17,-139.2,0,134.5,1341,-4950,0,13450,-9.6149,1.3506
13.44,3.9425,132.06,-74.007,29.978,-139.18,0,134.5,1332,-4949,0,13450,-9.6088,1.4031
13.46,3.9442,131.9,-74.483,29.786,-139.15,0,134.5,1324,-4948,0,13450,-9.6018,1.4558
13.48,3.946,131.75,-74.958,29.594,-139.12,0,134.5,1315,-4946,0,13450,-9.5941,1.5085
13.5,3.9477,131.6,-75.435,29.402,-139.09,0,134.5,1307,-4945,0,13450,-9.586,1.5614
13.52,3.9495,131.45,-75.912,29.211,-139.06,0,134.5,1298,-4944,0,13450,-9.577,1.6143
13.54,3.9512,131.3,-76.39,29.019,-139.02,0,134.5,1290,-4943,0,13450,-9.5674,1.6674
13.56,3.953,131.15,-76.868,28.828,-138.99,0,134.5,1281,-4942,0,13450,-9.5573,1.7206
13.58,3.9548,131.01,-77.348,28.637,-138.95,0,134.5,1273,-4941,0,13450,-9.5461,1.7738
13.6,3.9565,130.87,-77.827,28.446,-138.92,0,134.5,1264,-4939,0,13450,-9.5347,1.8273
13.62,3.9583,130.73,-78.307,28.255,-138.88,0,134.5,1256,-4938,0,13450,-9.5225,1.8809
13.64,3.9601,130.59,-78.788,28.065,-138.84,0,134.5,1247,-4937,0,13450,-9.5095,1.9345
13.66,3.9619,130.46,-79.27,27.875,-138.8,0,134.5,1239,-4935,0,13450,-9.496,1.9883
13.68,3.9637,130.33,-79.752,27.685,-138.76,0,134.5,1230,-4934,0,13450,-9.4817,2.0422
13.7,3.9656,130.2,-80.235,27.496,-138.72,0,134.5,1222,-4932,0,13450,-9.4668,2.0963
13.72,3.9674,130.07,-80.718,27.307,-138.68,0,134.5,1214,-4931,0,13450,-9.4512,2.1504
13.74,3.9692,129.94,-81.202,27.118,-138.64,0,134.5,1205,-4929,0,13450,-9.435,2.2048
13.76,3.9711,129.82,-81.686,26.929,-138.59,0,134.5,1197,-4928,0,13450,-9.418,2.2592
13.78,3.9729,129.7,-82.171,26.741,-138.55,0,134.5,1188,-4926,0,13450,-9.4003,2.3138
13.8,3.9748,129.58,-82.657,26.553,-138.5,0,134.5,1180,-4924,0,13450,-9.3821,2.3685
13.82,3.9767,129.46,-83.143,26.366,-138.45,0,134.5,1172,-4923,0,13450,-9.363,2.4234
13.84,3.9785,129.35,-83.629,26.179,-138.4,0,134.5,1163,-4921,0,13450,-9.3434,2.4785
13.86,3.9804,129.23,-84.117,25.992,-138.35,0,134.5,1155,-4919,0,13450,-9.3231,2.5337
13.88,3.9823,129.12,-84.605,25.806,-138.3,0,134.5,1147,-4917,0,13450,-9.3018,2.589
13.9,3.9842,129.02,-85.093,25.62,-138.25,0,134.5,1139,-4916,0,13450,-9.2802,2.6445
13.92,3.9861,128.91,-85.582,25.435,-138.2,0,134.5,1130,-4914,0,13450,-9.2577,2.7002
13.94,3.9881,128.81,-86.071,25.25,-138.14,0,134.5,1122,-4912,0,13450,-9.2342,2.756
13.96,3.99,128.71,-86.561,25.065,-138.09,0,134.5,1114,-4910,0,13450,-9.2105,2.8121
13.98,3.992,128.61,-87.052,24.881,-138.03,0,134.5,1106,-4908,0,13450,-9.1859,2.8684
14,3.9939,128.52,-87.543,24.698,-137.97,0,134.5,1098,-4906,0,13450,-9.1603,2.9247
14.02,3.9959,128.42,-88.034,24.515,-137.91,0,134.5,1090,-4904,0,13450,-9.1341,2.9813
14.04,3.9979,128.34,-88.526,24.332,-137.85,0,134.5,1081,-4901,0,13450,-9.1074,3.0382
14.06,3.9998,128.25,-89.018,24.151,-137.79,0,134.5,1073,-4899,0,13450,-9.0798,3.0953
14.08,4.0018,128.17,-89.511,23.969,-137.73,0,134.5,1065,-4897,0,13450,-9.0513,3.1525
14.1,4.0039,128.08,-90.005,23.789,-137.66,0,134.5,1057,-4895,0,13450,-9.022,3.2099
14.12,4.0059,128.01,-90.499,23.608,-137.6,0,134.5,1049,-4892,0,13450,-8.992,3.2676
14.14,4.0079,127.93,-90.993,23.429,-137.53,0,134.5,1041,-4890,0,13450,-8.9611,3.3256
14.16,4.01,127.86,-91.488,23.25,-137.47,0,134.5,1033,-4888,0,13450,-8.9296,3.3838
14.18,4.012,127.79,-91.983,23.072,-137.4,0,134.5,1025,-4885,0,13450,-8.8972,3.4423
14.2,4.0141,127.72,-92.478,22.894,-137.33,0,134.5,1018,-4883,0,13450,-8.864,3.5011
14.22,4.0162,127.66,-92.974,22.717,-137.26,0,134.5,1010,-4880,0,13450,-8.8298,3.5601
14.24,4.0183,127.6,-93.471,22.541,-137.19,0,134.5,1002,-4878,0,13450,-8.7947,3.6194
14.26,4.0204,127.54,-93.968,22.365,-137.11,0,134.5,994,-4875,0,13450,-8.7589,3.679
14.28,4.0226,127.49,-94.465,22.19,-137.04,0,134.5,986,-4872,0,13450,-8.7222,3.739
14.3,4.0247,127.44,-94.962,22.016,-136.96,0,134.5,979,-4870,0,13450,-8.6844,3.7993
14.32,4.0269,127.39,-95.46,21.843,-136.89,0,134.5,971,-4867,0,13450,-8.6456,3.8599
14.34,4.0291,127.35,-95.958,21.671,-136.81,0,134.5,963,-4864,0,13450,-8.6058,3.9208
14.36,4.0312,127.31,-96.456,21.499,-136.73,0,134.5,956,-4862,0,13450,-8.5649,3.982
14.38,4.0335,127.27,-96.955,21.328,-136.65,0,134.5,948,-4859,0,13450,-8.5232,4.0437
14.4,4.0357,127.24,-97.454,21.158,-136.57,0,134.5,940,-4856,0,13450,-8.4805,4.1059
14.42,4.0379,127.21,-97.953,20.989,-136.49,0,134.5,933,-4853,0,13450,-8.4364,4.1684
14.44,4.0402,127.19,-98.453,20.82,-136.4,0,134.5,925,-4850,0,13450,-8.3911,4.2313
14.46,4.0425,127.16,-98.952,20.653,-136.32,0,134.5,918,-4847,0,13450,-8.345,4.2947
14.48,4.0448,127.15,-99.452,20.487,-136.23,0,134.5,911,-4844,0,13450,-8.2972,4.3585
14.5,4.0471,127.13,-99.952,20.321,-136.14,0,134.5,903,-4841,0,13450,-8.2485,4.4228
14.52,4.0495,127.12,-100.45,20.157,-136.05,0,134.5,896,-4837,0,13450,-8.1983,4.4877
14.54,4.0518,127.12,-100.95,19.993,-135.96,0,134.5,889,-4834,0,13450,-8.1467,4.553
14.56,4.0542,127.12,-101.45,19.831,-135.87,0,134.5,881,-4831,0,13450,-8.0937,4.6189
14.58,4.0566,127.12,-101.95,19.67,-135.78,0,134.5,874,-4828,0,13450,-8.039,4.6853
14.6,4.0591,127.13,-102.45,19.509,-135.68,0,134.5,867,-4824,0,13450,-7.9831,4.7524
14.62,4.0615,127.14,-102.95,19.35,-135.59,0,134.5,860,-4821,0,13450,-7.9251,4.8199
14.64,4.064,127.16,-103.45,19.192,-135.49,0,134.5,853,-4817,0,13450,-7.8654,4.888
14.66,4.0665,127.19,-103.95,19.036,-135.39,0,134.5,846,-4814,0,13450,-7.8042,4.9571
14.68,4.069,127.21,-104.45,18.88,-135.29,0,134.5,839,-4810,0,13450,-7.7411,5.0267
14.7,4.0716,127.25,-104.95,18.726,-135.19,0,134.5,832,-4807,0,13450,-7.6756,5.0969
14.72,4.0742,127.28,-105.45,18.573,-135.09,0,134.5,825,-4803,0,13450,-7.608,5.1678
14.74,4.0768,127.33,-105.95,18.422,-134.98,0,134.5,819,-4799,0,13450,-7.5382,5.2395
14.76,4.0795,127.38,-106.44,18.272,-134.88,0,134.5,812,-4796,0,13450,-7.4659,5.3119
14.78,4.0821,127.43,-106.94,18.123,-134.77,0,134.5,805,-4792,0,13450,-7.391,5.3851
14.8,4.0848,127.5,-107.44,17.976,-134.66,0,134.5,799,-4788,0,13450,-7.3136,5.4593
14.82,4.0876,127.56,-107.93,17.83,-134.55,0,134.5,792,-4784,0,13450,-7.2333,5.5343
14.84,4.0904,127.64,-108.43,17.687,-134.44,0,134.5,786,-4780,0,13450,-7.1494,5.6097
14.86,4.0932,127.72,-108.92,17.544,-134.33,0,134.5,780,-4776,0,13450,-7.0626,5.6863
14.88,4.096,127.81,-109.41,17.404,-134.21,0,134.5,774,-4772,0,13450,-6.9721,5.7637
14.9,4.0989,127.9,-109.9,17.266,-134.1,0,134.5,767,-4768,0,13450,-6.8777,5.8419
14.92,4.1018,128,-110.39,17.129,-133.98,0,134.5,761,-4764,0,13450,-6.7793,5.9209
14.94,4.1048,128.11,-110.88,16.994,-133.86,0,134.5,755,-4760,0,13450,-6.6762,6.0006
14.96,4.1078,128.23,-111.37,16.862,-133.74,0,134.5,749,-4755,0,13450,-6.5687,6.0814
14.98,4.1109,128.35,-111.85,16.732,-133.62,0,134.5,744,-4751,0,13450,-6.4559,6.1629
15,4.114,128.49,-112.33,16.604,-133.49,0,134.5,738,-4746,0,13450,-6.3374,6.2449
15.02,4.1172,128.63,-112.81,16.478,-133.37,0,134.5,732,-4742,0,13450,-6.2128,6.3275
15.04,4.1204,128.78,-113.29,16.355,-133.24,0,134.5,727,-4737,0,13450,-6.0817,6.4107
15.06,4.1236,128.94,-113.76,16.235,-133.11,0,134.5,722,-4733,0,13450,-5.9437,6.4944
15.08,4.1269,129.12,-114.23,16.117,-132.98,0,134.5,716,-4728,0,13450,-5.7979,6.5782
15.1,4.1303,129.3,-114.7,16.003,-132.85,0,134.5,711,-4724,0,13450,-5.6435,6.6619
15.12,4.1337,129.49,-115.16,15.892,-132.71,0,134.5,706,-4719,0,13450,-5.4801,6.7452
15.14,4.1372,129.69,-115.61,15.784,-132.58,0,134.5,702,-4714,0,13450,-5.3069,6.828
15.16,4.1408,129.91,-116.07,15.679,-132.44,0,134.5,697,-4709,0,13450,-5.123,6.9099
15.18,4.1444,130.13,-116.51,15.579,-132.3,0,134.5,692,-4704,0,13450,-4.9273,6.9898
15.2,4.1481,130.37,-116.95,15.482,-132.16,0,134.5,688,-4699,0,13450,-4.719,7.0676
15.22,4.1518,130.63,-117.38,15.39,-132.02,0,134.5,684,-4694,0,13450,-4.4971,7.1425
15.24,4.1556,130.89,-117.8,15.302,-131.88,0,134.5,680,-4689,0,13450,-4.2606,7.2135
15.26,4.1595,131.17,-118.22,15.22,-131.73,0,134.5,676,-4684,0,13450,-4.0084,7.2794
15.28,4.1635,131.47,-118.62,15.142,-131.59,0,134.5,673,-4679,0,13450,-3.7395,7.3391
15.3,4.1675,131.78,-119.02,15.07,-131.44,0,134.5,670,-4673,0,13450,-3.4531,7.3913
15.32,4.1717,132.1,-119.4,15.004,-131.29,0,134.5,667,-4668,0,13450,-3.1483,7.4342
15.34,4.1758,132.44,-119.76,14.944,-131.14,0,134.5,664,-4663,0,13450,-2.8245,7.4658
15.36,4.1801,132.79,-120.12,14.891,-130.99,0,134.5,662,-4657,0,13450,-2.4817,7.4846
15.38,4.1844,133.17,-120.45,14.845,-130.84,0,134.5,660,-4652,0,13450,-2.12,7.4883
15.4,4.1888,133.55,-120.77,14.806,-130.69,0,134.5,658,-4647,0,13450,-1.74,7.4746
15.42,4.1933,133.95,-121.07,14.775,-130.54,0,134.5,657,-4642,0,13450,-1.3432,7.442
15.44,4.1978,134.37,-121.34,14.753,-130.39,0,134.5,656,-4636,0,13450,-0.93147,7.3884
15.46,4.2023,134.8,-121.6,14.738,-130.25,0,134.5,655,-4631,0,13450,-0.50758,7.3125
15.48,4.2069,135.24,-121.83,14.732,-130.1,0,134.5,655,-4626,0,13450,-0.074921,7.2136
15.5,4.2115,135.7,-122.03,14.735,-129.96,0,134.5,655,-4621,0,13450,0.36256,7.0914
15.52,4.2161,136.17,-122.21,14.747,-129.82,0,134.5,655,-4616,0,13450,0.8005,6.9464
15.54,4.2207,136.64,-122.37,14.767,-129.68,0,134.5,656,-4611,0,13450,1.2344,6.78
15.56,4.2253,137.13,-122.49,14.796,-129.55,0,134.5,658,-4606,0,13450,1.6598,6.5943
15.58,4.2299,137.62,-122.59,14.833,-129.42,0,134.5,659,-4601,0,13450,2.0726,6.3918
15.6,4.2344,138.11,-122.66,14.879,-129.29,0,134.5,661,-4597,0,13450,2.4693,6.1756
15.62,4.2389,138.61,-122.71,14.932,-129.17,0,134.5,664,-4593,0,13450,2.847,5.949
15.64,4.2433,139.11,-122.73,14.993,-129.05,0,134.5,666,-4589,0,13450,3.2037,5.7153
15.66,4.2477,139.61,-122.72,15.06,-128.94,0,134.5,669,-4585,0,13450,3.5379,5.4776
15.68,4.252,140.11,-122.69,15.134,-128.83,0,134.5,673,-4581,0,13450,3.8492,5.2387
15.7,4.2563,140.6,-122.64,15.214,-128.73,0,134.5,676,-4577,0,13450,4.1377,5.0012
15.72,4.2605,141.1,-122.56,15.3,-128.63,0,134.5,680,-4574,0,13450,4.4038,4.7671
15.74,4.2646,141.59,-122.47,15.391,-128.54,0,134.5,684,-4570,0,13450,4.6484,4.538
15.76,4.2686,142.07,-122.35,15.486,-128.45,0,134.5,688,-4567,0,13450,4.8726,4.3152
15.78,4.2725,142.56,-122.22,15.585,-128.37,0,134.5,693,-4564,0,13450,5.0778,4.0998
15.8,4.2764,143.03,-122.07,15.689,-128.29,0,134.5,697,-4561,0,13450,5.2655,3.8923
15.82,4.2802,143.5,-121.9,15.796,-128.21,0,134.5,702,-4559,0,13450,5.4369,3.6929
15.84,4.2839,143.97,-121.72,15.906,-128.14,0,134.5,707,-4556,0,13450,5.5934,3.502
15.86,4.2875,144.43,-121.52,16.02,-128.07,0,134.5,712,-4554,0,13450,5.7363,3.3195
15.88,4.2911,144.88,-121.31,16.136,-128.01,0,134.5,717,-4551,0,13450,5.8669,3.1453
15.9,4.2946,145.33,-121.09,16.254,-127.95,0,134.5,722,-4549,0,13450,5.9867,2.9794
15.92,4.298,145.77,-120.86,16.375,-127.89,0,134.5,728,-4547,0,13450,6.0961,2.8212
15.94,4.3014,146.21,-120.61,16.498,-127.83,0,134.5,733,-4545,0,13450,6.1965,2.6707
15.96,4.3047,146.64,-120.36,16.623,-127.78,0,134.5,739,-4543,0,13450,6.2889,2.5275
15.98,4.3079,147.07,-120.1,16.75,-127.73,0,134.5,744,-4542,0,13450,6.3734,2.3911
16,4.3111,147.49,-119.82,16.878,-127.69,0,134.5,750,-4540,0,13450,6.4513,2.2613
16.02,4.3143,147.9,-119.54,17.008,-127.64,0,134.5,756,-4538,0,13450,6.5234,2.1378
16.04,4.3174,148.31,-119.25,17.139,-127.6,0,134.5,762,-4537,0,13450,6.5896,2.0202
16.06,4.3204,148.71,-118.96,17.271,-127.56,0,134.5,768,-4536,0,13450,6.6509,1.9081
16.08,4.3234,149.11,-118.66,17.405,-127.52,0,134.5,774,-4534,0,13450,6.708,1.8014
16.1,4.3263,149.5,-118.35,17.54,-127.49,0,134.5,780,-4533,0,13450,6.7607,1.6996
16.12,4.3292,149.89,-118.03,17.676,-127.46,0,134.5,786,-4532,0,13450,6.8098,1.6025
16.14,4.332,150.27,-117.71,17.812,-127.43,0,134.5,792,-4531,0,13450,6.8554,1.5098
16.16,4.3349,150.65,-117.38,17.95,-127.4,0,134.5,798,-4530,0,13450,6.8977,1.4213
16.18,4.3376,151.02,-117.05,18.088,-127.37,0,134.5,804,-4529,0,13450,6.9377,1.3368
16.2,4.3403,151.39,-116.71,18.227,-127.34,0,134.5,810,-4528,0,13450,6.9748,1.256
16.22,4.343,151.76,-116.37,18.367,-127.32,0,134.5,816,-4527,0,13450,7.0093,1.1787
16.24,4.3457,152.12,-116.02,18.508,-127.3,0,134.5,823,-4526,0,13450,7.0418,1.1048
16.26,4.3483,152.47,-115.67,18.649,-127.27,0,134.5,829,-4525,0,13450,7.0724,1.034
16.28,4.3509,152.83,-115.32,18.791,-127.25,0,134.5,835,-4525,0,13450,7.101,0.96616
16.3,4.3534,153.17,-114.96,18.933,-127.24,0,134.5,841,-4524,0,13450,7.1279,0.90113
16.32,4.356,153.52,-114.59,19.076,-127.22,0,134.5,848,-4523,0,13450,7.1533,0.83879
16.34,4.3584,153.86,-114.23,19.219,-127.2,0,134.5,854,-4523,0,13450,7.1775,0.77901
16.36,4.3609,154.19,-113.86,19.363,-127.19,0,134.5,861,-4522,0,13450,7.2002,0.72161
16.38,4.3633,154.52,-113.48,19.507,-127.17,0,134.5,867,-4522,0,13450,7.2215,0.66646
16.4,4.3657,154.85,-113.1,19.652,-127.16,0,134.5,873,-4521,0,13450,7.242,0.61351
16.42,4.3681,155.18,-112.72,19.797,-127.15,0,134.5,880,-4521,0,13450,7.2611,0.5626
16.44,4.3705,155.5,-112.34,19.942,-127.14,0,134.5,886,-4520,0,13450,7.2793,0.51365
16.46,4.3728,155.82,-111.96,20.088,-127.13,0,134.5,893,-4520,0,13450,7.2967,0.46658
16.48,4.3751,156.13,-111.57,20.234,-127.12,0,134.5,899,-4520,0,13450,7.313,0.42126
16.5,4.3774,156.44,-111.18,20.38,-127.11,0,134.5,906,-4519,0,13450,7.329,0.37766
16.52,4.3796,156.75,-110.78,20.527,-127.1,0,134.5,912,-4519,0,13450,7.3439,0.33566
16.54,4.3819,157.05,-110.38,20.674,-127.1,0,134.5,919,-4519,0,13450,7.3579,0.29519
16.56,4.3841,157.36,-109.99,20.821,-127.09,0,134.5,925,-4519,0,13450,7.3716,0.25621
16.58,4.3863,157.65,-109.58,20.969,-127.09,0,134.5,932,-4519,0,13450,7.3848,0.21864
16.6,4.3885,157.95,-109.18,21.117,-127.08,0,134.5,939,-4519,0,13450,7.3973,0.18242
16.62,4.3906,158.24,-108.78,21.265,-127.08,0,134.5,945,-4518,0,13450,7.4092,0.14747
16.64,4.3927,158.53,-108.37,21.413,-127.08,0,134.5,952,-4518,0,13450,7.4206,0.11377
16.66,4.3949,158.82,-107.96,21.562,-127.08,0,134.5,958,-4518,0,13450,7.4315,0.081244
16.68,4.397,159.1,-107.55,21.71,-127.07,0,134.5,965,-4518,0,13450,7.442,0.049856
16.7,4.399,159.38,-107.13,21.859,-127.07,0,134.5,972,-4518,0,13450,7.4521,0.019557
16.72,4.4011,159.66,-106.72,22.008,-127.07,0,134.5,978,-4518,0,13450,7.4617,-0.0096958
16.74,4.4031,159.94,-106.3,22.158,-127.07,0,134.5,985,-4518,0,13450,7.4711,-0.037945
16.76,4.4052,160.21,-105.88,22.307,-127.07,0,134.5,991,-4518,0,13450,7.4801,-0.065229
16.78,4.4072,160.48,-105.46,22.457,-127.08,0,134.5,998,-4518,0,13450,7.4889,-0.091587
16.8,4.4092,160.75,-105.04,22.607,-127.08,0,134.5,1005,-4518,0,13450,7.4974,-0.11705
16.82,4.4112,161.02,-104.62,22.757,-127.08,0,134.5,1011,-4518,0,13450,7.5055,-0.14166
16.84,4.4131,161.28,-104.19,22.907,-127.08,0,134.5,1018,-4519,0,13450,7.5131,-0.16543
16.86,4.4151,161.54,-103.77,23.057,-127.09,0,134.5,1025,-4519,0,13450,7.5206,-0.18841
16.88,4.417,161.8,-103.34,23.208,-127.09,0,134.5,1031,-4519,0,13450,7.5283,-0.21063
16.9,4.419,162.06,-102.91,23.359,-127.1,0,134.5,1038,-4519,0,13450,7.5351,-0.23209
16.92,4.4209,162.31,-102.48,23.509,-127.1,0,134.5,1045,-4519,0,13450,7.5418,-0.25284
16.94,4.4228,162.56,-102.05,23.66,-127.11,0,134.5,1052,-4519,0,13450,7.5488,-0.27291
16.96,4.4247,162.81,-101.61,23.811,-127.11,0,134.5,1058,-4520,0,13450,7.555,-0.2923
16.98,4.4265,163.06,-101.18,23.962,-127.12,0,134.5,1065,-4520,0,13450,7.5613,-0.31105
17,4.4284,163.3,-100.74,24.114,-127.12,0,134.5,1072,-4520,0,13450,7.5674,-0.32917
17.02,4.4303,163.55,-100.31,24.265,-127.13,0,134.5,1078,-4520,0,13450,7.5732,-0.34669
17.04,4.4321,163.79,-99.867,24.417,-127.14,0,134.5,1085,-4520,0,13450,7.579,-0.36362
17.06,4.4339,164.02,-99.427,24.568,-127.15,0,134.5,1092,-4521,0,13450,7.5846,-0.38
17.08,4.4357,164.26,-98.987,24.72,-127.15,0,134.5,1099,-4521,0,13450,7.59,-0.39582
17.1,4.4375,164.5,-98.545,24.872,-127.16,0,134.5,1105,-4521,0,13450,7.5953,-0.41111
17.12,4.4393,164.73,-98.102,25.024,-127.17,0,134.5,1112,-4522,0,13450,7.6005,-0.42589
17.14,4.4411,164.96,-97.659,25.176,-127.18,0,134.5,1119,-4522,0,13450,7.6053,-0.44016
17.16,4.4429,165.19,-97.214,25.328,-127.19,0,134.5,1126,-4522,0,13450,7.6105,-0.45398
17.18,4.4447,165.41,-96.768,25.48,-127.2,0,134.5,1132,-4523,0,13450,7.6151,-0.4673
17.2,4.4464,165.64,-96.321,25.633,-127.21,0,134.5,1139,-4523,0,13450,7.6197,-0.48017
17.22,4.4482,165.86,-95.873,25.785,-127.22,0,134.5,1146,-4523,0,13450,7.6245,-0.49261
17.24,4.4499,166.08,-95.425,25.938,-127.23,0,134.5,1153,-4524,0,13450,7.6287,-0.5046
17.26,4.4516,166.3,-94.975,26.09,-127.24,0,134.5,1160,-4524,0,13450,7.633,-0.51618
17.28,4.4533,166.52,-94.525,26.243,-127.25,0,134.5,1166,-4524,0,13450,7.6376,-0.52739
17.3,4.4551,166.73,-94.073,26.396,-127.26,0,134.5,1173,-4525,0,13450,7.6416,-0.53816
17.32,4.4568,166.94,-93.621,26.549,-127.27,0,134.5,1180,-4525,0,13450,7.6455,-0.54855
17.34,4.4584,167.16,-93.168,26.702,-127.28,0,134.5,1187,-4525,0,13450,7.6495,-0.55859
17.36,4.4601,167.37,-92.714,26.855,-127.29,0,134.5,1194,-4526,0,13450,7.6536,-0.56827
17.38,4.4618,167.57,-92.26,27.008,-127.3,0,134.5,1200,-4526,0,13450,7.6575,-0.57759
17.4,4.4635,167.78,-91.804,27.161,-127.31,0,134.5,1207,-4527,0,13450,7.6611,-0.58655
17.42,4.4651,167.99,-91.348,27.314,-127.33,0,134.5,1214,-4527,0,13450,7.6646,-0.59517
17.44,4.4668,168.19,-90.891,27.468,-127.34,0,134.5,1221,-4528,0,13450,7.6682,-0.60349
17.46,4.4684,168.39,-90.433,27.621,-127.35,0,134.5,1228,-4528,0,13450,7.6718,-0.61149
17.48,4.4701,168.59,-89.975,27.774,-127.36,0,134.5,1234,-4528,0,13450,7.6754,-0.61918
17.5,4.4717,168.79,-89.515,27.928,-127.37,0,134.5,1241,-4529,0,13450,7.6788,-0.62657
17.52,4.4733,168.98,-89.055,28.082,-127.39,0,134.5,1248,-4529,0,13450,7.6821,-0.63366
17.54,4.4749,169.18,-88.595,28.235,-127.4,0,134.5,1255,-4530,0,13450,7.6854,-0.64046
17.56,4.4765,169.37,-88.134,28.389,-127.41,0,134.5,1262,-4530,0,13450,7.6886,-0.64698
17.58,4.4781,169.56,-87.672,28.543,-127.43,0,134.5,1269,-4531,0,13450,7.6917,-0.65322
17.6,4.4797,169.75,-87.209,28.697,-127.44,0,134.5,1275,-4531,0,13450,7.6947,-0.6592
17.62,4.4813,169.94,-86.746,28.851,-127.45,0,134.5,1282,-4532,0,13450,7.6978,-0.66492
17.64,4.4829,170.13,-86.282,29.005,-127.47,0,134.5,1289,-4532,0,13450,7.7008,-0.67039
17.66,4.4845,170.31,-85.817,29.159,-127.48,0,134.5,1296,-4533,0,13450,7.7038,-0.6756
17.68,4.486,170.49,-85.352,29.313,-127.49,0,134.5,1303,-4533,0,13450,7.7067,-0.68058
17.7,4.4876,170.68,-84.887,29.467,-127.51,0,134.5,1310,-4534,0,13450,7.7096,-0.68532
17.72,4.4891,170.86,-84.42,29.621,-127.52,0,134.5,1316,-4534,0,13450,7.7124,-0.68983
17.74,4.4907,171.04,-83.954,29.775,-127.53,0,134.5,1323,-4535,0,13450,7.7151,-0.6941
17.76,4.4922,171.21,-83.486,29.93,-127.55,0,134.5,1330,-4535,0,13450,7.7177,-0.69815
17.78,4.4938,171.39,-83.018,30.084,-127.56,0,134.5,1337,-4536,0,13450,7.7204,-0.70199
17.8,4.4953,171.56,-82.55,30.238,-127.58,0,134.5,1344,-4536,0,13450,7.723,-0.70562
17.82,4.4968,171.74,-82.081,30.393,-127.59,0,134.5,1351,-4537,0,13450,7.7256,-0.70904
17.84,4.4983,171.91,-81.611,30.548,-127.6,0,134.5,1358,-4537,0,13450,7.7282,-0.71226
17.86,4.4999,172.08,-81.141,30.702,-127.62,0,134.5,1365,-4538,0,13450,7.7307,-0.71528
17.88,4.5014,172.25,-80.67,30.857,-127.63,0,134.5,1371,-4538,0,13450,7.7332,-0.71811
17.9,4.5029,172.42,-80.199,31.011,-127.65,0,134.5,1378,-4539,0,13450,7.7357,-0.72075
17.92,4.5044,172.58,-79.728,31.166,-127.66,0,134.5,1385,-4539,0,13450,7.7381,-0.7232
17.94,4.5059,172.75,-79.256,31.321,-127.68,0,134.5,1392,-4540,0,13450,7.7403,-0.72545
17.96,4.5074,172.91,-78.783,31.476,-127.69,0,134.5,1399,-4540,0,13450,7.7425,-0.72753
17.98,4.5088,173.07,-78.31,31.631,-127.7,0,134.5,1406,-4541,0,13450,7.7448,-0.72944
18,4.5103,173.23,-77.837,31.786,-127.72,0,134.5,1413,-4541,0,13450,7.7472,-0.73119
18.02,4.5118,173.39,-77.363,31.941,-127.73,0,134.5,1420,-4542,0,13450,7.7495,-0.73277
18.04,4.5133,173.55,-76.888,32.096,-127.75,0,134.5,1426,-4542,0,13450,7.7516,-0.73418
18.06,4.5147,173.71,-76.413,32.251,-127.76,0,134.5,1433,-4543,0,13450,7.7535,-0.7354
18.08,4.5162,173.86,-75.938,32.406,-127.78,0,134.5,1440,-4543,0,13450,7.7556,-0.73649
18.1,4.5176,174.02,-75.462,32.561,-127.79,0,134.5,1447,-4544,0,13450,7.7579,-0.73743
18.12,4.5191,174.17,-74.986,32.716,-127.81,0,134.5,1454,-4544,0,13450,7.76,-0.73822
18.14,4.5205,174.32,-74.51,32.871,-127.82,0,134.5,1461,-4545,0,13450,7.7619,-0.73883
18.16,4.522,174.47,-74.033,33.026,-127.84,0,134.5,1468,-4545,0,13450,7.7637,-0.7393
18.18,4.5234,174.62,-73.556,33.182,-127.85,0,134.5,1475,-4546,0,13450,7.7658,-0.73965
18.2,4.5249,174.77,-73.078,33.337,-127.87,0,134.5,1482,-4546,0,13450,7.7679,-0.73986
18.22,4.5263,174.91,-72.6,33.492,-127.88,0,134.5,1489,-4547,0,13450,7.7696,-0.7399
18.24,4.5277,175.06,-72.121,33.648,-127.9,0,134.5,1495,-4547,0,13450,7.7713,-0.73981
18.26,4.5291,175.2,-71.642,33.803,-127.91,0,134.5,1502,-4548,0,13450,7.7734,-0.73962
18.28,4.5305,175.34,-71.163,33.959,-127.93,0,134.5,1509,-4548,0,13450,7.7751,-0.73927
18.3,4.532,175.49,-70.683,34.114,-127.94,0,134.5,1516,-4549,0,13450,7.7767,-0.73878
18.32,4.5334,175.63,-70.203,34.27,-127.96,0,134.5,1523,-4550,0,13450,7.7786,-0.7382
18.34,4.5348,175.76,-69.723,34.425,-127.97,0,134.5,1530,-4550,0,13450,7.7804,-0.73748
18.36,4.5362,175.9,-69.242,34.581,-127.98,0,134.5,1537,-4551,0,13450,7.7819,-0.73662
18.38,4.5376,176.04,-68.761,34.737,-128,0,134.5,1544,-4551,0,13450,7.7836,-0.73566
18.4,4.539,176.17,-68.28,34.892,-128.01,0,134.5,1551,-4552,0,13450,7.7853,-0.73459
18.42,4.5404,176.31,-67.798,35.048,-128.03,0,134.5,1558,-4552,0,13450,7.7867,-0.73338
18.44,4.5418,176.44,-67.316,35.204,-128.04,0,134.5,1565,-4553,0,13450,7.7884,-0.73207
18.46,4.5431,176.57,-66.834,35.36,-128.06,0,134.5,1572,-4553,0,13450,7.79,-0.73066
18.48,4.5445,176.7,-66.351,35.516,-128.07,0,134.5,1578,-4554,0,13450,7.7913,-0.72911
18.5,4.5459,176.83,-65.868,35.671,-128.09,0,134.5,1585,-4554,0,13450,7.793,-0.72749
18.52,4.5473,176.96,-65.385,35.827,-128.1,0,134.5,1592,-4555,0,13450,7.7944,-0.72573
18.54,4.5486,177.09,-64.901,35.983,-128.12,0,134.5,1599,-4555,0,13450,7.7957,-0.72387
18.56,4.55,177.21,-64.417,36.139,-128.13,0,134.5,1606,-4556,0,13450,7.7973,-0.72194
18.58,4.5514,177.34,-63.933,36.295,-128.15,0,134.5,1613,-4556,0,13450,7.7985,-0.71987
18.6,4.5527,177.46,-63.449,36.451,-128.16,0,134.5,1620,-4557,0,13450,7.7999,-0.71773
18.62,4.5541,177.58,-62.964,36.607,-128.17,0,134.5,1627,-4557,0,13450,7.8012,-0.71548
18.64,4.5555,177.7,-62.479,36.763,-128.19,0,134.5,1634,-4558,0,13450,7.8024,-0.71312
18.66,4.5568,177.82,-61.993,36.919,-128.2,0,134.5,1641,-4558,0,13450,7.8038,-0.7107
18.68,4.5582,177.94,-61.508,37.075,-128.22,0,134.5,1648,-4559,0,13450,7.805,-0.70816
18.7,4.5595,178.06,-61.022,37.231,-128.23,0,134.5,1655,-4559,0,13450,7.8063,-0.70554
18.72,4.5608,178.18,-60.536,37.387,-128.25,0,134.5,1662,-4560,0,13450,7.8074,-0.70283
18.74,4.5622,178.29,-60.049,37.544,-128.26,0,134.5,1669,-4560,0,13450,7.8085,-0.70003
18.76,4.5635,178.41,-59.562,37.7,-128.27,0,134.5,1676,-4561,0,13450,7.8097,-0.69714
18.78,4.5649,178.52,-59.076,37.856,-128.29,0,134.5,1682,-4561,0,13450,7.8107,-0.69416
18.8,4.5662,178.63,-58.588,38.012,-128.3,0,134.5,1689,-4562,0,13450,7.8119,-0.69112
18.82,4.5675,178.75,-58.101,38.168,-128.31,0,134.5,1696,-4562,0,13450,7.8129,-0.68797
18.84,4.5688,178.86,-57.613,38.325,-128.33,0,134.5,1703,-4563,0,13450,7.814,-0.68476
18.86,4.5702,178.96,-57.125,38.481,-128.34,0,134.5,1710,-4563,0,13450,7.8149,-0.68146
18.88,4.5715,179.07,-56.637,38.637,-128.36,0,134.5,1717,-4564,0,13450,7.8159,-0.67808
18.9,4.5728,179.18,-56.148,38.794,-128.37,0,134.5,1724,-4564,0,13450,7.8168,-0.67463
18.92,4.5741,179.29,-55.66,38.95,-128.38,0,134.5,1731,-4565,0,13450,7.8178,-0.6711
18.94,4.5754,179.39,-55.171,39.106,-128.4,0,134.5,1738,-4565,0,13450,7.8186,-0.66749
18.96,4.5768,179.49,-54.682,39.263,-128.41,0,134.5,1745,-4566,0,13450,7.8195,-0.66382
18.98,4.5781,179.6,-54.192,39.419,-128.42,0,134.5,1752,-4566,0,13450,7.8203,-0.66007
19,4.5794,179.7,-53.703,39.576,-128.44,0,134.5,1759,-4567,0,13450,7.8211,-0.65624
19.02,4.5807,179.8,-53.213,39.732,-128.45,0,134.5,1766,-4567,0,13450,7.8219,-0.65235
19.04,4.582,179.9,-52.723,39.888,-128.46,0,134.5,1773,-4568,0,13450,7.8227,-0.64839
19.06,4.5833,180,-52.233,40.045,-128.47,0,134.5,1780,-4568,0,13450,7.8234,-0.64437
19.08,4.5846,180.09,-51.742,40.201,-128.49,0,134.5,1787,-4568,0,13450,7.8241,-0.64027
19.1,4.5859,180.19,-51.252,40.358,-128.5,0,134.5,1794,-4569,0,13450,7.8248,-0.63611
19.12,4.5872,180.29,-50.761,40.514,-128.51,0,134.5,1801,-4569,0,13450,7.8254,-0.63188
19.14,4.5885,180.38,-50.27,40.671,-128.53,0,134.5,1808,-4570,0,13450,7.8261,-0.6276
19.16,4.5898,180.47,-49.779,40.827,-128.54,0,134.5,1815,-4570,0,13450,7.8266,-0.62324
19.18,4.591,180.56,-49.287,40.984,-128.55,0,134.5,1822,-4571,0,13450,7.8272,-0.61883
19.2,4.5923,180.66,-48.796,41.141,-128.56,0,134.5,1828,-4571,0,13450,7.8277,-0.61435
19.22,4.5936,180.75,-48.304,41.297,-128.58,0,134.5,1835,-4572,0,13450,7.8283,-0.60982
19.24,4.5949,180.84,-47.812,41.454,-128.59,0,134.5,1842,-4572,0,13450,7.8287,-0.60523
19.26,4.5962,180.92,-47.32,41.61,-128.6,0,134.5,1849,-4572,0,13450,7.8292,-0.60057
19.28,4.5974,181.01,-46.827,41.767,-128.61,0,134.5,1856,-4573,0,13450,7.8296,-0.59587
19.3,4.5987,181.1,-46.335,41.923,-128.62,0,134.5,1863,-4573,0,13450,7.83,-0.59111
19.32,4.6,181.18,-45.842,42.08,-128.63,0,134.5,1870,-4574,0,13450,7.8304,-0.58629
19.34,4.6013,181.27,-45.349,42.237,-128.65,0,134.5,1877,-4574,0,13450,7.8307,-0.58142
19.36,4.6025,181.35,-44.856,42.393,-128.66,0,134.5,1884,-4575,0,13450,7.8311,-0.5765
19.38,4.6038,181.43,-44.363,42.55,-128.67,0,134.5,1891,-4575,0,13450,7.8314,-0.57151
19.4,4.6051,181.51,-43.87,42.707,-128.68,0,134.5,1898,-4575,0,13450,7.8316,-0.56648
19.42,4.6063,181.59,-43.376,42.863,-128.69,0,134.5,1905,-4576,0,13450,7.8319,-0.56141
19.44,4.6076,181.67,-42.882,43.02,-128.7,0,134.5,1912,-4576,0,13450,7.832,-0.55627
19.46,4.6089,181.75,-42.389,43.176,-128.71,0,134.5,1919,-4577,0,13450,7.8323,-0.5511
19.48,4.6101,181.83,-41.895,43.333,-128.73,0,134.5,1926,-4577,0,13450,7.8324,-0.54587
19.5,4.6114,181.9,-41.4,43.49,-128.74,0,134.5,1933,-4577,0,13450,7.8325,-0.54059
19.52,4.6126,181.98,-40.906,43.646,-128.75,0,134.5,1940,-4578,0,13450,7.8327,-0.53527
19.54,4.6139,182.05,-40.412,43.803,-128.76,0,134.5,1947,-4578,0,13450,7.8327,-0.5299
19.56,4.6151,182.13,-39.917,43.96,-128.77,0,134.5,1954,-4578,0,13450,7.8328,-0.52449
19.58,4.6164,182.2,-39.422,44.116,-128.78,0,134.5,1961,-4579,0,13450,7.8327,-0.51903
19.6,4.6176,182.27,-38.927,44.273,-128.79,0,134.5,1968,-4579,0,13450,7.8327,-0.51352
19.62,4.6189,182.34,-38.432,44.43,-128.8,0,134.5,1975,-4580,0,13450,7.8327,-0.50799
19.64,4.6201,182.41,-37.937,44.586,-128.81,0,134.5,1982,-4580,0,13450,7.8326,-0.50239
19.66,4.6214,182.48,-37.442,44.743,-128.82,0,134.5,1989,-4580,0,13450,7.8326,-0.49677
19.68,4.6226,182.55,-36.947,44.9,-128.83,0,134.5,1996,-4581,0,13450,7.8324,-0.4911
19.7,4.6239,182.61,-36.451,45.056,-128.84,0,134.5,2002,-4581,0,13450,7.8322,-0.48539
19.72,4.6251,182.68,-35.955,45.213,-128.85,0,134.5,2009,-4581,0,13450,7.8321,-0.47965
19.74,4.6264,182.74,-35.46,45.37,-128.86,0,134.5,2016,-4582,0,13450,7.8318,-0.47385
19.76,4.6276,182.81,-34.964,45.526,-128.87,0,134.5,2023,-4582,0,13450,7.8316,-0.46803
19.78,4.6288,182.87,-34.468,45.683,-128.88,0,134.5,2030,-4582,0,13450,7.8314,-0.46217
19.8,4.6301,182.93,-33.971,45.839,-128.89,0,134.5,2037,-4583,0,13450,7.831,-0.45627
19.82,4.6313,182.99,-33.475,45.996,-128.9,0,134.5,2044,-4583,0,13450,7.8307,-0.45033
19.84,4.6325,183.05,-32.979,46.153,-128.9,0,134.5,2051,-4583,0,13450,7.8304,-0.44436
19.86,4.6338,183.11,-32.482,46.309,-128.91,0,134.5,2058,-4584,0,13450,7.8299,-0.43835
19.88,4.635,183.17,-31.986,46.466,-128.92,0,134.5,2065,-4584,0,13450,7.8296,-0.43232
19.9,4.6362,183.23,-31.489,46.622,-128.93,0,134.5,2072,-4584,0,13450,7.8291,-0.42624
19.92,4.6375,183.28,-30.992,46.779,-128.94,0,134.5,2079,-4584,0,13450,7.8286,-0.42013
19.94,4.6387,183.34,-30.495,46.936,-128.95,0,134.5,2086,-4585,0,13450,7.8282,-0.414
19.96,4.6399,183.39,-29.998,47.092,-128.96,0,134.5,2093,-4585,0,13450,7.8276,-0.40783
19.98,4.6412,183.45,-29.501,47.249,-128.96,0,134.5,2100,-4585,0,13450,7.827,-0.40163
20,4.6424,183.5,-29.004,47.405,-128.97,0,134.5,2107,-4586,0,13450,7.8265,-0.3954
20.02,4.6436,183.55,-28.506,47.562,-128.98,0,134.5,2114,-4586,0,13450,7.8258,-0.38914
20.04,4.6448,183.6,-28.009,47.718,-128.99,0,134.5,2121,-4586,0,13450,7.8251,-0.38284
20.06,4.646,183.65,-27.512,47.875,-128.99,0,134.5,2128,-4586,0,13450,7.8246,-0.37653
20.08,4.6473,183.7,-27.014,48.031,-129,0,134.5,2135,-4587,0,13450,7.8238,-0.37018
20.1,4.6485,183.75,-26.516,48.188,-129.01,0,134.5,2142,-4587,0,13450,7.823,-0.3638
20.12,4.6497,183.79,-26.018,48.344,-129.02,0,134.5,2149,-4587,0,13450,7.8224,-0.35741
20.14,4.6509,183.84,-25.521,48.501,-129.02,0,134.5,2156,-4588,0,13450,7.8215,-0.35098
20.16,4.6521,183.89,-25.023,48.657,-129.03,0,134.5,2163,-4588,0,13450,7.8207,-0.34452
20.18,4.6534,183.93,-24.525,48.813,-129.04,0,134.5,2169,-4588,0,13450,7.8199,-0.33805
20.2,4.6546,183.97,-24.026,48.97,-129.04,0,134.5,2176,-4588,0,13450,7.819,-0.33155
20.22,4.6558,184.02,-23.528,49.126,-129.05,0,134.5,2183,-4588,0,13450,7.818,-0.32502
20.24,4.657,184.06,-23.03,49.283,-129.06,0,134.5,2190,-4589,0,13450,7.8172,-0.31847
20.26,4.6582,184.1,-22.532,49.439,-129.06,0,134.5,2197,-4589,0,13450,7.8162,-0.3119
20.28,4.6594,184.14,-22.033,49.595,-129.07,0,134.5,2204,-4589,0,13450,7.8151,-0.3053
20.3,4.6606,184.18,-21.535,49.751,-129.08,0,134.5,2211,-4589,0,13450,7.8142,-0.29868
20.32,4.6618,184.21,-21.036,49.908,-129.08,0,134.5,2218,-4590,0,13450,7.8131,-0.29205
20.34,4.6631,184.25,-20.538,50.064,-129.09,0,134.5,2225,-4590,0,13450,7.812,-0.28539
20.36,4.6643,184.29,-20.039,50.22,-129.09,0,134.5,2232,-4590,0,13450,7.8109,-0.27871
20.38,4.6655,184.32,-19.54,50.376,-129.1,0,134.5,2239,-4590,0,13450,7.8098,-0.27201
20.4,4.6667,184.36,-19.041,50.533,-129.1,0,134.5,2246,-4590,0,13450,7.8086,-0.26529
20.42,4.6679,184.39,-18.542,50.689,-129.11,0,134.5,2253,-4591,0,13450,7.8074,-0.25855
20.44,4.6691,184.42,-18.043,50.845,-129.11,0,134.5,2260,-4591,0,13450,7.8062,-0.2518
20.46,4.6703,184.45,-17.544,51.001,-129.12,0,134.5,2267,-4591,0,13450,7.8049,-0.24503
20.48,4.6715,184.49,-17.045,51.157,-129.12,0,134.5,2274,-4591,0,13450,7.8036,-0.23824
20.5,4.6727,184.52,-16.546,51.313,-129.13,0,134.5,2281,-4591,0,13450,7.8023,-0.23143
20.52,4.6739,184.54,-16.047,51.469,-129.13,0,134.5,2288,-4591,0,13450,7.801,-0.22461
20.54,4.6751,184.57,-15.548,51.625,-129.14,0,134.5,2294,-4592,0,13450,7.7996,-0.21777
20.56,4.6763,184.6,-15.049,51.781,-129.14,0,134.5,2301,-4592,0,13450,7.7982,-0.21092
20.58,4.6775,184.63,-14.549,51.937,-129.15,0,134.5,2308,-4592,0,13450,7.7968,-0.20405
20.6,4.6787,184.65,-14.05,52.093,-129.15,0,134.5,2315,-4592,0,13450,7.7953,-0.19717
20.62,4.6799,184.68,-13.551,52.249,-129.15,0,134.5,2322,-4592,0,13450,7.7938,-0.19027
20.64,4.6811,184.7,-13.051,52.405,-129.16,0,134.5,2329,-4592,0,13450,7.7923,-0.18337
20.66,4.6823,184.72,-12.552,52.561,-129.16,0,134.5,2336,-4592,0,13450,7.7907,-0.17645
20.68,4.6835,184.74,-12.052,52.716,-129.16,0,134.5,2343,-4593,0,13450,7.7891,-0.16951
20.7,4.6847,184.76,-11.553,52.872,-129.17,0,134.5,2350,-4593,0,13450,7.7876,-0.16257
20.72,4.6859,184.78,-11.053,53.028,-129.17,0,134.5,2357,-4593,0,13450,7.7859,-0.15562
20.74,4.6871,184.8,-10.553,53.184,-129.17,0,134.5,2364,-4593,0,13450,7.7843,-0.14865
20.76,4.6883,184.82,-10.054,53.339,-129.18,0,134.5,2371,-4593,0,13450,7.7826,-0.14168
20.78,4.6895,184.84,-9.5539,53.495,-129.18,0,134.5,2378,-4593,0,13450,7.7809,-0.13469
20.8,4.6907,184.86,-9.0542,53.651,-129.18,0,134.5,2384,-4593,0,13450,7.7791,-0.1277
20.82,4.6919,184.87,-8.5545,53.806,-129.19,0,134.5,2391,-4593,0,13450,7.7773,-0.12069
20.84,4.6931,184.89,-8.0547,53.962,-129.19,0,134.5,2398,-4593,0,13450,7.7755,-0.11368
20.86,4.6943,184.9,-7.5549,54.117,-129.19,0,134.5,2405,-4593,0,13450,7.7737,-0.10666
20.88,4.6955,184.91,-7.055,54.273,-129.19,0,134.5,2412,-4593,0,13450,7.7718,-0.099637
20.9,4.6967,184.92,-6.5552,54.428,-129.19,0,134.5,2419,-4594,0,13450,7.7699,-0.092605
20.92,4.6979,184.94,-6.0553,54.583,-129.2,0,134.5,2426,-4594,0,13450,7.7681,-0.085566
20.94,4.6991,184.95,-5.5554,54.739,-129.2,0,134.5,2433,-4594,0,13450,7.7661,-0.078522
20.96,4.7003,184.95,-5.0555,54.894,-129.2,0,134.5,2440,-4594,0,13450,7.7641,-0.071472
20.98,4.7015,184.96,-4.5556,55.049,-129.2,0,134.5,2447,-4594,0,13450,7.7621,-0.064417
21,4.7027,184.97,-4.0556,55.205,-129.2,0,134.5,2454,-4594,0,13450,7.7601,-0.057359
21.02,4.7039,184.98,-3.5557,55.36,-129.2,0,134.5,2460,-4594,0,13450,7.758,-0.050296
21.04,4.7051,184.98,-3.0557,55.515,-129.2,0,134.5,2467,-4594,0,13450,7.756,-0.04323
21.06,4.7063,184.99,-2.5557,55.67,-129.2,0,134.5,2474,-4594,0,13450,7.7539,-0.036161
21.08,4.7075,184.99,-2.0557,55.825,-129.2,0,134.5,2481,-4594,0,13450,7.7517,-0.029089
21.1,4.7087,185,-1.5558,55.98,-129.21,0,134.5,2488,-4594,0,13450,7.7496,-0.022016
21.12,4.7099,185,-1.0558,56.135,-129.21,0,134.5,2495,-4594,0,13450,7.7474,-0.014941
21.14,4.7111,185,-0.55576,56.29,-129.21,0,134.5,2502,-4594,0,13450,7.7452,-0.0078655
21.16,4.7123,185,-0.055758,56.445,-129.21,0,134.5,2509,-4594,0,13450,7.7429,-0.00078914
21.18,4.7135,185,0.44424,56.6,-129.21,0,134.5,2516,-4594,0,13450,7.7407,0.0062872
21.2,4.7146,185,0.94424,56.754,-129.21,0,134.5,2522,-4594,0,13450,7.7384,0.013363
21.22,4.7158,185,1.4442,56.909,-129.21,0,134.5,2529,-4594,0,13450,7.736,0.020438
21.24,4.717,184.99,1.9442,57.064,-129.2,0,134.5,2536,-4594,0,13450,7.7337,0.027512
21.26,4.7182,184.99,2.4442,57.218,-129.2,0,134.5,2543,-4594,0,13450,7.7313,0.034584
21.28,4.7194,184.98,2.9442,57.373,-129.2,0,134.5,2550,-4594,0,13450,7.7289,0.041653
21.3,4.7206,184.98,3.4442,57.528,-129.2,0,134.5,2557,-4594,0,13450,7.7265,0.04872
21.32,4.7218,184.97,3.9441,57.682,-129.2,0,134.5,2564,-4594,0,13450,7.7241,0.055784
21.34,4.723,184.97,4.4441,57.837,-129.2,0,134.5,2571,-4594,0,13450,7.7216,0.062843
21.36,4.7242,184.96,4.944,57.991,-129.2,0,134.5,2577,-4594,0,13450,7.7191,0.069899
21.38,4.7254,184.95,5.4439,58.145,-129.2,0,134.5,2584,-4594,0,13450,7.7166,0.07695
21.4,4.7266,184.94,5.9438,58.3,-129.2,0,134.5,2591,-4594,0,13450,7.714,0.083996
21.42,4.7278,184.93,6.4437,58.454,-129.19,0,134.5,2598,-4594,0,13450,7.7114,0.091035
21.44,4.729,184.91,6.9435,58.608,-129.19,0,134.5,2605,-4593,0,13450,7.7088,0.09807
21.46,4.7302,184.9,7.4434,58.762,-129.19,0,134.5,2612,-4593,0,13450,7.7062,0.1051
21.48,4.7314,184.89,7.9432,58.916,-129.19,0,134.5,2619,-4593,0,13450,7.7035,0.11212
21.5,4.7326,184.87,8.443,59.07,-129.19,0,134.5,2625,-4593,0,13450,7.7009,0.11913
21.52,4.7338,184.86,8.9428,59.224,-129.18,0,134.5,2632,-4593,0,13450,7.6982,0.12614
21.54,4.735,184.84,9.4425,59.378,-129.18,0,134.5,2639,-4593,0,13450,7.6955,0.13313
21.56,4.7362,184.83,9.9422,59.532,-129.18,0,134.5,2646,-4593,0,13450,7.6927,0.14012
21.58,4.7374,184.81,10.442,59.686,-129.18,0,134.5,2653,-4593,0,13450,7.69,0.1471
21.6,4.7386,184.79,10.942,59.84,-129.17,0,134.5,2660,-4593,0,13450,7.6872,0.15406
21.62,4.7398,184.77,11.441,59.994,-129.17,0,134.5,2666,-4593,0,13450,7.6843,0.16102
21.64,4.741,184.75,11.941,60.147,-129.17,0,134.5,2673,-4593,0,13450,7.6815,0.16797
21.66,4.7422,184.73,12.44,60.301,-129.16,0,134.5,2680,-4592,0,13450,7.6787,0.1749
21.68,4.7434,184.7,12.94,60.454,-129.16,0,134.5,2687,-4592,0,13450,7.6758,0.18183
21.7,4.7446,184.68,13.439,60.608,-129.15,0,134.5,2694,-4592,0,13450,7.6729,0.18874
21.72,4.7458,184.66,13.939,60.761,-129.15,0,134.5,2701,-4592,0,13450,7.67,0.19563
21.74,4.747,184.63,14.438,60.915,-129.15,0,134.5,2707,-4592,0,13450,7.667,0.20252
21.76,4.7482,184.61,14.937,61.068,-129.14,0,134.5,2714,-4592,0,13450,7.664,0.20939
21.78,4.7494,184.58,15.437,61.221,-129.14,0,134.5,2721,-4592,0,13450,7.6611,0.21624
21.8,4.7506,184.55,15.936,61.374,-129.13,0,134.5,2728,-4591,0,13450,7.6581,0.22309
21.82,4.7518,184.52,16.435,61.528,-129.13,0,134.5,2735,-4591,0,13450,7.655,0.22991
21.84,4.753,184.49,16.934,61.681,-129.13,0,134.5,2741,-4591,0,13450,7.652,0.23672
21.86,4.7542,184.46,17.433,61.834,-129.12,0,134.5,2748,-4591,0,13450,7.649,0.24351
21.88,4.7554,184.43,17.932,61.987,-129.12,0,134.5,2755,-4591,0,13450,7.6459,0.25029
21.9,4.7566,184.4,18.431,62.139,-129.11,0,134.5,2762,-4591,0,13450,7.6427,0.25705
21.92,4.7578,184.36,18.93,62.292,-129.11,0,134.5,2769,-4590,0,13450,7.6396,0.26379
21.94,4.759,184.33,19.429,62.445,-129.1,0,134.5,2775,-4590,0,13450,7.6365,0.27051
21.96,4.7602,184.3,19.928,62.598,-129.09,0,134.5,2782,-4590,0,13450,7.6333,0.27721
21.98,4.7615,184.26,20.426,62.75,-129.09,0,134.5,2789,-4590,0,13450,7.6302,0.2839
22,4.7627,184.22,20.925,62.903,-129.08,0,134.5,2796,-4590,0,13450,7.627,0.29056
22.02,4.7639,184.19,21.424,63.055,-129.08,0,134.5,2802,-4589,0,13450,7.6237,0.2972
22.04,4.7651,184.15,21.922,63.208,-129.07,0,134.5,2809,-4589,0,13450,7.6205,0.30383
22.06,4.7663,184.11,22.421,63.36,-129.06,0,134.5,2816,-4589,0,13450,7.6173,0.31043
22.08,4.7675,184.07,22.919,63.513,-129.06,0,134.5,2823,-4589,0,13450,7.614,0.317
22.1,4.7687,184.03,23.417,63.665,-129.05,0,134.5,2830,-4589,0,13450,7.6107,0.32356
22.12,4.7699,183.98,23.915,63.817,-129.05,0,134.5,2836,-4588,0,13450,7.6075,0.33009
22.14,4.7712,183.94,24.414,63.969,-129.04,0,134.5,2843,-4588,0,13450,7.6041,0.3366
22.16,4.7724,183.9,24.912,64.121,-129.03,0,134.5,2850,-4588,0,13450,7.6008,0.34308
22.18,4.7736,183.85,25.41,64.273,-129.03,0,134.5,2857,-4588,0,13450,7.5975,0.34954
22.2,4.7748,183.81,25.907,64.425,-129.02,0,134.5,2863,-4587,0,13450,7.5941,0.35597
22.22,4.776,183.76,26.405,64.577,-129.01,0,134.5,2870,-4587,0,13450,7.5907,0.36238
22.24,4.7772,183.71,26.903,64.729,-129,0,134.5,2877,-4587,0,13450,7.5874,0.36876
22.26,4.7785,183.66,27.401,64.88,-129,0,134.5,2884,-4587,0,13450,7.5839,0.37511
22.28,4.7797,183.61,27.898,65.032,-128.99,0,134.5,2890,-4586,0,13450,7.5805,0.38144
22.3,4.7809,183.56,28.396,65.184,-128.98,0,134.5,2897,-4586,0,13450,7.5772,0.38774
22.32,4.7821,183.51,28.893,65.335,-128.97,0,134.5,2904,-4586,0,13450,7.5737,0.394
22.34,4.7834,183.46,29.39,65.487,-128.97,0,134.5,2911,-4585,0,13450,7.5702,0.40024
22.36,4.7846,183.41,29.887,65.638,-128.96,0,134.5,2917,-4585,0,13450,7.5668,0.40645
22.38,4.7858,183.35,30.384,65.789,-128.95,0,134.5,2924,-4585,0,13450,7.5633,0.41262
22.4,4.787,183.3,30.881,65.94,-128.94,0,134.5,2931,-4585,0,13450,7.5598,0.41877
22.42,4.7883,183.24,31.378,66.092,-128.93,0,134.5,2937,-4584,0,13450,7.5564,0.42489
22.44,4.7895,183.18,31.875,66.243,-128.92,0,134.5,2944,-4584,0,13450,7.5528,0.43096
22.46,4.7907,183.12,32.372,66.394,-128.91,0,134.5,2951,-4584,0,13450,7.5493,0.43701
22.48,4.792,183.07,32.868,66.545,-128.91,0,134.5,2958,-4583,0,13450,7.5459,0.44303
22.5,4.7932,183.01,33.365,66.696,-128.9,0,134.5,2964,-4583,0,13450,7.5422,0.449
22.52,4.7944,182.95,33.861,66.846,-128.89,0,134.5,2971,-4583,0,13450,7.5388,0.45495
22.54,4.7957,182.88,34.357,66.997,-128.88,0,134.5,2978,-4582,0,13450,7.5353,0.46086
22.56,4.7969,182.82,34.853,67.148,-128.87,0,134.5,2984,-4582,0,13450,7.5316,0.46672
22.58,4.7981,182.76,35.349,67.298,-128.86,0,134.5,2991,-4582,0,13450,7.5281,0.47256
22.6,4.7994,182.69,35.845,67.449,-128.85,0,134.5,2998,-4581,0,13450,7.5246,0.47836
22.62,4.8006,182.63,36.341,67.599,-128.84,0,134.5,3004,-4581,0,13450,7.5209,0.48411
22.64,4.8019,182.56,36.836,67.75,-128.83,0,134.5,3011,-4581,0,13450,7.5174,0.48983
22.66,4.8031,182.49,37.332,67.9,-128.82,0,134.5,3018,-4580,0,13450,7.5138,0.49551
22.68,4.8044,182.43,37.827,68.05,-128.81,0,134.5,3024,-4580,0,13450,7.5102,0.50114
22.7,4.8056,182.36,38.322,68.2,-128.8,0,134.5,3031,-4580,0,13450,7.5067,0.50675
22.72,4.8068,182.29,38.817,68.351,-128.79,0,134.5,3038,-4579,0,13450,7.503,0.51229
22.74,4.8081,182.22,39.312,68.501,-128.78,0,134.5,3044,-4579,0,13450,7.4995,0.51781
22.76,4.8094,182.14,39.807,68.651,-128.77,0,134.5,3051,-4579,0,13450,7.4959,0.52327
22.78,4.8106,182.07,40.301,68.8,-128.76,0,134.5,3058,-4578,0,13450,7.4923,0.5287
22.8,4.8119,182,40.796,68.95,-128.75,0,134.5,3064,-4578,0,13450,7.4887,0.53408
22.82,4.8131,181.92,41.29,69.1,-128.74,0,134.5,3071,-4577,0,13450,7.485,0.5394
22.84,4.8144,181.84,41.784,69.25,-128.73,0,134.5,3078,-4577,0,13450,7.4815,0.54469
22.86,4.8156,181.77,42.278,69.399,-128.72,0,134.5,3084,-4577,0,13450,7.4779,0.54993
22.88,4.8169,181.69,42.772,69.549,-128.71,0,134.5,3091,-4576,0,13450,7.4743,0.55512
22.9,4.8182,181.61,43.266,69.698,-128.69,0,134.5,3098,-4576,0,13450,7.4707,0.56027
22.92,4.8194,181.53,43.76,69.848,-128.68,0,134.5,3104,-4575,0,13450,7.4671,0.56535
22.94,4.8207,181.45,44.253,69.997,-128.67,0,134.5,3111,-4575,0,13450,7.4635,0.5704
22.96,4.822,181.37,44.746,70.146,-128.66,0,134.5,3118,-4575,0,13450,7.4599,0.57538
22.98,4.8232,181.28,45.239,70.295,-128.65,0,134.5,3124,-4574,0,13450,7.4563,0.58032
23,4.8245,181.2,45.732,70.444,-128.64,0,134.5,3131,-4574,0,13450,7.4528,0.58521
23.02,4.8258,181.12,46.225,70.593,-128.63,0,134.5,3137,-4573,0,13450,7.4492,0.59004
23.04,4.827,181.03,46.717,70.742,-128.61,0,134.5,3144,-4573,0,13450,7.4457,0.59482
23.06,4.8283,180.94,47.21,70.891,-128.6,0,134.5,3151,-4573,0,13450,7.442,0.59953
23.08,4.8296,180.86,47.702,71.04,-128.59,0,134.5,3157,-4572,0,13450,7.4385,0.6042
23.1,4.8309,180.77,48.194,71.189,-128.58,0,134.5,3164,-4572,0,13450,7.4349,0.6088
23.12,4.8322,180.68,48.686,71.337,-128.57,0,134.5,3171,-4571,0,13450,7.4314,0.61335
23.14,4.8335,180.59,49.178,71.486,-128.55,0,134.5,3177,-4571,0,13450,7.4279,0.61784
23.16,4.8347,180.49,49.669,71.635,-128.54,0,134.5,3184,-4570,0,13450,7.4244,0.62226
23.18,4.836,180.4,50.16,71.783,-128.53,0,134.5,3190,-4570,0,13450,7.4209,0.62663
23.2,4.8373,180.31,50.651,71.931,-128.52,0,134.5,3197,-4569,0,13450,7.4174,0.63093
23.22,4.8386,180.21,51.142,72.08,-128.5,0,134.5,3204,-4569,0,13450,7.4139,0.63517
23.24,4.8399,180.12,51.633,72.228,-128.49,0,134.5,3210,-4569,0,13450,7.4104,0.63935
23.26,4.8412,180.02,52.123,72.376,-128.48,0,134.5,3217,-4568,0,13450,7.407,0.64346
23.28,4.8425,179.92,52.614,72.524,-128.46,0,134.5,3223,-4568,0,13450,7.4035,0.6475
23.3,4.8438,179.82,53.104,72.672,-128.45,0,134.5,3230,-4567,0,13450,7.4001,0.65148
23.32,4.8451,179.72,53.594,72.82,-128.44,0,134.5,3236,-4567,0,13450,7.3967,0.65538
23.34,4.8464,179.62,54.083,72.968,-128.43,0,134.5,3243,-4566,0,13450,7.3933,0.65922
23.36,4.8477,179.52,54.573,73.116,-128.41,0,134.5,3250,-4566,0,13450,7.3899,0.66299
23.38,4.849,179.41,55.062,73.264,-128.4,0,134.5,3256,-4565,0,13450,7.3865,0.66668
23.4,4.8504,179.31,55.551,73.411,-128.39,0,134.5,3263,-4565,0,13450,7.3832,0.6703
23.42,4.8517,179.2,56.039,73.559,-128.37,0,134.5,3269,-4564,0,13450,7.3799,0.67385
23.44,4.853,179.1,56.528,73.707,-128.36,0,134.5,3276,-4564,0,13450,7.3766,0.67732
23.46,4.8543,178.99,57.016,73.854,-128.35,0,134.5,3282,-4563,0,13450,7.3733,0.68071
23.48,4.8556,178.88,57.504,74.002,-128.33,0,134.5,3289,-4563,0,13450,7.3701,0.68403
23.5,4.857,178.77,57.992,74.149,-128.32,0,134.5,3296,-4562,0,13450,7.3668,0.68726
23.52,4.8583,178.66,58.48,74.296,-128.3,0,134.5,3302,-4562,0,13450,7.3636,0.69042
23.54,4.8596,178.55,58.967,74.443,-128.29,0,134.5,3309,-4561,0,13450,7.3604,0.69349
23.56,4.861,178.43,59.454,74.591,-128.28,0,134.5,3315,-4561,0,13450,7.3573,0.69648
23.58,4.8623,178.32,59.941,74.738,-128.26,0,134.5,3322,-4560,0,13450,7.3542,0.69939
23.6,4.8636,178.2,60.427,74.885,-128.25,0,134.5,3328,-4560,0,13450,7.351,0.70221
23.62,4.865,178.09,60.913,75.032,-128.23,0,134.5,3335,-4559,0,13450,7.348,0.70494
23.64,4.8663,177.97,61.399,75.179,-128.22,0,134.5,3341,-4559,0,13450,7.3449,0.70758
23.66,4.8677,177.85,61.885,75.326,-128.21,0,134.5,3348,-4558,0,13450,7.3419,0.71014
23.68,4.869,177.73,62.371,75.472,-128.19,0,134.5,3354,-4558,0,13450,7.3388,0.71259
23.7,4.8704,177.61,62.856,75.619,-128.18,0,134.5,3361,-4557,0,13450,7.336,0.71496
23.72,4.8717,177.49,63.341,75.766,-128.16,0,134.5,3367,-4557,0,13450,7.3331,0.71724
23.74,4.8731,177.37,63.825,75.912,-128.15,0,134.5,3374,-4556,0,13450,7.3301,0.7194
23.76,4.8745,177.24,64.309,76.059,-128.13,0,134.5,3380,-4556,0,13450,7.3274,0.72148
23.78,4.8758,177.12,64.793,76.206,-128.12,0,134.5,3387,-4555,0,13450,7.3244,0.72345
23.8,4.8772,176.99,65.277,76.352,-128.11,0,134.5,3393,-4555,0,13450,7.3217,0.72533
23.82,4.8786,176.86,65.76,76.498,-128.09,0,134.5,3400,-4554,0,13450,7.3191,0.72711
23.84,4.88,176.73,66.244,76.645,-128.08,0,134.5,3406,-4554,0,13450,7.3162,0.72875
23.86,4.8813,176.6,66.726,76.791,-128.06,0,134.5,3413,-4553,0,13450,7.3137,0.73032
23.88,4.8827,176.47,67.209,76.937,-128.05,0,134.5,3419,-4553,0,13450,7.3111,0.73177
23.9,4.8841,176.34,67.691,77.084,-128.03,0,134.5,3426,-4552,0,13450,7.3084,0.73309
23.92,4.8855,176.2,68.173,77.23,-128.02,0,134.5,3432,-4552,0,13450,7.306,0.73433
23.94,4.8869,176.07,68.654,77.376,-128,0,134.5,3439,-4551,0,13450,7.3036,0.73544
23.96,4.8883,175.93,69.135,77.522,-127.99,0,134.5,3445,-4551,0,13450,7.301,0.73641
23.98,4.8897,175.8,69.616,77.668,-127.97,0,134.5,3452,-4550,0,13450,7.2988,0.7373
24,4.8911,175.66,70.096,77.814,-127.96,0,134.5,3458,-4550,0,13450,7.2965,0.73805
24.02,4.8925,175.52,70.576,77.96,-127.94,0,134.5,3465,-4549,0,13450,7.294,0.73866
24.04,4.8939,175.38,71.056,78.106,-127.93,0,134.5,3471,-4549,0,13450,7.2919,0.73918
24.06,4.8953,175.23,71.535,78.251,-127.91,0,134.5,3478,-4548,0,13450,7.2899,0.73956
24.08,4.8968,175.09,72.014,78.397,-127.9,0,134.5,3484,-4548,0,13450,7.2876,0.73978
24.1,4.8982,174.95,72.493,78.543,-127.88,0,134.5,3491,-4547,0,13450,7.2855,0.73989
24.12,4.8996,174.8,72.971,78.689,-127.87,0,134.5,3497,-4546,0,13450,7.2837,0.73988
24.14,4.901,174.65,73.449,78.834,-127.86,0,134.5,3504,-4546,0,13450,7.2817,0.73971
24.16,4.9025,174.5,73.926,78.98,-127.84,0,134.5,3510,-4545,0,13450,7.2797,0.73939
24.18,4.9039,174.35,74.403,79.125,-127.83,0,134.5,3517,-4545,0,13450,7.2779,0.73895
24.2,4.9054,174.2,74.88,79.271,-127.81,0,134.5,3523,-4544,0,13450,7.2764,0.73837
24.22,4.9068,174.05,75.356,79.416,-127.8,0,134.5,3530,-4544,0,13450,7.2746,0.73762
24.24,4.9083,173.9,75.832,79.562,-127.78,0,134.5,3536,-4543,0,13450,7.2729,0.73671
24.26,4.9097,173.74,76.307,79.707,-127.77,0,134.5,3543,-4543,0,13450,7.2713,0.73565
24.28,4.9112,173.59,76.782,79.853,-127.75,0,134.5,3549,-4542,0,13450,7.27,0.73446
24.3,4.9127,173.43,77.257,79.998,-127.74,0,134.5,3555,-4542,0,13450,7.2687,0.7331
24.32,4.9141,173.27,77.731,80.144,-127.72,0,134.5,3562,-4541,0,13450,7.2673,0.73156
24.34,4.9156,173.11,78.205,80.289,-127.71,0,134.5,3568,-4541,0,13450,7.266,0.72985
24.36,4.9171,172.95,78.678,80.434,-127.69,0,134.5,3575,-4540,0,13450,7.2647,0.72797
24.38,4.9186,172.78,79.15,80.579,-127.68,0,134.5,3581,-4540,0,13450,7.2637,0.72593
24.4,4.9201,172.62,79.623,80.725,-127.66,0,134.5,3588,-4539,0,13450,7.2629,0.72372
24.42,4.9216,172.45,80.094,80.87,-127.65,0,134.5,3594,-4539,0,13450,7.262,0.72132
24.44,4.9231,172.29,80.565,81.015,-127.64,0,134.5,3601,-4538,0,13450,7.2611,0.71872
24.46,4.9246,172.12,81.036,81.16,-127.62,0,134.5,3607,-4538,0,13450,7.2603,0.71593
24.48,4.9261,171.95,81.506,81.306,-127.61,0,134.5,3614,-4537,0,13450,7.2596,0.71295
24.5,4.9276,171.78,81.976,81.451,-127.59,0,134.5,3620,-4537,0,13450,7.259,0.70978
24.52,4.9291,171.6,82.445,81.596,-127.58,0,134.5,3626,-4536,0,13450,7.2585,0.7064
24.54,4.9307,171.43,82.914,81.741,-127.56,0,134.5,3633,-4536,0,13450,7.2581,0.70282
24.56,4.9322,171.25,83.382,81.886,-127.55,0,134.5,3639,-4535,0,13450,7.2579,0.69903
24.58,4.9337,171.08,83.849,82.031,-127.54,0,134.5,3646,-4535,0,13450,7.2577,0.69502
24.6,4.9353,170.9,84.316,82.177,-127.52,0,134.5,3652,-4534,0,13450,7.2577,0.6908
24.62,4.9368,170.72,84.783,82.322,-127.51,0,134.5,3659,-4534,0,13450,7.2578,0.68635
24.64,4.9384,170.54,85.249,82.467,-127.5,0,134.5,3665,-4533,0,13450,7.2579,0.68166
24.66,4.94,170.35,85.714,82.612,-127.48,0,134.5,3672,-4533,0,13450,7.2581,0.67674
24.68,4.9415,170.17,86.178,82.757,-127.47,0,134.5,3678,-4532,0,13450,7.2585,0.67157
24.7,4.9431,169.98,86.642,82.902,-127.45,0,134.5,3685,-4532,0,13450,7.2589,0.66616
24.72,4.9447,169.79,87.106,83.048,-127.44,0,134.5,3691,-4531,0,13450,7.2595,0.66049
24.74,4.9463,169.6,87.569,83.193,-127.43,0,134.5,3697,-4531,0,13450,7.2603,0.65458
24.76,4.9479,169.41,88.031,83.338,-127.42,0,134.5,3704,-4530,0,13450,7.2612,0.6484
24.78,4.9495,169.22,88.492,83.483,-127.4,0,134.5,3710,-4530,0,13450,7.2622,0.64194
24.8,4.9511,169.03,88.953,83.628,-127.39,0,134.5,3717,-4529,0,13450,7.2633,0.6352
24.82,4.9527,168.83,89.413,83.774,-127.38,0,134.5,3723,-4529,0,13450,7.2645,0.62817
24.84,4.9544,168.63,89.872,83.919,-127.36,0,134.5,3730,-4529,0,13450,7.2658,0.62086
24.86,4.956,168.43,90.331,84.064,-127.35,0,134.5,3736,-4528,0,13450,7.2673,0.61323
24.88,4.9576,168.23,90.789,84.21,-127.34,0,134.5,3743,-4528,0,13450,7.2689,0.60531
24.9,4.9593,168.03,91.246,84.355,-127.33,0,134.5,3749,-4527,0,13450,7.2706,0.59706
24.92,4.9609,167.83,91.702,84.501,-127.32,0,134.5,3756,-4527,0,13450,7.2726,0.5885
24.94,4.9626,167.62,92.158,84.646,-127.3,0,134.5,3762,-4526,0,13450,7.2749,0.57962
24.96,4.9643,167.41,92.613,84.792,-127.29,0,134.5,3769,-4526,0,13450,7.2771,0.57038
24.98,4.966,167.2,93.067,84.937,-127.28,0,134.5,3775,-4526,0,13450,7.2793,0.56078
25,4.9676,166.99,93.52,85.083,-127.27,0,134.5,3781,-4525,0,13450,7.2817,0.55082
25.02,4.9693,166.78,93.973,85.228,-127.26,0,134.5,3788,-4525,0,13450,7.2846,0.54051
25.04,4.9711,166.56,94.424,85.374,-127.25,0,134.5,3794,-4524,0,13450,7.2877,0.52983
25.06,4.9728,166.35,94.875,85.52,-127.24,0,134.5,3801,-4524,0,13450,7.2905,0.51872
25.08,4.9745,166.13,95.325,85.666,-127.23,0,134.5,3807,-4524,0,13450,7.2937,0.50722
25.1,4.9762,165.91,95.773,85.812,-127.22,0,134.5,3814,-4523,0,13450,7.2973,0.49532
25.12,4.978,165.69,96.221,85.958,-127.21,0,134.5,3820,-4523,0,13450,7.3008,0.48298
25.14,4.9797,165.46,96.668,86.104,-127.2,0,134.5,3827,-4523,0,13450,7.3045,0.4702
25.16,4.9815,165.24,97.114,86.25,-127.19,0,134.5,3833,-4522,0,13450,7.3086,0.45699
25.18,4.9833,165.01,97.559,86.396,-127.18,0,134.5,3840,-4522,0,13450,7.3126,0.44328
25.2,4.985,164.78,98.003,86.542,-127.17,0,134.5,3846,-4522,0,13450,7.317,0.42912
25.22,4.9868,164.55,98.446,86.689,-127.16,0,134.5,3853,-4521,0,13450,7.3217,0.41446
25.24,4.9886,164.31,98.888,86.835,-127.16,0,134.5,3859,-4521,0,13450,7.3263,0.39927
25.26,4.9904,164.08,99.329,86.982,-127.15,0,134.5,3866,-4521,0,13450,7.3314,0.38357
25.28,4.9923,163.84,99.769,87.128,-127.14,0,134.5,3872,-4521,0,13450,7.3366,0.36732
25.3,4.9941,163.6,100.21,87.275,-127.13,0,134.5,3879,-4520,0,13450,7.342,0.35051
25.32,4.996,163.36,100.64,87.422,-127.13,0,134.5,3885,-4520,0,13450,7.3477,0.33313
25.34,4.9978,163.11,101.08,87.569,-127.12,0,134.5,3892,-4520,0,13450,7.3534,0.31514
25.36,4.9997,162.87,101.52,87.716,-127.11,0,134.5,3899,-4520,0,13450,7.3597,0.29653
25.38,5.0016,162.62,101.95,87.864,-127.11,0,134.5,3905,-4519,0,13450,7.3661,0.27729
25.4,5.0035,162.37,102.38,88.011,-127.1,0,134.5,3912,-4519,0,13450,7.3725,0.25737
25.42,5.0054,162.11,102.81,88.158,-127.1,0,134.5,3918,-4519,0,13450,7.3796,0.23678
25.44,5.0073,161.86,103.24,88.306,-127.09,0,134.5,3925,-4519,0,13450,7.3866,0.21548
25.46,5.0092,161.6,103.67,88.454,-127.09,0,134.5,3931,-4519,0,13450,7.3938,0.19343
25.48,5.0112,161.34,104.1,88.602,-127.08,0,134.5,3938,-4519,0,13450,7.4016,0.17063
25.5,5.0132,161.08,104.52,88.75,-127.08,0,134.5,3944,-4518,0,13450,7.4097,0.14703
25.52,5.0151,160.81,104.95,88.898,-127.08,0,134.5,3951,-4518,0,13450,7.4177,0.12261
25.54,5.0171,160.54,105.37,89.047,-127.08,0,134.5,3958,-4518,0,13450,7.426,0.097341
25.56,5.0191,160.27,105.79,89.195,-127.08,0,134.5,3964,-4518,0,13450,7.4347,0.071187
25.58,5.0212,160,106.21,89.344,-127.07,0,134.5,3971,-4518,0,13450,7.444,0.044114
25.6,5.0232,159.72,106.63,89.493,-127.07,0,134.5,3977,-4518,0,13450,7.4534,0.016082
25.62,5.0253,159.45,107.04,89.642,-127.07,0,134.5,3984,-4518,0,13450,7.463,-0.012945
25.64,5.0274,159.17,107.46,89.792,-127.07,0,134.5,3991,-4518,0,13450,7.4729,-0.043007
25.66,5.0294,158.88,107.87,89.941,-127.07,0,134.5,3997,-4518,0,13450,7.4831,-0.074148
25.68,5.0316,158.6,108.28,90.091,-127.08,0,134.5,4004,-4518,0,13450,7.4936,-0.10641
25.7,5.0337,158.31,108.69,90.241,-127.08,0,134.5,4011,-4518,0,13450,7.5044,-0.13985
25.72,5.0358,158.02,109.09,90.391,-127.08,0,134.5,4017,-4518,0,13450,7.5158,-0.17451
25.74,5.038,157.72,109.5,90.541,-127.09,0,134.5,4024,-4519,0,13450,7.5275,-0.21045
25.76,5.0402,157.42,109.9,90.692,-127.09,0,134.5,4031,-4519,0,13450,7.5393,-0.24772
25.78,5.0424,157.12,110.3,90.843,-127.1,0,134.5,4037,-4519,0,13450,7.5513,-0.28638
25.8,5.0446,156.82,110.69,90.994,-127.1,0,134.5,4044,-4519,0,13450,7.5636,-0.32649
25.82,5.0469,156.51,111.09,91.146,-127.11,0,134.5,4051,-4519,0,13450,7.5767,-0.36815
25.84,5.0492,156.2,111.48,91.297,-127.12,0,134.5,4058,-4520,0,13450,7.5899,-0.4114
25.86,5.0515,155.89,111.87,91.449,-127.13,0,134.5,4064,-4520,0,13450,7.6032,-0.45631
25.88,5.0538,155.57,112.26,91.601,-127.14,0,134.5,4071,-4520,0,13450,7.6171,-0.503
25.9,5.0561,155.25,112.64,91.754,-127.15,0,134.5,4078,-4521,0,13450,7.6311,-0.55152
25.92,5.0585,154.92,113.02,91.907,-127.16,0,134.5,4085,-4521,0,13450,7.6454,-0.60197
25.94,5.0609,154.6,113.4,92.06,-127.17,0,134.5,4092,-4522,0,13450,7.6602,-0.65448
25.96,5.0633,154.27,113.77,92.213,-127.18,0,134.5,4098,-4522,0,13450,7.6751,-0.7091
25.98,5.0658,153.93,114.14,92.367,-127.2,0,134.5,4105,-4523,0,13450,7.6902,-0.76598
26,5.0683,153.59,114.51,92.521,-127.21,0,134.5,4112,-4523,0,13450,7.7059,-0.82527
26.02,5.0708,153.25,114.88,92.675,-127.23,0,134.5,4119,-4524,0,13450,7.7216,-0.88704
26.04,5.0733,152.9,115.24,92.83,-127.25,0,134.5,4126,-4524,0,13450,7.7373,-0.95143
26.06,5.0759,152.55,115.59,92.984,-127.27,0,134.5,4133,-4525,0,13450,7.7532,-1.0186
26.08,5.0785,152.2,115.94,93.14,-127.29,0,134.5,4140,-4526,0,13450,7.7693,-1.0887
26.1,5.0812,151.84,116.29,93.295,-127.31,0,134.5,4146,-4527,0,13450,7.7853,-1.162
26.12,5.0838,151.48,116.64,93.451,-127.34,0,134.5,4153,-4528,0,13450,7.8013,-1.2385
26.14,5.0865,151.11,116.97,93.607,-127.36,0,134.5,4160,-4528,0,13450,7.8172,-1.3185
26.16,5.0893,150.74,117.31,93.764,-127.39,0,134.5,4167,-4529,0,13450,7.8333,-1.4022
26.18,5.0921,150.36,117.64,93.921,-127.42,0,134.5,4174,-4530,0,13450,7.8487,-1.4897
26.2,5.0949,149.98,117.96,94.078,-127.45,0,134.5,4181,-4532,0,13450,7.8637,-1.5814
26.22,5.0978,149.59,118.28,94.235,-127.48,0,134.5,4188,-4533,0,13450,7.8782,-1.6775
26.24,5.1007,149.2,118.59,94.393,-127.52,0,134.5,4195,-4534,0,13450,7.8921,-1.7782
26.26,5.1037,148.8,118.89,94.551,-127.55,0,134.5,4202,-4535,0,13450,7.9051,-1.8839
26.28,5.1067,148.4,119.19,94.709,-127.59,0,134.5,4209,-4537,0,13450,7.9166,-1.9947
26.3,5.1098,147.99,119.48,94.867,-127.63,0,134.5,4216,-4538,0,13450,7.9269,-2.1111
26.32,5.1129,147.58,119.76,95.026,-127.68,0,134.5,4223,-4540,0,13450,7.9356,-2.2333
26.34,5.1161,147.16,120.04,95.185,-127.72,0,134.5,4230,-4541,0,13450,7.9421,-2.3616
26.36,5.1194,146.74,120.3,95.344,-127.77,0,134.5,4238,-4543,0,13450,7.946,-2.4964
26.38,5.1227,146.31,120.56,95.503,-127.82,0,134.5,4245,-4545,0,13450,7.9468,-2.6381
26.4,5.126,145.87,120.8,95.662,-127.88,0,134.5,4252,-4547,0,13450,7.9442,-2.787
26.42,5.1294,145.43,121.04,95.821,-127.93,0,134.5,4259,-4549,0,13450,7.9373,-2.9434
26.44,5.1329,144.98,121.26,95.979,-127.99,0,134.5,4266,-4551,0,13450,7.925,-3.1076
26.46,5.1365,144.53,121.47,96.138,-128.06,0,134.5,4273,-4553,0,13450,7.9068,-3.2799
26.48,5.1401,144.07,121.67,96.295,-128.12,0,134.5,4280,-4556,0,13450,7.8818,-3.4605
26.5,5.1438,143.61,121.86,96.453,-128.2,0,134.5,4287,-4558,0,13450,7.8486,-3.6496
26.52,5.1476,143.14,122.03,96.609,-128.27,0,134.5,4294,-4561,0,13450,7.8056,-3.8471
26.54,5.1514,142.66,122.18,96.765,-128.35,0,134.5,4301,-4564,0,13450,7.7514,-4.0528
26.56,5.1553,142.18,122.32,96.919,-128.43,0,134.5,4308,-4567,0,13450,7.6845,-4.2665
26.58,5.1593,141.7,122.44,97.072,-128.52,0,134.5,4314,-4570,0,13450,7.6032,-4.4878
26.6,5.1634,141.21,122.54,97.224,-128.61,0,134.5,4321,-4573,0,13450,7.5051,-4.7155
26.62,5.1676,140.71,122.62,97.373,-128.71,0,134.5,4328,-4576,0,13450,7.3884,-4.9486
26.64,5.1718,140.22,122.68,97.519,-128.81,0,134.5,4334,-4580,0,13450,7.251,-5.1855
26.66,5.1761,139.72,122.72,97.663,-128.92,0,134.5,4341,-4584,0,13450,7.0911,-5.4243
26.68,5.1804,139.22,122.73,97.803,-129.03,0,134.5,4347,-4588,0,13450,6.9068,-5.6625
26.7,5.1849,138.72,122.71,97.939,-129.14,0,134.5,4353,-4592,0,13450,6.6967,-5.8974
26.72,5.1894,138.22,122.68,98.071,-129.26,0,134.5,4359,-4596,0,13450,6.4599,-6.1258
26.74,5.1939,137.73,122.61,98.197,-129.39,0,134.5,4364,-4600,0,13450,6.1964,-6.3447
26.76,5.1985,137.23,122.52,98.318,-129.52,0,134.5,4370,-4605,0,13450,5.9066,-6.5504
26.78,5.2031,136.75,122.4,98.434,-129.65,0,134.5,4375,-4610,0,13450,5.5921,-6.7401
26.8,5.2077,136.27,122.25,98.542,-129.79,0,134.5,4380,-4615,0,13450,5.2552,-6.9111
26.82,5.2123,135.8,122.08,98.644,-129.93,0,134.5,4384,-4620,0,13450,4.899,-7.0609
26.84,5.2169,135.34,121.88,98.738,-130.07,0,134.5,4388,-4625,0,13450,4.5272,-7.1883
26.86,5.2215,134.9,121.65,98.825,-130.21,0,134.5,4392,-4630,0,13450,4.1439,-7.2925
26.88,5.226,134.46,121.4,98.904,-130.36,0,134.5,4396,-4635,0,13450,3.7534,-7.3734
26.9,5.2305,134.04,121.13,98.975,-130.51,0,134.5,4399,-4640,0,13450,3.3598,-7.4319
26.92,5.235,133.64,120.84,99.038,-130.66,0,134.5,4402,-4646,0,13450,2.9669,-7.4691
26.94,5.2394,133.25,120.52,99.094,-130.81,0,134.5,4404,-4651,0,13450,2.5781,-7.4868
26.96,5.2437,132.88,120.19,99.141,-130.96,0,134.5,4406,-4656,0,13450,2.1962,-7.4868
26.98,5.248,132.52,119.84,99.182,-131.11,0,134.5,4408,-4662,0,13450,1.8234,-7.4712
27,5.2522,132.17,119.48,99.214,-131.26,0,134.5,4410,-4667,0,13450,1.4616,-7.4423
27.02,5.2563,131.85,119.1,99.24,-131.41,0,134.5,4411,-4672,0,13450,1.1117,-7.4017
27.04,5.2604,131.53,118.71,99.259,-131.55,0,134.5,4412,-4677,0,13450,0.77462,-7.3514
27.06,5.2644,131.24,118.31,99.271,-131.7,0,134.5,4412,-4683,0,13450,0.45071,-7.2933
27.08,5.2683,130.95,117.9,99.277,-131.84,0,134.5,4412,-4688,0,13450,0.13999,-7.2287
27.1,5.2721,130.69,117.48,99.277,-131.99,0,134.5,4412,-4693,0,13450,-0.15766,-7.1586
27.12,5.2759,130.43,117.05,99.271,-132.13,0,134.5,4412,-4698,0,13450,-0.44257,-7.0845
27.14,5.2796,130.19,116.61,99.259,-132.27,0,134.5,4412,-4703,0,13450,-0.71517,-7.0074
27.16,5.2832,129.96,116.17,99.242,-132.41,0,134.5,4411,-4708,0,13450,-0.97599,-6.9278
27.18,5.2868,129.74,115.72,99.22,-132.55,0,134.5,4410,-4713,0,13450,-1.2256,-6.8464
27.2,5.2903,129.53,115.26,99.193,-132.68,0,134.5,4409,-4718,0,13450,-1.4645,-6.7638
27.22,5.2937,129.34,114.8,99.161,-132.82,0,134.5,4407,-4722,0,13450,-1.6934,-6.6805
27.24,5.2971,129.16,114.33,99.125,-132.95,0,134.5,4406,-4727,0,13450,-1.9128,-6.5969
27.26,5.3004,128.98,113.87,99.085,-133.08,0,134.5,4404,-4732,0,13450,-2.1232,-6.513
27.28,5.3037,128.82,113.39,99.04,-133.21,0,134.5,4402,-4736,0,13450,-2.3254,-6.4294
27.3,5.3069,128.66,112.92,98.992,-133.34,0,134.5,4400,-4741,0,13450,-2.5197,-6.3461
27.32,5.3101,128.52,112.44,98.939,-133.47,0,134.5,4397,-4745,0,13450,-2.7066,-6.2633
27.34,5.3132,128.38,111.96,98.883,-133.59,0,134.5,4395,-4750,0,13450,-2.8866,-6.181
27.36,5.3163,128.26,111.47,98.824,-133.71,0,134.5,4392,-4754,0,13450,-3.0601,-6.0995
27.38,5.3193,128.14,110.99,98.761,-133.83,0,134.5,4389,-4759,0,13450,-3.2276,-6.0188
27.4,5.3223,128.03,110.5,98.695,-133.95,0,134.5,4386,-4763,0,13450,-3.3892,-5.9386
27.42,5.3252,127.92,110.01,98.625,-134.07,0,134.5,4383,-4767,0,13450,-3.5455,-5.8594
27.44,5.3281,127.83,109.52,98.553,-134.19,0,134.5,4380,-4771,0,13450,-3.6968,-5.781
27.46,5.331,127.74,109.03,98.478,-134.3,0,134.5,4377,-4775,0,13450,-3.8433,-5.7035
27.48,5.3338,127.65,108.54,98.399,-134.42,0,134.5,4373,-4779,0,13450,-3.9854,-5.6268
27.5,5.3366,127.58,108.04,98.318,-134.53,0,134.5,4370,-4783,0,13450,-4.123,-5.5508
27.52,5.3393,127.51,107.55,98.234,-134.64,0,134.5,4366,-4787,0,13450,-4.2569,-5.4759
27.54,5.342,127.45,107.05,98.148,-134.75,0,134.5,4362,-4791,0,13450,-4.387,-5.4017
27.56,5.3447,127.39,106.55,98.059,-134.86,0,134.5,4358,-4795,0,13450,-4.5134,-5.3283
27.58,5.3474,127.34,106.06,97.967,-134.96,0,134.5,4354,-4799,0,13450,-4.6364,-5.2557
27.6,5.35,127.29,105.56,97.873,-135.07,0,134.5,4350,-4802,0,13450,-4.7561,-5.1837
27.62,5.3526,127.25,105.06,97.777,-135.17,0,134.5,4346,-4806,0,13450,-4.8728,-5.1126
27.64,5.3552,127.22,104.56,97.679,-135.27,0,134.5,4341,-4810,0,13450,-4.9866,-5.0422
27.66,5.3577,127.19,104.06,97.578,-135.37,0,134.5,4337,-4813,0,13450,-5.0977,-4.9725
27.68,5.3602,127.17,103.56,97.475,-135.47,0,134.5,4332,-4817,0,13450,-5.2061,-4.9035
27.7,5.3627,127.15,103.06,97.369,-135.57,0,134.5,4328,-4820,0,13450,-5.312,-4.8352
27.72,5.3652,127.13,102.56,97.262,-135.66,0,134.5,4323,-4824,0,13450,-5.4152,-4.7673
27.74,5.3676,127.12,102.06,97.153,-135.76,0,134.5,4318,-4827,0,13450,-5.5164,-4.7002
27.76,5.37,127.12,101.56,97.041,-135.85,0,134.5,4313,-4830,0,13450,-5.6153,-4.6337
27.78,5.3724,127.12,101.06,96.928,-135.94,0,134.5,4308,-4833,0,13450,-5.7119,-4.5676
27.8,5.3748,127.12,100.56,96.813,-136.03,0,134.5,4303,-4837,0,13450,-5.8066,-4.5022
27.82,5.3771,127.13,100.06,96.696,-136.12,0,134.5,4298,-4840,0,13450,-5.8993,-4.4373
27.84,5.3795,127.14,99.563,96.577,-136.21,0,134.5,4292,-4843,0,13450,-5.99,-4.3728
27.86,5.3818,127.16,99.064,96.456,-136.3,0,134.5,4287,-4846,0,13450,-6.079,-4.3089
27.88,5.3841,127.18,98.564,96.334,-136.38,0,134.5,4282,-4849,0,13450,-6.1662,-4.2454
27.9,5.3863,127.2,98.065,96.21,-136.47,0,134.5,4276,-4852,0,13450,-6.2514,-4.1823
27.92,5.3886,127.23,97.565,96.084,-136.55,0,134.5,4270,-4855,0,13450,-6.3353,-4.1198
27.94,5.3908,127.26,97.066,95.956,-136.63,0,134.5,4265,-4858,0,13450,-6.4176,-4.0577
27.96,5.393,127.3,96.568,95.827,-136.71,0,134.5,4259,-4861,0,13450,-6.498,-3.9958
27.98,5.3952,127.34,96.069,95.696,-136.79,0,134.5,4253,-4864,0,13450,-6.5769,-3.9343
28,5.3974,127.38,95.571,95.564,-136.87,0,134.5,4247,-4866,0,13450,-6.6546,-3.8734
28.02,5.3996,127.43,95.073,95.43,-136.95,0,134.5,4241,-4869,0,13450,-6.7308,-3.8127
28.04,5.4017,127.48,94.576,95.295,-137.02,0,134.5,4235,-4872,0,13450,-6.8055,-3.7524
28.06,5.4039,127.53,94.078,95.158,-137.1,0,134.5,4229,-4875,0,13450,-6.8789,-3.6924
28.08,5.406,127.59,93.582,95.02,-137.17,0,134.5,4223,-4877,0,13450,-6.9509,-3.6327
28.1,5.4081,127.65,93.085,94.88,-137.24,0,134.5,4217,-4880,0,13450,-7.0216,-3.5733
28.12,5.4102,127.71,92.589,94.739,-137.31,0,134.5,4211,-4882,0,13450,-7.091,-3.5142
28.14,5.4123,127.77,92.093,94.596,-137.38,0,134.5,4204,-4885,0,13450,-7.1592,-3.4554
28.16,5.4143,127.84,91.598,94.452,-137.45,0,134.5,4198,-4887,0,13450,-7.2262,-3.3969
28.18,5.4164,127.91,91.103,94.307,-137.52,0,134.5,4191,-4890,0,13450,-7.292,-3.3386
28.2,5.4184,127.99,90.609,94.161,-137.58,0,134.5,4185,-4892,0,13450,-7.3566,-3.2806
28.22,5.4205,128.07,90.115,94.013,-137.65,0,134.5,4178,-4894,0,13450,-7.4201,-3.2228
28.24,5.4225,128.15,89.621,93.864,-137.71,0,134.5,4172,-4896,0,13450,-7.4825,-3.1653
28.26,5.4245,128.23,89.128,93.714,-137.78,0,134.5,4165,-4899,0,13450,-7.5436,-3.108
28.28,5.4265,128.32,88.636,93.562,-137.84,0,134.5,4158,-4901,0,13450,-7.6036,-3.0509
28.3,5.4285,128.4,88.144,93.41,-137.9,0,134.5,4152,-4903,0,13450,-7.6625,-2.994
28.32,5.4304,128.5,87.652,93.256,-137.96,0,134.5,4145,-4905,0,13450,-7.7206,-2.9374
28.34,5.4324,128.59,87.161,93.101,-138.02,0,134.5,4138,-4907,0,13450,-7.7776,-2.881
28.36,5.4343,128.69,86.67,92.945,-138.07,0,134.5,4131,-4909,0,13450,-7.8333,-2.8246
28.38,5.4363,128.79,86.18,92.787,-138.13,0,134.5,4124,-4911,0,13450,-7.8881,-2.7685
28.4,5.4382,128.89,85.691,92.629,-138.18,0,134.5,4117,-4913,0,13450,-7.9422,-2.7127
28.42,5.4401,128.99,85.202,92.47,-138.24,0,134.5,4110,-4915,0,13450,-7.9949,-2.6569
28.44,5.442,129.1,84.713,92.309,-138.29,0,134.5,4103,-4917,0,13450,-8.0466,-2.6013
28.46,5.4439,129.21,84.225,92.148,-138.34,0,134.5,4095,-4919,0,13450,-8.0977,-2.546
28.48,5.4458,129.32,83.738,91.985,-138.39,0,134.5,4088,-4921,0,13450,-8.1475,-2.4907
28.5,5.4477,129.43,83.251,91.822,-138.44,0,134.5,4081,-4922,0,13450,-8.1966,-2.4357
28.52,5.4496,129.55,82.765,91.658,-138.49,0,134.5,4074,-4924,0,13450,-8.2445,-2.3808
28.54,5.4514,129.67,82.279,91.492,-138.54,0,134.5,4066,-4926,0,13450,-8.2916,-2.326
28.56,5.4533,129.79,81.794,91.326,-138.58,0,134.5,4059,-4927,0,13450,-8.3378,-2.2714
28.58,5.4551,129.91,81.31,91.159,-138.63,0,134.5,4051,-4929,0,13450,-8.383,-2.2169
28.6,5.457,130.04,80.826,90.991,-138.67,0,134.5,4044,-4931,0,13450,-8.4274,-2.1625
28.62,5.4588,130.17,80.342,90.822,-138.71,0,134.5,4037,-4932,0,13450,-8.4708,-2.1083
28.64,5.4606,130.3,79.859,90.652,-138.76,0,134.5,4029,-4934,0,13450,-8.5134,-2.0543
28.66,5.4624,130.43,79.377,90.481,-138.8,0,134.5,4021,-4935,0,13450,-8.5551,-2.0003
28.68,5.4642,130.56,78.896,90.309,-138.84,0,134.5,4014,-4936,0,13450,-8.5958,-1.9465
28.7,5.466,130.7,78.415,90.137,-138.87,0,134.5,4006,-4938,0,13450,-8.6357,-1.8928
28.72,5.4678,130.84,77.934,89.964,-138.91,0,134.5,3998,-4939,0,13450,-8.6748,-1.8392
28.74,5.4696,130.98,77.454,89.79,-138.95,0,134.5,3991,-4940,0,13450,-8.7129,-1.7858
28.76,5.4714,131.12,76.975,89.616,-138.98,0,134.5,3983,-4942,0,13450,-8.7504,-1.7325
28.78,5.4732,131.27,76.497,89.44,-139.02,0,134.5,3975,-4943,0,13450,-8.7868,-1.6792
28.8,5.4749,131.41,76.019,89.264,-139.05,0,134.5,3967,-4944,0,13450,-8.8223,-1.6261
28.82,5.4767,131.56,75.541,89.087,-139.08,0,134.5,3959,-4945,0,13450,-8.8573,-1.5732
28.84,5.4784,131.71,75.065,88.91,-139.11,0,134.5,3952,-4946,0,13450,-8.8911,-1.5203
28.86,5.4802,131.87,74.589,88.732,-139.14,0,134.5,3944,-4947,0,13450,-8.9243,-1.4675
28.88,5.4819,132.02,74.113,88.553,-139.17,0,134.5,3936,-4948,0,13450,-8.9568,-1.4149
28.9,5.4836,132.18,73.638,88.373,-139.2,0,134.5,3928,-4949,0,13450,-8.9881,-1.3623
28.92,5.4854,132.34,73.164,88.193,-139.23,0,134.5,3920,-4950,0,13450,-9.0188,-1.3099
28.94,5.4871,132.5,72.691,88.013,-139.25,0,134.5,3912,-4951,0,13450,-9.0489,-1.2576
28.96,5.4888,132.66,72.218,87.831,-139.28,0,134.5,3904,-4952,0,13450,-9.0779,-1.2053
28.98,5.4905,132.82,71.746,87.649,-139.3,0,134.5,3896,-4953,0,13450,-9.106,-1.1532
29,5.4922,132.99,71.274,87.467,-139.32,0,134.5,3887,-4954,0,13450,-9.1336,-1.1012
29.02,5.4939,133.16,70.803,87.284,-139.34,0,134.5,3879,-4954,0,13450,-9.1605,-1.0493
29.04,5.4956,133.33,70.333,87.101,-139.36,0,134.5,3871,-4955,0,13450,-9.1864,-0.99752
29.06,5.4973,133.5,69.863,86.917,-139.38,0,134.5,3863,-4956,0,13450,-9.2114,-0.94581
29.08,5.499,133.67,69.394,86.732,-139.4,0,134.5,3855,-4957,0,13450,-9.2358,-0.89423
29.1,5.5006,133.85,68.926,86.547,-139.42,0,134.5,3847,-4957,0,13450,-9.2595,-0.84276
29.12,5.5023,134.02,68.458,86.362,-139.44,0,134.5,3838,-4958,0,13450,-9.2824,-0.79139
29.14,5.504,134.2,67.991,86.176,-139.45,0,134.5,3830,-4958,0,13450,-9.3045,-0.74012
29.16,5.5056,134.38,67.525,85.99,-139.47,0,134.5,3822,-4959,0,13450,-9.3257,-0.68894
29.18,5.5073,134.57,67.059,85.803,-139.48,0,134.5,3813,-4959,0,13450,-9.3462,-0.63788
29.2,5.509,134.75,66.595,85.616,-139.49,0,134.5,3805,-4960,0,13450,-9.3662,-0.58693
29.22,5.5106,134.94,66.13,85.428,-139.5,0,134.5,3797,-4960,0,13450,-9.3853,-0.53609
29.24,5.5122,135.12,65.667,85.24,-139.51,0,134.5,3788,-4960,0,13450,-9.4037,-0.48535
29.26,5.5139,135.31,65.204,85.052,-139.52,0,134.5,3780,-4961,0,13450,-9.4214,-0.43472
29.28,5.5155,135.5,64.742,84.864,-139.53,0,134.5,3772,-4961,0,13450,-9.4383,-0.38419
29.3,5.5171,135.7,64.28,84.675,-139.54,0,134.5,3763,-4961,0,13450,-9.4544,-0.33377
29.32,5.5188,135.89,63.819,84.485,-139.54,0,134.5,3755,-4962,0,13450,-9.4698,-0.28346
29.34,5.5204,136.08,63.359,84.296,-139.55,0,134.5,3746,-4962,0,13450,-9.4846,-0.23326
29.36,5.522,136.28,62.9,84.106,-139.55,0,134.5,3738,-4962,0,13450,-9.4987,-0.18317
29.38,5.5236,136.48,62.441,83.916,-139.56,0,134.5,3730,-4962,0,13450,-9.5121,-0.13319
29.4,5.5252,136.68,61.983,83.725,-139.56,0,134.5,3721,-4962,0,13450,-9.5248,-0.083325
29.42,5.5268,136.88,61.526,83.535,-139.56,0,134.5,3713,-4962,0,13450,-9.5368,-0.033571
29.44,5.5284,137.09,61.069,83.344,-139.56,0,134.5,3704,-4962,0,13450,-9.5481,0.016071
29.46,5.53,137.29,60.613,83.153,-139.56,0,134.5,3696,-4962,0,13450,-9.5587,0.065598
29.48,5.5316,137.5,60.158,82.962,-139.56,0,134.5,3687,-4962,0,13450,-9.5686,0.11501
29.5,5.5332,137.71,59.703,82.77,-139.55,0,134.5,3679,-4962,0,13450,-9.5779,0.16431
29.52,5.5348,137.92,59.249,82.579,-139.55,0,134.5,3670,-4962,0,13450,-9.5865,0.21349
29.54,5.5364,138.13,58.796,82.387,-139.54,0,134.5,3662,-4962,0,13450,-9.5944,0.26255
29.56,5.538,138.34,58.344,82.195,-139.54,0,134.5,3653,-4961,0,13450,-9.6017,0.31149
29.58,5.5395,138.56,57.892,82.003,-139.53,0,134.5,3645,-4961,0,13450,-9.6083,0.36031
29.6,5.5411,138.77,57.441,81.81,-139.52,0,134.5,3636,-4961,0,13450,-9.6143,0.40902
29.62,5.5427,138.99,56.991,81.618,-139.52,0,134.5,3627,-4961,0,13450,-9.6197,0.4576
29.64,5.5442,139.21,56.542,81.426,-139.51,0,134.5,3619,-4960,0,13450,-9.6244,0.50605
29.66,5.5458,139.43,56.093,81.233,-139.5,0,134.5,3610,-4960,0,13450,-9.6285,0.55439
29.68,5.5474,139.65,55.645,81.041,-139.48,0,134.5,3602,-4959,0,13450,-9.632,0.60259
29.7,5.5489,139.88,55.198,80.848,-139.47,0,134.5,3593,-4959,0,13450,-9.6348,0.65068
29.72,5.5505,140.1,54.751,80.655,-139.46,0,134.5,3585,-4959,0,13450,-9.6371,0.69863
29.74,5.552,140.33,54.306,80.462,-139.44,0,134.5,3576,-4958,0,13450,-9.6387,0.74646
29.76,5.5536,140.55,53.86,80.27,-139.43,0,134.5,3568,-4957,0,13450,-9.6398,0.79415
29.78,5.5551,140.78,53.416,80.077,-139.41,0,134.5,3559,-4957,0,13450,-9.6403,0.84172
29.8,5.5567,141.01,52.973,79.884,-139.39,0,134.5,3550,-4956,0,13450,-9.6402,0.88916
29.82,5.5582,141.25,52.53,79.691,-139.38,0,134.5,3542,-4956,0,13450,-9.6395,0.93646
29.84,5.5597,141.48,52.088,79.498,-139.36,0,134.5,3533,-4955,0,13450,-9.6382,0.98363
29.86,5.5613,141.72,51.646,79.306,-139.34,0,134.5,3525,-4954,0,13450,-9.6364,1.0307
29.88,5.5628,141.95,51.206,79.113,-139.32,0,134.5,3516,-4953,0,13450,-9.634,1.0776
29.9,5.5643,142.19,50.766,78.92,-139.29,0,134.5,3508,-4953,0,13450,-9.6311,1.1243
29.92,5.5659,142.43,50.327,78.728,-139.27,0,134.5,3499,-4952,0,13450,-9.6276,1.1709
29.94,5.5674,142.67,49.889,78.535,-139.25,0,134.5,3490,-4951,0,13450,-9.6235,1.2174
29.96,5.5689,142.91,49.451,78.343,-139.22,0,134.5,3482,-4950,0,13450,-9.6188,1.2638
29.98,5.5704,143.16,49.014,78.15,-139.2,0,134.5,3473,-4949,0,13450,-9.6138,1.31
30,5.5719,143.4,48.578,77.958,-139.17,0,134.5,3465,-4948,0,13450,-9.6082,1.356
30.02,5.5735,143.65,48.143,77.766,-139.14,0,134.5,3456,-4947,0,13450,-9.602,1.4019
30.04,5.575,143.89,47.709,77.574,-139.11,0,134.5,3448,-4946,0,13450,-9.5954,1.4477
30.06,5.5765,144.14,47.275,77.382,-139.08,0,134.5,3439,-4945,0,13450,-9.5883,1.4933
30.08,5.578,144.39,46.842,77.191,-139.05,0,134.5,3431,-4944,0,13450,-9.5806,1.5388
30.1,5.5795,144.64,46.41,76.999,-139.02,0,134.5,3422,-4943,0,13450,-9.5725,1.5841
30.12,5.581,144.9,45.979,76.808,-138.99,0,134.5,3414,-4942,0,13450,-9.5638,1.6293
30.14,5.5825,145.15,45.548,76.616,-138.96,0,134.5,3405,-4941,0,13450,-9.5546,1.6743
30.16,5.584,145.41,45.119,76.425,-138.92,0,134.5,3397,-4940,0,13450,-9.5451,1.7192
30.18,5.5855,145.66,44.69,76.235,-138.89,0,134.5,3388,-4938,0,13450,-9.5351,1.764
30.2,5.587,145.92,44.262,76.044,-138.85,0,134.5,3380,-4937,0,13450,-9.5246,1.8085
30.22,5.5885,146.18,43.834,75.854,-138.82,0,134.5,3371,-4936,0,13450,-9.5137,1.853
30.24,5.59,146.44,43.408,75.664,-138.78,0,134.5,3363,-4934,0,13450,-9.5024,1.8972
30.26,5.5915,146.71,42.982,75.474,-138.74,0,134.5,3354,-4933,0,13450,-9.4905,1.9413
30.28,5.593,146.97,42.557,75.284,-138.7,0,134.5,3346,-4932,0,13450,-9.4781,1.9853
30.3,5.5945,147.23,42.133,75.094,-138.66,0,134.5,3338,-4930,0,13450,-9.4655,2.0291
30.32,5.5959,147.5,41.71,74.905,-138.62,0,134.5,3329,-4929,0,13450,-9.4524,2.0727
30.34,5.5974,147.77,41.287,74.716,-138.58,0,134.5,3321,-4927,0,13450,-9.439,2.1162
30.36,5.5989,148.04,40.865,74.528,-138.54,0,134.5,3312,-4926,0,13450,-9.4251,2.1596
30.38,5.6004,148.31,40.444,74.339,-138.49,0,134.5,3304,-4924,0,13450,-9.4107,2.2027
30.4,5.6019,148.58,40.024,74.151,-138.45,0,134.5,3296,-4923,0,13450,-9.3959,2.2457
30.42,5.6033,148.85,39.605,73.964,-138.4,0,134.5,3287,-4921,0,13450,-9.3809,2.2886
30.44,5.6048,149.12,39.187,73.776,-138.36,0,134.5,3279,-4919,0,13450,-9.3655,2.3313
30.46,5.6063,149.4,38.769,73.589,-138.31,0,134.5,3271,-4918,0,13450,-9.3497,2.3738
30.48,5.6078,149.67,38.352,73.402,-138.26,0,134.5,3262,-4916,0,13450,-9.3335,2.4161
30.5,5.6092,149.95,37.936,73.216,-138.21,0,134.5,3254,-4914,0,13450,-9.3168,2.4583
30.52,5.6107,150.23,37.521,73.029,-138.16,0,134.5,3246,-4912,0,13450,-9.2999,2.5003
30.54,5.6122,150.51,37.107,72.844,-138.11,0,134.5,3237,-4911,0,13450,-9.2827,2.5422
30.56,5.6136,150.79,36.694,72.658,-138.06,0,134.5,3229,-4909,0,13450,-9.2651,2.5839
30.58,5.6151,151.07,36.281,72.473,-138.01,0,134.5,3221,-4907,0,13450,-9.2472,2.6254
30.6,5.6166,151.36,35.87,72.288,-137.96,0,134.5,3213,-4905,0,13450,-9.2289,2.6668
30.62,5.618,151.64,35.459,72.104,-137.9,0,134.5,3205,-4903,0,13450,-9.2103,2.708
30.64,5.6195,151.93,35.049,71.92,-137.85,0,134.5,3196,-4901,0,13450,-9.1915,2.749
30.66,5.621,152.22,34.64,71.736,-137.79,0,134.5,3188,-4899,0,13450,-9.1723,2.7899
30.68,5.6224,152.51,34.231,71.553,-137.74,0,134.5,3180,-4897,0,13450,-9.1528,2.8306
30.7,5.6239,152.79,33.824,71.37,-137.68,0,134.5,3172,-4895,0,13450,-9.1329,2.8711
30.72,5.6253,153.09,33.417,71.188,-137.62,0,134.5,3164,-4893,0,13450,-9.1129,2.9114
30.74,5.6268,153.38,33.012,71.006,-137.56,0,134.5,3156,-4891,0,13450,-9.0925,2.9516
30.76,5.6283,153.67,32.607,70.824,-137.5,0,134.5,3148,-4889,0,13450,-9.0719,2.9917
30.78,5.6297,153.97,32.203,70.643,-137.44,0,134.5,3140,-4887,0,13450,-9.051,3.0315
30.8,5.6312,154.26,31.8,70.462,-137.38,0,134.5,3132,-4885,0,13450,-9.0298,3.0712
30.82,5.6326,154.56,31.398,70.281,-137.32,0,134.5,3124,-4882,0,13450,-9.0084,3.1107
30.84,5.6341,154.86,30.996,70.102,-137.26,0,134.5,3116,-4880,0,13450,-8.9867,3.15
30.86,5.6355,155.16,30.596,69.922,-137.19,0,134.5,3108,-4878,0,13450,-8.9648,3.1892
30.88,5.637,155.46,30.197,69.743,-137.13,0,134.5,3100,-4876,0,13450,-8.9426,3.2281
30.9,5.6384,155.76,29.798,69.564,-137.06,0,134.5,3092,-4873,0,13450,-8.9202,3.267
30.92,5.6399,156.06,29.4,69.386,-137,0,134.5,3084,-4871,0,13450,-8.8976,3.3056
30.94,5.6413,156.37,29.003,69.208,-136.93,0,134.5,3076,-4869,0,13450,-8.8747,3.3441
30.96,5.6428,156.67,28.608,69.031,-136.87,0,134.5,3068,-4866,0,13450,-8.8516,3.3824
30.98,5.6442,156.98,28.213,68.854,-136.8,0,134.5,3060,-4864,0,13450,-8.8283,3.4205
31,5.6457,157.29,27.819,68.678,-136.73,0,134.5,3052,-4861,0,13450,-8.8048,3.4585
31.02,5.6471,157.6,27.425,68.502,-136.66,0,134.5,3045,-4859,0,13450,-8.7811,3.4963
31.04,5.6486,157.91,27.033,68.327,-136.59,0,134.5,3037,-4856,0,13450,-8.7572,3.5339
31.06,5.65,158.22,26.642,68.152,-136.52,0,134.5,3029,-4854,0,13450,-8.7331,3.5713
31.08,5.6514,158.53,26.251,67.977,-136.45,0,134.5,3021,-4851,0,13450,-8.7089,3.6086
31.1,5.6529,158.84,25.862,67.804,-136.37,0,134.5,3013,-4849,0,13450,-8.6844,3.6457
31.12,5.6543,159.16,25.473,67.63,-136.3,0,134.5,3006,-4846,0,13450,-8.6598,3.6826
31.14,5.6558,159.47,25.086,67.457,-136.23,0,134.5,2998,-4844,0,13450,-8.635,3.7194
31.16,5.6572,159.79,24.699,67.285,-136.15,0,134.5,2990,-4841,0,13450,-8.61,3.756
31.18,5.6587,160.11,24.313,67.113,-136.08,0,134.5,2983,-4838,0,13450,-8.5849,3.7924
31.2,5.6601,160.43,23.929,66.941,-136,0,134.5,2975,-4836,0,13450,-8.5597,3.8286
31.22,5.6615,160.75,23.545,66.77,-135.92,0,134.5,2968,-4833,0,13450,-8.5342,3.8647
31.24,5.663,161.07,23.162,66.6,-135.84,0,134.5,2960,-4830,0,13450,-8.5087,3.9006
31.26,5.6644,161.39,22.78,66.43,-135.77,0,134.5,2952,-4827,0,13450,-8.483,3.9364
31.28,5.6659,161.72,22.399,66.261,-135.69,0,134.5,2945,-4824,0,13450,-8.4571,3.9719
31.3,5.6673,162.04,22.019,66.092,-135.61,0,134.5,2937,-4822,0,13450,-8.4311,4.0073
31.32,5.6687,162.37,21.64,65.923,-135.53,0,134.5,2930,-4819,0,13450,-8.405,4.0425
31.34,5.6702,162.7,21.262,65.755,-135.45,0,134.5,2922,-4816,0,13450,-8.3788,4.0776
31.36,5.6716,163.02,20.885,65.588,-135.36,0,134.5,2915,-4813,0,13450,-8.3525,4.1125
31.38,5.6731,163.35,20.509,65.421,-135.28,0,134.5,2908,-4810,0,13450,-8.326,4.1472
31.4,5.6745,163.68,20.134,65.255,-135.2,0,134.5,2900,-4807,0,13450,-8.2994,4.1818
31.42,5.6759,164.02,19.76,65.089,-135.11,0,134.5,2893,-4804,0,13450,-8.2728,4.2161
31.44,5.6774,164.35,19.387,64.924,-135.03,0,134.5,2886,-4801,0,13450,-8.246,4.2504
31.46,5.6788,164.68,19.015,64.76,-134.94,0,134.5,2878,-4798,0,13450,-8.2191,4.2844
31.48,5.6803,165.02,18.644,64.595,-134.86,0,134.5,2871,-4795,0,13450,-8.1922,4.3183
31.5,5.6817,165.35,18.274,64.432,-134.77,0,134.5,2864,-4792,0,13450,-8.1651,4.352
31.52,5.6831,165.69,17.905,64.269,-134.68,0,134.5,2856,-4789,0,13450,-8.138,4.3856
31.54,5.6846,166.03,17.537,64.106,-134.6,0,134.5,2849,-4786,0,13450,-8.1108,4.4189
31.56,5.686,166.37,17.169,63.944,-134.51,0,134.5,2842,-4782,0,13450,-8.0835,4.4522
31.58,5.6874,166.71,16.803,63.783,-134.42,0,134.5,2835,-4779,0,13450,-8.0561,4.4852
31.6,5.6889,167.05,16.438,63.622,-134.33,0,134.5,2828,-4776,0,13450,-8.0287,4.5181
31.62,5.6903,167.39,16.075,63.462,-134.24,0,134.5,2821,-4773,0,13450,-8.0012,4.5509
31.64,5.6918,167.74,15.712,63.302,-134.15,0,134.5,2813,-4770,0,13450,-7.9737,4.5834
31.66,5.6932,168.08,15.35,63.143,-134.05,0,134.5,2806,-4766,0,13450,-7.946,4.6158
31.68,5.6946,168.43,14.989,62.984,-133.96,0,134.5,2799,-4763,0,13450,-7.9184,4.6481
31.7,5.6961,168.78,14.629,62.826,-133.87,0,134.5,2792,-4760,0,13450,-7.8906,4.6802
31.72,5.6975,169.12,14.27,62.669,-133.77,0,134.5,2785,-4756,0,13450,-7.8629,4.7121
31.74,5.699,169.47,13.913,62.512,-133.68,0,134.5,2778,-4753,0,13450,-7.835,4.7438
31.76,5.7004,169.82,13.556,62.355,-133.58,0,134.5,2771,-4750,0,13450,-7.8072,4.7755
31.78,5.7018,170.18,13.201,62.199,-133.49,0,134.5,2764,-4746,0,13450,-7.7793,4.8069
31.8,5.7033,170.53,12.846,62.044,-133.39,0,134.5,2758,-4743,0,13450,-7.7513,4.8382
31.82,5.7047,170.88,12.493,61.889,-133.29,0,134.5,2751,-4739,0,13450,-7.7233,4.8693
31.84,5.7062,171.24,12.141,61.735,-133.2,0,134.5,2744,-4736,0,13450,-7.6953,4.9003
31.86,5.7076,171.59,11.789,61.582,-133.1,0,134.5,2737,-4732,0,13450,-7.6673,4.9312
31.88,5.709,171.95,11.439,61.428,-133,0,134.5,2730,-4729,0,13450,-7.6392,4.9618
31.9,5.7105,172.31,11.09,61.276,-132.9,0,134.5,2723,-4725,0,13450,-7.6111,4.9923
31.92,5.7119,172.67,10.742,61.124,-132.8,0,134.5,2717,-4722,0,13450,-7.583,5.0227
31.94,5.7134,173.03,10.395,60.973,-132.7,0,134.5,2710,-4718,0,13450,-7.5549,5.0529
31.96,5.7148,173.39,10.05,60.822,-132.6,0,134.5,2703,-4715,0,13450,-7.5268,5.083
31.98,5.7163,173.75,9.7052,60.672,-132.5,0,134.5,2697,-4711,0,13450,-7.4986,5.1128
32,5.7177,174.11,9.3617,60.522,-132.39,0,134.5,2690,-4707,0,13450,-7.4704,5.1426
32.02,5.7192,174.48,9.0194,60.373,-132.29,0,134.5,2683,-4704,0,13450,-7.4423,5.1722
32.04,5.7206,174.84,8.6782,60.224,-132.19,0,134.5,2677,-4700,0,13450,-7.4141,5.2017
32.06,5.7221,175.21,8.3382,60.076,-132.08,0,134.5,2670,-4696,0,13450,-7.3859,5.231
32.08,5.7235,175.58,7.9993,59.929,-131.98,0,134.5,2664,-4693,0,13450,-7.3577,5.2601
32.1,5.7249,175.95,7.6615,59.782,-131.87,0,134.5,2657,-4689,0,13450,-7.3296,5.2891
32.12,5.7264,176.32,7.3249,59.636,-131.77,0,134.5,2650,-4685,0,13450,-7.3014,5.318
32.14,5.7278,176.69,6.9895,59.49,-131.66,0,134.5,2644,-4681,0,13450,-7.2732,5.3467
32.16,5.7293,177.06,6.6552,59.345,-131.55,0,134.5,2638,-4677,0,13450,-7.245,5.3753
32.18,5.7308,177.43,6.3221,59.2,-131.44,0,134.5,2631,-4674,0,13450,-7.2169,5.4037
32.2,5.7322,177.81,5.9902,59.056,-131.34,0,134.5,2625,-4670,0,13450,-7.1888,5.432
32.22,5.7337,178.18,5.6595,58.912,-131.23,0,134.5,2618,-4666,0,13450,-7.1606,5.4601
32.24,5.7351,178.56,5.3299,58.77,-131.12,0,134.5,2612,-4662,0,13450,-7.1324,5.4881
32.26,5.7366,178.93,5.0016,58.627,-131.01,0,134.5,2606,-4658,0,13450,-7.1043,5.516
32.28,5.738,179.31,4.6744,58.485,-130.9,0,134.5,2599,-4654,0,13450,-7.0763,5.5438
32.3,5.7395,179.69,4.3485,58.344,-130.79,0,134.5,2593,-4650,0,13450,-7.0482,5.5713
32.32,5.7409,180.07,4.0237,58.203,-130.67,0,134.5,2587,-4646,0,13450,-7.0201,5.5987
32.34,5.7424,180.45,3.7002,58.063,-130.56,0,134.5,2581,-4642,0,13450,-6.9921,5.626
32.36,5.7439,180.84,3.3779,57.924,-130.45,0,134.5,2574,-4638,0,13450,-6.9641,5.6532
32.38,5.7453,181.22,3.0569,57.785,-130.34,0,134.5,2568,-4634,0,13450,-6.9361,5.6803
32.4,5.7468,181.6,2.7371,57.646,-130.22,0,134.5,2562,-4630,0,13450,-6.9081,5.7071
32.42,5.7482,181.99,2.4185,57.508,-130.11,0,134.5,2556,-4626,0,13450,-6.8802,5.7339
32.44,5.7497,182.37,2.1011,57.371,-129.99,0,134.5,2550,-4622,0,13450,-6.8523,5.7605
32.46,5.7512,182.76,1.7851,57.234,-129.88,0,134.5,2544,-4618,0,13450,-6.8244,5.787
32.48,5.7526,183.15,1.4703,57.098,-129.76,0,134.5,2538,-4614,0,13450,-6.7966,5.8134
32.5,5.7541,183.54,1.1567,56.962,-129.64,0,134.5,2532,-4610,0,13450,-6.7687,5.8396
32.52,5.7556,183.93,0.84445,56.827,-129.53,0,134.5,2526,-4605,0,13450,-6.7409,5.8657
32.54,5.757,184.32,0.53346,56.693,-129.41,0,134.5,2520,-4601,0,13450,-6.7131,5.8916
32.56,5.7585,184.71,0.22377,56.559,-129.29,0,134.5,2514,-4597,0,13450,-5.77,5.1012
32.58,5.7596,185,1.7082e-13,56.462,-129.21,0,134.5,2509,-4594,0,13450,-4.8407,4.2978
