ISO-10303-21;
HEADER;
/* Generated by software containing ST-Developer
 * from STEP Tools, Inc. (www.steptools.com) 
 */
/* OPTION: using custom renumber hook */

FILE_DESCRIPTION(
/* description */ ('STEP AP242',
'CAx-IF Rec.Pracs.---Representation and Presentation of Product Manufa
cturing Information (PMI)---4.0---2014-10-13',
'CAx-IF Rec.Pracs.---3D Tessellated Geometry---0.4---2014-09-14','2;1'),

/* implementation_level */ '2;1');

FILE_NAME(
/* name */ '6564dd6417da242ed3e34654',
/* time_stamp */ '2023-11-27T18:18:13Z',
/* author */ (''),
/* organization */ (''),
/* preprocessor_version */ 'ST-DEVELOPER v19.4',
/* originating_system */ '  ',
/* authorisation */ '  ');

FILE_SCHEMA (('AP242_MANAGED_MODEL_BASED_3D_ENGINEERING_MIM_LF { 1 0 10303 442 1 1 4 }'));
ENDSEC;

DATA;
#10=B_SPLINE_SURFACE_WITH_KNOTS('',3,1,((#14325,#14326),(#14327,#14328),
(#14329,#14330),(#14331,#14332),(#14333,#14334),(#14335,#14336),(#14337,
#14338),(#14339,#14340),(#14341,#14342),(#14343,#14344),(#14345,#14346),
(#14347,#14348),(#14349,#14350),(#14351,#14352),(#14353,#14354),(#14355,
#14356),(#14357,#14358),(#14359,#14360),(#14361,#14362)),
 .SURF_OF_LINEAR_EXTRUSION.,.T.,.F.,.F.,(1,1,1,1,1,1,1,1,1,1,1,1,1,1,1,
1,1,1,1,1,1,1,1),(2,2),(-1.17809724509617,-0.785398163397448,-0.392699081698725,
3.20513875671201E-30,0.392699081698724,0.785398163397448,1.17809724509617,
1.5707963267949,1.96349540849362,2.35619449019234,2.74889357189107,3.14159265358979,
3.53429173528852,3.92699081698724,4.31968989868597,4.71238898038469,5.10508806208341,
5.49778714378214,5.89048622548086,6.28318530717959,6.67588438887831,7.06858347057703,
7.46128255227576),(0.,1.),.UNSPECIFIED.);
#11=B_SPLINE_SURFACE_WITH_KNOTS('',3,1,((#14493,#14494),(#14495,#14496),
(#14497,#14498),(#14499,#14500),(#14501,#14502),(#14503,#14504),(#14505,
#14506),(#14507,#14508),(#14509,#14510),(#14511,#14512),(#14513,#14514),
(#14515,#14516),(#14517,#14518),(#14519,#14520),(#14521,#14522),(#14523,
#14524),(#14525,#14526),(#14527,#14528),(#14529,#14530)),
 .SURF_OF_LINEAR_EXTRUSION.,.F.,.F.,.F.,(4,1,1,1,1,1,1,1,1,1,1,1,1,1,1,
1,4),(2,2),(0.,0.0787751416419539,0.15371070461192,0.226698870982696,0.299171820326584,
0.37116599564464,0.442977769501569,0.516334013008727,0.592857108024115,
0.633510180405671,0.676623616987173,0.722915422371309,0.771971354383628,
0.823829257316892,0.879386450019196,0.937952131613019,1.),(0.,1.),
 .UNSPECIFIED.);
#12=B_SPLINE_SURFACE_WITH_KNOTS('',3,1,((#14532,#14533),(#14534,#14535),
(#14536,#14537),(#14538,#14539),(#14540,#14541),(#14542,#14543),(#14544,
#14545),(#14546,#14547),(#14548,#14549),(#14550,#14551),(#14552,#14553),
(#14554,#14555),(#14556,#14557),(#14558,#14559),(#14560,#14561),(#14562,
#14563),(#14564,#14565),(#14566,#14567),(#14568,#14569)),
 .SURF_OF_LINEAR_EXTRUSION.,.F.,.F.,.F.,(4,1,1,1,1,1,1,1,1,1,1,1,1,1,1,
1,4),(2,2),(0.,0.0642047860756989,0.127039909780727,0.188709102020654,0.249085328889775,
0.30986806223213,0.370230870670846,0.430628560827836,0.49227673246477,0.554095489607173,
0.615218447308348,0.67631489320706,0.73847602332234,0.800795937178095,0.865209822990971,
0.931654158593848,1.),(0.,1.),.UNSPECIFIED.);
#13=B_SPLINE_SURFACE_WITH_KNOTS('',3,1,((#14571,#14572),(#14573,#14574),
(#14575,#14576),(#14577,#14578),(#14579,#14580),(#14581,#14582),(#14583,
#14584),(#14585,#14586),(#14587,#14588),(#14589,#14590),(#14591,#14592)),
 .SURF_OF_LINEAR_EXTRUSION.,.F.,.F.,.F.,(4,1,1,1,1,1,1,1,4),(2,2),(0.,0.1762577548178,
0.338434413880475,0.484822050787837,0.617157578266332,0.734698360612476,
0.83738518383236,0.926372420929583,1.),(0.,1.),.UNSPECIFIED.);
#14=B_SPLINE_SURFACE_WITH_KNOTS('',3,1,((#14609,#14610),(#14611,#14612),
(#14613,#14614),(#14615,#14616),(#14617,#14618),(#14619,#14620),(#14621,
#14622),(#14623,#14624),(#14625,#14626),(#14627,#14628),(#14629,#14630),
(#14631,#14632),(#14633,#14634),(#14635,#14636),(#14637,#14638),(#14639,
#14640),(#14641,#14642),(#14643,#14644),(#14645,#14646)),
 .SURF_OF_LINEAR_EXTRUSION.,.F.,.F.,.F.,(4,1,1,1,1,1,1,1,1,1,1,1,1,1,1,
1,4),(2,2),(0.,0.0716499504887852,0.138878011058986,0.201133481831924,0.259058627025441,
0.312175748335668,0.360589919263261,0.40498327699187,0.44498863083633,0.51841811698318,
0.589382616484835,0.657994590127318,0.727585942337623,0.795840797984341,
0.863196901033335,0.930408647789696,1.),(0.,1.),.UNSPECIFIED.);
#15=B_SPLINE_SURFACE_WITH_KNOTS('',3,1,((#14668,#14669),(#14670,#14671),
(#14672,#14673),(#14674,#14675),(#14676,#14677),(#14678,#14679),(#14680,
#14681),(#14682,#14683),(#14684,#14685),(#14686,#14687),(#14688,#14689),
(#14690,#14691),(#14692,#14693),(#14694,#14695),(#14696,#14697),(#14698,
#14699),(#14700,#14701),(#14702,#14703),(#14704,#14705)),
 .SURF_OF_LINEAR_EXTRUSION.,.F.,.F.,.F.,(4,1,1,1,1,1,1,1,1,1,1,1,1,1,1,
1,4),(2,2),(0.,0.068787304479382,0.13631133755549,0.203719133506693,0.273224714678368,
0.342607959909666,0.411061944463295,0.479238515137758,0.549585202856472,
0.587913733091133,0.630891961275219,0.679006789749672,0.732608364779033,
0.791193356266801,0.855339952447318,0.925115322561138,1.),(0.,1.),
 .UNSPECIFIED.);
#16=B_SPLINE_SURFACE_WITH_KNOTS('',3,1,((#14775,#14776),(#14777,#14778),
(#14779,#14780),(#14781,#14782),(#14783,#14784),(#14785,#14786),(#14787,
#14788),(#14789,#14790),(#14791,#14792),(#14793,#14794),(#14795,#14796),
(#14797,#14798),(#14799,#14800),(#14801,#14802),(#14803,#14804),(#14805,
#14806),(#14807,#14808),(#14809,#14810),(#14811,#14812)),
 .SURF_OF_LINEAR_EXTRUSION.,.F.,.F.,.F.,(4,1,1,1,1,1,1,1,1,1,1,1,1,1,1,
1,4),(2,2),(0.,0.0616172070006676,0.122179680691624,0.182217045778756,0.241473347782719,
0.30095708118686,0.359966344541048,0.419030446122275,0.478066466194693,
0.537990615231129,0.598958523904521,0.661319637803068,0.725246399814785,
0.791219265793767,0.858745370808764,0.92831727640344,1.),(0.,1.),
 .UNSPECIFIED.);
#17=B_SPLINE_SURFACE_WITH_KNOTS('',3,1,((#14836,#14837),(#14838,#14839),
(#14840,#14841),(#14842,#14843),(#14844,#14845),(#14846,#14847),(#14848,
#14849),(#14850,#14851),(#14852,#14853),(#14854,#14855),(#14856,#14857),
(#14858,#14859),(#14860,#14861),(#14862,#14863),(#14864,#14865),(#14866,
#14867),(#14868,#14869),(#14870,#14871),(#14872,#14873),(#14874,#14875),
(#14876,#14877),(#14878,#14879),(#14880,#14881),(#14882,#14883),(#14884,
#14885),(#14886,#14887),(#14888,#14889)),.SURF_OF_LINEAR_EXTRUSION.,.F.,
 .F.,.F.,(4,1,1,1,1,1,1,1,1,1,1,1,1,1,1,1,1,1,1,1,1,1,1,1,4),(2,2),(0.,
0.0420427307159568,0.0835511240054917,0.124652992136892,0.165316239978494,
0.206256178288889,0.247059403301221,0.288421246140782,0.330081833498138,
0.371771151826694,0.412852900379623,0.453427012034427,0.493798258903828,
0.534343552466321,0.574917664121126,0.615861084044459,0.657222237629105,
0.698982614241594,0.740465587566785,0.782307804556862,0.824553471501813,
0.867030645412002,0.910492397281114,0.954615558808142,1.),(0.,1.),
 .UNSPECIFIED.);
#18=B_SPLINE_SURFACE_WITH_KNOTS('',3,1,((#14919,#14920),(#14921,#14922),
(#14923,#14924),(#14925,#14926),(#14927,#14928),(#14929,#14930),(#14931,
#14932),(#14933,#14934),(#14935,#14936),(#14937,#14938),(#14939,#14940)),
 .SURF_OF_LINEAR_EXTRUSION.,.F.,.F.,.F.,(4,1,1,1,1,1,1,1,4),(2,2),(0.,0.127895677373536,
0.253668418322869,0.376738432207011,0.499344472746071,0.621999306856081,
0.745698547513126,0.871345152752212,1.),(0.,1.),.UNSPECIFIED.);
#19=B_SPLINE_SURFACE_WITH_KNOTS('',3,1,((#14954,#14955),(#14956,#14957),
(#14958,#14959),(#14960,#14961),(#14962,#14963),(#14964,#14965),(#14966,
#14967),(#14968,#14969),(#14970,#14971),(#14972,#14973),(#14974,#14975),
(#14976,#14977),(#14978,#14979),(#14980,#14981),(#14982,#14983),(#14984,
#14985),(#14986,#14987),(#14988,#14989),(#14990,#14991)),
 .SURF_OF_LINEAR_EXTRUSION.,.F.,.F.,.F.,(4,1,1,1,1,1,1,1,1,1,1,1,1,1,1,
1,4),(2,2),(0.,0.0692365237083657,0.136556739323003,0.202094157267331,0.266464260366058,
0.329768822872774,0.391878965921428,0.453270593103038,0.514114664070462,
0.574389510365487,0.634141663851326,0.693923287499325,0.754152196307388,
0.814470164130034,0.875660630131173,0.937348010628003,1.),(0.,1.),
 .UNSPECIFIED.);
#20=B_SPLINE_SURFACE_WITH_KNOTS('',3,1,((#15013,#15014),(#15015,#15016),
(#15017,#15018),(#15019,#15020),(#15021,#15022),(#15023,#15024),(#15025,
#15026),(#15027,#15028),(#15029,#15030),(#15031,#15032),(#15033,#15034),
(#15035,#15036),(#15037,#15038),(#15039,#15040),(#15041,#15042),(#15043,
#15044),(#15045,#15046),(#15047,#15048),(#15049,#15050)),
 .SURF_OF_LINEAR_EXTRUSION.,.F.,.F.,.F.,(4,1,1,1,1,1,1,1,1,1,1,1,1,1,1,
1,4),(2,2),(0.,0.0712722778918418,0.139492722424175,0.204635418715339,0.267405740386265,
0.328445597526984,0.388397163141542,0.447733931258267,0.507391621231218,
0.566767555363434,0.625478337516418,0.684066505918798,0.743248445815342,
0.804033357398258,0.866498750699673,0.931723237984159,1.),(0.,1.),
 .UNSPECIFIED.);
#21=B_SPLINE_SURFACE_WITH_KNOTS('',3,1,((#15084,#15085),(#15086,#15087),
(#15088,#15089),(#15090,#15091),(#15092,#15093),(#15094,#15095),(#15096,
#15097),(#15098,#15099),(#15100,#15101),(#15102,#15103),(#15104,#15105),
(#15106,#15107),(#15108,#15109),(#15110,#15111),(#15112,#15113),(#15114,
#15115),(#15116,#15117),(#15118,#15119),(#15120,#15121)),
 .SURF_OF_LINEAR_EXTRUSION.,.F.,.F.,.F.,(4,1,1,1,1,1,1,1,1,1,1,1,1,1,1,
1,4),(2,2),(0.,0.0706396565587889,0.138712442240757,0.204945535349578,0.269477463883893,
0.332681494793914,0.395510455461063,0.457981172575968,0.520882800167946,
0.583085875441521,0.643297596523098,0.702570676902338,0.760706950984888,
0.819465105896914,0.878252549206833,0.938482959850532,1.),(0.,1.),
 .UNSPECIFIED.);
#22=B_SPLINE_SURFACE_WITH_KNOTS('',3,1,((#15143,#15144),(#15145,#15146),
(#15147,#15148),(#15149,#15150),(#15151,#15152),(#15153,#15154),(#15155,
#15156),(#15157,#15158),(#15159,#15160),(#15161,#15162),(#15163,#15164),
(#15165,#15166),(#15167,#15168),(#15169,#15170),(#15171,#15172),(#15173,
#15174),(#15175,#15176),(#15177,#15178),(#15179,#15180),(#15181,#15182),
(#15183,#15184),(#15185,#15186),(#15187,#15188),(#15189,#15190),(#15191,
#15192),(#15193,#15194),(#15195,#15196)),.SURF_OF_LINEAR_EXTRUSION.,.F.,
 .F.,.F.,(4,1,1,1,1,1,1,1,1,1,1,1,1,1,1,1,1,1,1,1,1,1,1,1,4),(2,2),(0.,
0.0389956844149893,0.0778848845903733,0.11665599727893,0.155352993499073,
0.194377297103372,0.234021973975559,0.274309147950222,0.315430910982151,
0.356784729068807,0.398072930639659,0.438878349000806,0.479813520851699,
0.52125594886071,0.562824223728534,0.605277069435738,0.648395305290448,
0.691715583303257,0.735138825493767,0.778360506840644,0.82165408457436,
0.865518591288322,0.909728068938478,0.95452083748281,1.),(0.,1.),
 .UNSPECIFIED.);
#23=B_SPLINE_SURFACE_WITH_KNOTS('',3,1,((#15226,#15227),(#15228,#15229),
(#15230,#15231),(#15232,#15233),(#15234,#15235),(#15236,#15237),(#15238,
#15239),(#15240,#15241),(#15242,#15243),(#15244,#15245),(#15246,#15247),
(#15248,#15249),(#15250,#15251),(#15252,#15253),(#15254,#15255),(#15256,
#15257),(#15258,#15259),(#15260,#15261),(#15262,#15263),(#15264,#15265),
(#15266,#15267),(#15268,#15269),(#15270,#15271),(#15272,#15273),(#15274,
#15275),(#15276,#15277),(#15278,#15279)),.SURF_OF_LINEAR_EXTRUSION.,.F.,
 .F.,.F.,(4,1,1,1,1,1,1,1,1,1,1,1,1,1,1,1,1,1,1,1,1,1,1,1,4),(2,2),(0.,
0.0428461305675274,0.0855811377968692,0.127733374656913,0.170087969847312,
0.212527966788543,0.255505239058664,0.298634500270469,0.342623046400124,
0.386551056211289,0.429560797857858,0.471685082646374,0.513532989743645,
0.555097434242958,0.596362728826989,0.637715674837352,0.679422614447152,
0.720936649777987,0.761765138570152,0.801806045877869,0.84178807748336,
0.881046716483947,0.920624086769232,0.960096604459364,1.),(0.,1.),
 .UNSPECIFIED.);
#24=B_SPLINE_SURFACE_WITH_KNOTS('',3,1,((#15309,#15310),(#15311,#15312),
(#15313,#15314),(#15315,#15316),(#15317,#15318),(#15319,#15320),(#15321,
#15322),(#15323,#15324),(#15325,#15326),(#15327,#15328),(#15329,#15330)),
 .SURF_OF_LINEAR_EXTRUSION.,.F.,.F.,.F.,(4,1,1,1,1,1,1,1,4),(2,2),(0.,0.136494653089499,
0.269009896059838,0.3991356646941,0.527287736169185,0.652300445331231,0.772154940046867,
0.887497422254468,1.),(0.,1.),.UNSPECIFIED.);
#25=B_SPLINE_SURFACE_WITH_KNOTS('',3,1,((#15580,#15581),(#15582,#15583),
(#15584,#15585),(#15586,#15587),(#15588,#15589),(#15590,#15591),(#15592,
#15593),(#15594,#15595),(#15596,#15597),(#15598,#15599),(#15600,#15601),
(#15602,#15603),(#15604,#15605),(#15606,#15607),(#15608,#15609),(#15610,
#15611),(#15612,#15613),(#15614,#15615),(#15616,#15617),(#15618,#15619),
(#15620,#15621),(#15622,#15623),(#15624,#15625),(#15626,#15627),(#15628,
#15629),(#15630,#15631),(#15632,#15633)),.SURF_OF_LINEAR_EXTRUSION.,.F.,
 .F.,.F.,(4,1,1,1,1,1,1,1,1,1,1,1,1,1,1,1,1,1,1,1,1,1,1,1,4),(2,2),(0.,
0.0460789331718981,0.0908033506254652,0.134290169787793,0.177017662007344,
0.2188144224581,0.260152580962566,0.300986780743909,0.341519268370821,0.381487274533299,
0.420162494268552,0.457766557163019,0.494780748411901,0.531055647060185,
0.566986260570713,0.602559674478113,0.638045847195937,0.674795302794284,
0.713407958099678,0.75445113052699,0.797823039996595,0.843995381728921,
0.893075631186163,0.944965436555048,1.),(0.,1.),.UNSPECIFIED.);
#26=B_SPLINE_SURFACE_WITH_KNOTS('',3,1,((#15635,#15636),(#15637,#15638),
(#15639,#15640),(#15641,#15642),(#15643,#15644),(#15645,#15646),(#15647,
#15648),(#15649,#15650),(#15651,#15652),(#15653,#15654),(#15655,#15656),
(#15657,#15658),(#15659,#15660),(#15661,#15662),(#15663,#15664),(#15665,
#15666),(#15667,#15668),(#15669,#15670),(#15671,#15672)),
 .SURF_OF_LINEAR_EXTRUSION.,.F.,.F.,.F.,(4,1,1,1,1,1,1,1,1,1,1,1,1,1,1,
1,4),(2,2),(0.,0.0615435260186327,0.121691449061019,0.18115061688382,0.240065712191517,
0.298672076705735,0.357616178788233,0.41757219507532,0.478648947490138,
0.540393735531461,0.60233022957476,0.665108545379362,0.728565659854074,
0.793655370086144,0.860537530738264,0.929237616262827,1.),(0.,1.),
 .UNSPECIFIED.);
#27=B_SPLINE_SURFACE_WITH_KNOTS('',3,1,((#15674,#15675),(#15676,#15677),
(#15678,#15679),(#15680,#15681),(#15682,#15683),(#15684,#15685),(#15686,
#15687),(#15688,#15689),(#15690,#15691),(#15692,#15693),(#15694,#15695)),
 .SURF_OF_LINEAR_EXTRUSION.,.F.,.F.,.F.,(4,1,1,1,1,1,1,1,4),(2,2),(0.,0.164289633888993,
0.317406717672613,0.458844777437885,0.588746286385373,0.707830576456989,
0.815769562620742,0.912879681553645,1.),(0.,1.),.UNSPECIFIED.);
#28=B_SPLINE_SURFACE_WITH_KNOTS('',3,1,((#15710,#15711),(#15712,#15713),
(#15714,#15715),(#15716,#15717),(#15718,#15719),(#15720,#15721),(#15722,
#15723),(#15724,#15725),(#15726,#15727),(#15728,#15729),(#15730,#15731)),
 .SURF_OF_LINEAR_EXTRUSION.,.F.,.F.,.F.,(4,1,1,1,1,1,1,1,4),(2,2),(0.,0.171900664613268,
0.330627932095881,0.475548835880917,0.606746190312362,0.72502380346749,
0.829742386958457,0.921322820343975,1.),(0.,1.),.UNSPECIFIED.);
#29=B_SPLINE_SURFACE_WITH_KNOTS('',3,1,((#15745,#15746),(#15747,#15748),
(#15749,#15750),(#15751,#15752),(#15753,#15754),(#15755,#15756),(#15757,
#15758),(#15759,#15760),(#15761,#15762),(#15763,#15764),(#15765,#15766),
(#15767,#15768),(#15769,#15770),(#15771,#15772),(#15773,#15774),(#15775,
#15776),(#15777,#15778),(#15779,#15780),(#15781,#15782)),
 .SURF_OF_LINEAR_EXTRUSION.,.F.,.F.,.F.,(4,1,1,1,1,1,1,1,1,1,1,1,1,1,1,
1,4),(2,2),(0.,0.06240128925716,0.123312125005687,0.183085776516864,0.241731817482866,
0.300850310022427,0.35993899267545,0.4191280276906,0.479764213982991,0.540705489931194,
0.602145342609606,0.664524337463623,0.727853440750101,0.792509892884828,
0.859273271900244,0.928479542363006,1.),(0.,1.),.UNSPECIFIED.);
#30=B_SPLINE_SURFACE_WITH_KNOTS('',3,1,((#15804,#15805),(#15806,#15807),
(#15808,#15809),(#15810,#15811),(#15812,#15813),(#15814,#15815),(#15816,
#15817),(#15818,#15819),(#15820,#15821),(#15822,#15823),(#15824,#15825),
(#15826,#15827),(#15828,#15829),(#15830,#15831),(#15832,#15833),(#15834,
#15835),(#15836,#15837),(#15838,#15839),(#15840,#15841)),
 .SURF_OF_LINEAR_EXTRUSION.,.F.,.F.,.F.,(4,1,1,1,1,1,1,1,1,1,1,1,1,1,1,
1,4),(2,2),(0.,0.070142057222022,0.137794692275486,0.203199830311715,0.267139326009755,
0.329981104416489,0.391588509848395,0.453055056433402,0.514082611479389,
0.574740810819669,0.634598518858883,0.693841649559333,0.753473671285049,
0.813150091611691,0.874096053702622,0.9360153315621,1.),(0.,1.),
 .UNSPECIFIED.);
#31=B_SPLINE_SURFACE_WITH_KNOTS('',3,1,((#15863,#15864),(#15865,#15866),
(#15867,#15868),(#15869,#15870),(#15871,#15872),(#15873,#15874),(#15875,
#15876),(#15877,#15878),(#15879,#15880),(#15881,#15882),(#15883,#15884)),
 .SURF_OF_LINEAR_EXTRUSION.,.F.,.F.,.F.,(4,1,1,1,1,1,1,1,4),(2,2),(0.,0.0843186169585823,
0.179284514213905,0.286582527646562,0.405111483434279,0.535592873418975,
0.678190209993414,0.832975839760488,1.),(0.,1.),.UNSPECIFIED.);
#32=ELLIPSE('',#10039,0.014161981516691,0.00624923691047145);
#33=ELLIPSE('',#10045,0.014161981516691,0.00624923691047145);
#34=DEGENERATE_TOROIDAL_SURFACE('',#9746,0.00095,0.00115,.T.);
#35=DEGENERATE_TOROIDAL_SURFACE('',#9749,0.00095,0.00115,.T.);
#36=DEGENERATE_TOROIDAL_SURFACE('',#9750,0.00095,0.00115,.T.);
#37=DEGENERATE_TOROIDAL_SURFACE('',#9755,0.00095,0.00115,.T.);
#38=B_SPLINE_CURVE_WITH_KNOTS('',3,(#12763,#12764,#12765,#12766,#12767),
 .UNSPECIFIED.,.F.,.F.,(4,1,4),(1.97031745434256E-7,0.000679570339126243,
0.00135894364650705),.UNSPECIFIED.);
#39=B_SPLINE_CURVE_WITH_KNOTS('',3,(#13912,#13913,#13914,#13915,#13916,
#13917,#13918,#13919,#13920,#13921,#13922),.UNSPECIFIED.,.F.,.F.,(4,1,1,
1,1,1,1,1,4),(0.,0.164289633888993,0.317406717672613,0.458844777437885,
0.588746286385373,0.707830576456989,0.815769562620742,0.912879681553645,
1.),.UNSPECIFIED.);
#40=B_SPLINE_CURVE_WITH_KNOTS('',3,(#13924,#13925,#13926,#13927,#13928,
#13929,#13930,#13931,#13932,#13933,#13934,#13935,#13936,#13937,#13938,#13939,
#13940,#13941,#13942),.UNSPECIFIED.,.F.,.F.,(4,1,1,1,1,1,1,1,1,1,1,1,1,
1,1,1,4),(0.,0.0615435260186327,0.121691449061019,0.18115061688382,0.240065712191517,
0.298672076705735,0.357616178788233,0.41757219507532,0.478648947490138,
0.540393735531461,0.60233022957476,0.665108545379362,0.728565659854074,
0.793655370086144,0.860537530738264,0.929237616262827,1.),.UNSPECIFIED.);
#41=B_SPLINE_CURVE_WITH_KNOTS('',3,(#13944,#13945,#13946,#13947,#13948,
#13949,#13950,#13951,#13952,#13953,#13954,#13955,#13956,#13957,#13958,#13959,
#13960,#13961,#13962,#13963,#13964,#13965,#13966,#13967,#13968,#13969,#13970),
 .UNSPECIFIED.,.F.,.F.,(4,1,1,1,1,1,1,1,1,1,1,1,1,1,1,1,1,1,1,1,1,1,1,1,
4),(0.,0.0460789331718981,0.0908033506254652,0.134290169787793,0.177017662007344,
0.2188144224581,0.260152580962566,0.300986780743909,0.341519268370821,0.381487274533299,
0.420162494268552,0.457766557163019,0.494780748411901,0.531055647060185,
0.566986260570713,0.602559674478113,0.638045847195937,0.674795302794284,
0.713407958099678,0.75445113052699,0.797823039996595,0.843995381728921,
0.893075631186163,0.944965436555048,1.),.UNSPECIFIED.);
#42=B_SPLINE_CURVE_WITH_KNOTS('',3,(#14007,#14008,#14009,#14010,#14011,
#14012,#14013,#14014,#14015,#14016,#14017,#14018,#14019,#14020,#14021,#14022,
#14023,#14024,#14025),.UNSPECIFIED.,.F.,.F.,(4,1,1,1,1,1,1,1,1,1,1,1,1,
1,1,1,4),(0.,0.0616172070006676,0.122179680691624,0.182217045778756,0.241473347782719,
0.30095708118686,0.359966344541048,0.419030446122275,0.478066466194693,
0.537990615231129,0.598958523904521,0.661319637803068,0.725246399814785,
0.791219265793767,0.858745370808764,0.92831727640344,1.),.UNSPECIFIED.);
#43=B_SPLINE_CURVE_WITH_KNOTS('',3,(#14030,#14031,#14032,#14033,#14034,
#14035,#14036,#14037,#14038,#14039,#14040),.UNSPECIFIED.,.F.,.F.,(4,1,1,
1,1,1,1,1,4),(0.,0.136494653089499,0.269009896059838,0.3991356646941,0.527287736169185,
0.652300445331231,0.772154940046867,0.887497422254468,1.),.UNSPECIFIED.);
#44=B_SPLINE_CURVE_WITH_KNOTS('',3,(#14042,#14043,#14044,#14045,#14046,
#14047,#14048,#14049,#14050,#14051,#14052,#14053,#14054,#14055,#14056,#14057,
#14058,#14059,#14060,#14061,#14062,#14063,#14064,#14065,#14066,#14067,#14068),
 .UNSPECIFIED.,.F.,.F.,(4,1,1,1,1,1,1,1,1,1,1,1,1,1,1,1,1,1,1,1,1,1,1,1,
4),(0.,0.0428461305675274,0.0855811377968692,0.127733374656913,0.170087969847312,
0.212527966788543,0.255505239058664,0.298634500270469,0.342623046400124,
0.386551056211289,0.429560797857858,0.471685082646374,0.513532989743645,
0.555097434242958,0.596362728826989,0.637715674837352,0.679422614447152,
0.720936649777987,0.761765138570152,0.801806045877869,0.84178807748336,
0.881046716483947,0.920624086769232,0.960096604459364,1.),.UNSPECIFIED.);
#45=B_SPLINE_CURVE_WITH_KNOTS('',3,(#14070,#14071,#14072,#14073,#14074,
#14075,#14076,#14077,#14078,#14079,#14080,#14081,#14082,#14083,#14084,#14085,
#14086,#14087,#14088,#14089,#14090,#14091,#14092,#14093,#14094,#14095,#14096),
 .UNSPECIFIED.,.F.,.F.,(4,1,1,1,1,1,1,1,1,1,1,1,1,1,1,1,1,1,1,1,1,1,1,1,
4),(0.,0.0389956844149893,0.0778848845903733,0.11665599727893,0.155352993499073,
0.194377297103372,0.234021973975559,0.274309147950222,0.315430910982151,
0.356784729068807,0.398072930639659,0.438878349000806,0.479813520851699,
0.52125594886071,0.562824223728534,0.605277069435738,0.648395305290448,
0.691715583303257,0.735138825493767,0.778360506840644,0.82165408457436,
0.865518591288322,0.909728068938478,0.95452083748281,1.),.UNSPECIFIED.);
#46=B_SPLINE_CURVE_WITH_KNOTS('',3,(#14098,#14099,#14100,#14101,#14102,
#14103,#14104,#14105,#14106,#14107,#14108,#14109,#14110,#14111,#14112,#14113,
#14114,#14115,#14116),.UNSPECIFIED.,.F.,.F.,(4,1,1,1,1,1,1,1,1,1,1,1,1,
1,1,1,4),(0.,0.0706396565587889,0.138712442240757,0.204945535349578,0.269477463883893,
0.332681494793914,0.395510455461063,0.457981172575968,0.520882800167946,
0.583085875441521,0.643297596523098,0.702570676902338,0.760706950984888,
0.819465105896914,0.878252549206833,0.938482959850532,1.),.UNSPECIFIED.);
#47=B_SPLINE_CURVE_WITH_KNOTS('',3,(#14124,#14125,#14126,#14127,#14128,
#14129,#14130,#14131,#14132,#14133,#14134,#14135,#14136,#14137,#14138,#14139,
#14140,#14141,#14142),.UNSPECIFIED.,.F.,.F.,(4,1,1,1,1,1,1,1,1,1,1,1,1,
1,1,1,4),(0.,0.0712722778918418,0.139492722424175,0.204635418715339,0.267405740386265,
0.328445597526984,0.388397163141542,0.447733931258267,0.507391621231218,
0.566767555363434,0.625478337516418,0.684066505918798,0.743248445815342,
0.804033357398258,0.866498750699673,0.931723237984159,1.),.UNSPECIFIED.);
#48=B_SPLINE_CURVE_WITH_KNOTS('',3,(#14144,#14145,#14146,#14147,#14148,
#14149,#14150,#14151,#14152,#14153,#14154,#14155,#14156,#14157,#14158,#14159,
#14160,#14161,#14162),.UNSPECIFIED.,.F.,.F.,(4,1,1,1,1,1,1,1,1,1,1,1,1,
1,1,1,4),(0.,0.0692365237083657,0.136556739323003,0.202094157267331,0.266464260366058,
0.329768822872774,0.391878965921428,0.453270593103038,0.514114664070462,
0.574389510365487,0.634141663851326,0.693923287499325,0.754152196307388,
0.814470164130034,0.875660630131173,0.937348010628003,1.),.UNSPECIFIED.);
#49=B_SPLINE_CURVE_WITH_KNOTS('',3,(#14164,#14165,#14166,#14167,#14168,
#14169,#14170,#14171,#14172,#14173,#14174),.UNSPECIFIED.,.F.,.F.,(4,1,1,
1,1,1,1,1,4),(0.,0.127895677373536,0.253668418322869,0.376738432207011,
0.499344472746071,0.621999306856081,0.745698547513126,0.871345152752212,
1.),.UNSPECIFIED.);
#50=B_SPLINE_CURVE_WITH_KNOTS('',3,(#14176,#14177,#14178,#14179,#14180,
#14181,#14182,#14183,#14184,#14185,#14186,#14187,#14188,#14189,#14190,#14191,
#14192,#14193,#14194,#14195,#14196,#14197,#14198,#14199,#14200,#14201,#14202),
 .UNSPECIFIED.,.F.,.F.,(4,1,1,1,1,1,1,1,1,1,1,1,1,1,1,1,1,1,1,1,1,1,1,1,
4),(0.,0.0420427307159568,0.0835511240054917,0.124652992136892,0.165316239978494,
0.206256178288889,0.247059403301221,0.288421246140782,0.330081833498138,
0.371771151826694,0.412852900379623,0.453427012034427,0.493798258903828,
0.534343552466321,0.574917664121126,0.615861084044459,0.657222237629105,
0.698982614241594,0.740465587566785,0.782307804556862,0.824553471501813,
0.867030645412002,0.910492397281114,0.954615558808142,1.),.UNSPECIFIED.);
#51=B_SPLINE_CURVE_WITH_KNOTS('',3,(#14232,#14233,#14234,#14235,#14236,
#14237,#14238,#14239,#14240,#14241,#14242),.UNSPECIFIED.,.F.,.F.,(4,1,1,
1,1,1,1,1,4),(0.,0.1762577548178,0.338434413880475,0.484822050787837,0.617157578266332,
0.734698360612476,0.83738518383236,0.926372420929583,1.),.UNSPECIFIED.);
#52=B_SPLINE_CURVE_WITH_KNOTS('',3,(#14244,#14245,#14246,#14247,#14248,
#14249,#14250,#14251,#14252,#14253,#14254,#14255,#14256,#14257,#14258,#14259,
#14260,#14261,#14262),.UNSPECIFIED.,.F.,.F.,(4,1,1,1,1,1,1,1,1,1,1,1,1,
1,1,1,4),(0.,0.0642047860756989,0.127039909780727,0.188709102020654,0.249085328889775,
0.30986806223213,0.370230870670846,0.430628560827836,0.49227673246477,0.554095489607173,
0.615218447308348,0.67631489320706,0.73847602332234,0.800795937178095,0.865209822990971,
0.931654158593848,1.),.UNSPECIFIED.);
#53=B_SPLINE_CURVE_WITH_KNOTS('',3,(#14264,#14265,#14266,#14267,#14268,
#14269,#14270,#14271,#14272,#14273,#14274,#14275,#14276,#14277,#14278,#14279,
#14280,#14281,#14282),.UNSPECIFIED.,.F.,.F.,(4,1,1,1,1,1,1,1,1,1,1,1,1,
1,1,1,4),(0.,0.0787751416419539,0.15371070461192,0.226698870982696,0.299171820326584,
0.37116599564464,0.442977769501569,0.516334013008727,0.592857108024115,
0.633510180405671,0.676623616987173,0.722915422371309,0.771971354383628,
0.823829257316892,0.879386450019196,0.937952131613019,1.),.UNSPECIFIED.);
#54=B_SPLINE_CURVE_WITH_KNOTS('',3,(#14379,#14380,#14381,#14382,#14383,
#14384,#14385,#14386,#14387,#14388,#14389,#14390,#14391,#14392,#14393,#14394,
#14395,#14396,#14397),.UNSPECIFIED.,.F.,.F.,(4,1,1,1,1,1,1,1,1,1,1,1,1,
1,1,1,4),(0.,0.0787751416419539,0.15371070461192,0.226698870982696,0.299171820326584,
0.37116599564464,0.442977769501569,0.516334013008727,0.592857108024115,
0.633510180405671,0.676623616987173,0.722915422371309,0.771971354383628,
0.823829257316892,0.879386450019196,0.937952131613019,1.),.UNSPECIFIED.);
#55=B_SPLINE_CURVE_WITH_KNOTS('',3,(#14399,#14400,#14401,#14402,#14403,
#14404,#14405,#14406,#14407,#14408,#14409,#14410,#14411,#14412,#14413,#14414,
#14415,#14416,#14417),.UNSPECIFIED.,.F.,.F.,(4,1,1,1,1,1,1,1,1,1,1,1,1,
1,1,1,4),(0.,0.0642047860756989,0.127039909780727,0.188709102020654,0.249085328889775,
0.30986806223213,0.370230870670846,0.430628560827836,0.49227673246477,0.554095489607173,
0.615218447308348,0.67631489320706,0.73847602332234,0.800795937178095,0.865209822990971,
0.931654158593848,1.),.UNSPECIFIED.);
#56=B_SPLINE_CURVE_WITH_KNOTS('',3,(#14419,#14420,#14421,#14422,#14423,
#14424,#14425,#14426,#14427,#14428,#14429),.UNSPECIFIED.,.F.,.F.,(4,1,1,
1,1,1,1,1,4),(0.,0.1762577548178,0.338434413880475,0.484822050787837,0.617157578266332,
0.734698360612476,0.83738518383236,0.926372420929583,1.),.UNSPECIFIED.);
#57=B_SPLINE_CURVE_WITH_KNOTS('',3,(#14437,#14438,#14439,#14440,#14441,
#14442,#14443,#14444,#14445,#14446,#14447,#14448,#14449,#14450,#14451,#14452,
#14453,#14454,#14455),.UNSPECIFIED.,.F.,.F.,(4,1,1,1,1,1,1,1,1,1,1,1,1,
1,1,1,4),(0.,0.068787304479382,0.13631133755549,0.203719133506693,0.273224714678368,
0.342607959909666,0.411061944463295,0.479238515137758,0.549585202856472,
0.587913733091133,0.630891961275219,0.679006789749672,0.732608364779033,
0.791193356266801,0.855339952447318,0.925115322561138,1.),.UNSPECIFIED.);
#58=B_SPLINE_CURVE_WITH_KNOTS('',3,(#14457,#14458,#14459,#14460,#14461,
#14462,#14463,#14464,#14465,#14466,#14467,#14468,#14469,#14470,#14471,#14472,
#14473,#14474,#14475),.UNSPECIFIED.,.F.,.F.,(4,1,1,1,1,1,1,1,1,1,1,1,1,
1,1,1,4),(0.,0.0716499504887852,0.138878011058986,0.201133481831924,0.259058627025441,
0.312175748335668,0.360589919263261,0.40498327699187,0.44498863083633,0.51841811698318,
0.589382616484835,0.657994590127318,0.727585942337623,0.795840797984341,
0.863196901033335,0.930408647789696,1.),.UNSPECIFIED.);
#59=B_SPLINE_CURVE_WITH_KNOTS('',3,(#14647,#14648,#14649,#14650,#14651,
#14652,#14653,#14654,#14655,#14656,#14657,#14658,#14659,#14660,#14661,#14662,
#14663,#14664,#14665),.UNSPECIFIED.,.F.,.F.,(4,1,1,1,1,1,1,1,1,1,1,1,1,
1,1,1,4),(0.,0.0716499504887852,0.138878011058986,0.201133481831924,0.259058627025441,
0.312175748335668,0.360589919263261,0.40498327699187,0.44498863083633,0.51841811698318,
0.589382616484835,0.657994590127318,0.727585942337623,0.795840797984341,
0.863196901033335,0.930408647789696,1.),.UNSPECIFIED.);
#60=B_SPLINE_CURVE_WITH_KNOTS('',3,(#14706,#14707,#14708,#14709,#14710,
#14711,#14712,#14713,#14714,#14715,#14716,#14717,#14718,#14719,#14720,#14721,
#14722,#14723,#14724),.UNSPECIFIED.,.F.,.F.,(4,1,1,1,1,1,1,1,1,1,1,1,1,
1,1,1,4),(0.,0.068787304479382,0.13631133755549,0.203719133506693,0.273224714678368,
0.342607959909666,0.411061944463295,0.479238515137758,0.549585202856472,
0.587913733091133,0.630891961275219,0.679006789749672,0.732608364779033,
0.791193356266801,0.855339952447318,0.925115322561138,1.),.UNSPECIFIED.);
#61=B_SPLINE_CURVE_WITH_KNOTS('',3,(#14815,#14816,#14817,#14818,#14819,
#14820,#14821,#14822,#14823,#14824,#14825,#14826,#14827,#14828,#14829,#14830,
#14831,#14832,#14833),.UNSPECIFIED.,.F.,.F.,(4,1,1,1,1,1,1,1,1,1,1,1,1,
1,1,1,4),(0.,0.0616172070006676,0.122179680691624,0.182217045778756,0.241473347782719,
0.30095708118686,0.359966344541048,0.419030446122275,0.478066466194693,
0.537990615231129,0.598958523904521,0.661319637803068,0.725246399814785,
0.791219265793767,0.858745370808764,0.92831727640344,1.),.UNSPECIFIED.);
#62=B_SPLINE_CURVE_WITH_KNOTS('',3,(#14892,#14893,#14894,#14895,#14896,
#14897,#14898,#14899,#14900,#14901,#14902,#14903,#14904,#14905,#14906,#14907,
#14908,#14909,#14910,#14911,#14912,#14913,#14914,#14915,#14916,#14917,#14918),
 .UNSPECIFIED.,.F.,.F.,(4,1,1,1,1,1,1,1,1,1,1,1,1,1,1,1,1,1,1,1,1,1,1,1,
4),(0.,0.0420427307159568,0.0835511240054917,0.124652992136892,0.165316239978494,
0.206256178288889,0.247059403301221,0.288421246140782,0.330081833498138,
0.371771151826694,0.412852900379623,0.453427012034427,0.493798258903828,
0.534343552466321,0.574917664121126,0.615861084044459,0.657222237629105,
0.698982614241594,0.740465587566785,0.782307804556862,0.824553471501813,
0.867030645412002,0.910492397281114,0.954615558808142,1.),.UNSPECIFIED.);
#63=B_SPLINE_CURVE_WITH_KNOTS('',3,(#14943,#14944,#14945,#14946,#14947,
#14948,#14949,#14950,#14951,#14952,#14953),.UNSPECIFIED.,.F.,.F.,(4,1,1,
1,1,1,1,1,4),(0.,0.127895677373536,0.253668418322869,0.376738432207011,
0.499344472746071,0.621999306856081,0.745698547513126,0.871345152752212,
1.),.UNSPECIFIED.);
#64=B_SPLINE_CURVE_WITH_KNOTS('',3,(#14994,#14995,#14996,#14997,#14998,
#14999,#15000,#15001,#15002,#15003,#15004,#15005,#15006,#15007,#15008,#15009,
#15010,#15011,#15012),.UNSPECIFIED.,.F.,.F.,(4,1,1,1,1,1,1,1,1,1,1,1,1,
1,1,1,4),(0.,0.0692365237083657,0.136556739323003,0.202094157267331,0.266464260366058,
0.329768822872774,0.391878965921428,0.453270593103038,0.514114664070462,
0.574389510365487,0.634141663851326,0.693923287499325,0.754152196307388,
0.814470164130034,0.875660630131173,0.937348010628003,1.),.UNSPECIFIED.);
#65=B_SPLINE_CURVE_WITH_KNOTS('',3,(#15053,#15054,#15055,#15056,#15057,
#15058,#15059,#15060,#15061,#15062,#15063,#15064,#15065,#15066,#15067,#15068,
#15069,#15070,#15071),.UNSPECIFIED.,.F.,.F.,(4,1,1,1,1,1,1,1,1,1,1,1,1,
1,1,1,4),(0.,0.0712722778918418,0.139492722424175,0.204635418715339,0.267405740386265,
0.328445597526984,0.388397163141542,0.447733931258267,0.507391621231218,
0.566767555363434,0.625478337516418,0.684066505918798,0.743248445815342,
0.804033357398258,0.866498750699673,0.931723237984159,1.),.UNSPECIFIED.);
#66=B_SPLINE_CURVE_WITH_KNOTS('',3,(#15124,#15125,#15126,#15127,#15128,
#15129,#15130,#15131,#15132,#15133,#15134,#15135,#15136,#15137,#15138,#15139,
#15140,#15141,#15142),.UNSPECIFIED.,.F.,.F.,(4,1,1,1,1,1,1,1,1,1,1,1,1,
1,1,1,4),(0.,0.0706396565587889,0.138712442240757,0.204945535349578,0.269477463883893,
0.332681494793914,0.395510455461063,0.457981172575968,0.520882800167946,
0.583085875441521,0.643297596523098,0.702570676902338,0.760706950984888,
0.819465105896914,0.878252549206833,0.938482959850532,1.),.UNSPECIFIED.);
#67=B_SPLINE_CURVE_WITH_KNOTS('',3,(#15199,#15200,#15201,#15202,#15203,
#15204,#15205,#15206,#15207,#15208,#15209,#15210,#15211,#15212,#15213,#15214,
#15215,#15216,#15217,#15218,#15219,#15220,#15221,#15222,#15223,#15224,#15225),
 .UNSPECIFIED.,.F.,.F.,(4,1,1,1,1,1,1,1,1,1,1,1,1,1,1,1,1,1,1,1,1,1,1,1,
4),(0.,0.0389956844149893,0.0778848845903733,0.11665599727893,0.155352993499073,
0.194377297103372,0.234021973975559,0.274309147950222,0.315430910982151,
0.356784729068807,0.398072930639659,0.438878349000806,0.479813520851699,
0.52125594886071,0.562824223728534,0.605277069435738,0.648395305290448,
0.691715583303257,0.735138825493767,0.778360506840644,0.82165408457436,
0.865518591288322,0.909728068938478,0.95452083748281,1.),.UNSPECIFIED.);
#68=B_SPLINE_CURVE_WITH_KNOTS('',3,(#15282,#15283,#15284,#15285,#15286,
#15287,#15288,#15289,#15290,#15291,#15292,#15293,#15294,#15295,#15296,#15297,
#15298,#15299,#15300,#15301,#15302,#15303,#15304,#15305,#15306,#15307,#15308),
 .UNSPECIFIED.,.F.,.F.,(4,1,1,1,1,1,1,1,1,1,1,1,1,1,1,1,1,1,1,1,1,1,1,1,
4),(0.,0.0428461305675274,0.0855811377968692,0.127733374656913,0.170087969847312,
0.212527966788543,0.255505239058664,0.298634500270469,0.342623046400124,
0.386551056211289,0.429560797857858,0.471685082646374,0.513532989743645,
0.555097434242958,0.596362728826989,0.637715674837352,0.679422614447152,
0.720936649777987,0.761765138570152,0.801806045877869,0.84178807748336,
0.881046716483947,0.920624086769232,0.960096604459364,1.),.UNSPECIFIED.);
#69=B_SPLINE_CURVE_WITH_KNOTS('',3,(#15333,#15334,#15335,#15336,#15337,
#15338,#15339,#15340,#15341,#15342,#15343),.UNSPECIFIED.,.F.,.F.,(4,1,1,
1,1,1,1,1,4),(0.,0.136494653089499,0.269009896059838,0.3991356646941,0.527287736169185,
0.652300445331231,0.772154940046867,0.887497422254468,1.),.UNSPECIFIED.);
#70=B_SPLINE_CURVE_WITH_KNOTS('',3,(#15444,#15445,#15446,#15447,#15448,
#15449,#15450,#15451,#15452,#15453,#15454,#15455,#15456,#15457,#15458,#15459,
#15460,#15461,#15462,#15463,#15464,#15465,#15466,#15467,#15468,#15469,#15470),
 .UNSPECIFIED.,.F.,.F.,(4,1,1,1,1,1,1,1,1,1,1,1,1,1,1,1,1,1,1,1,1,1,1,1,
4),(0.,0.0460789331718981,0.0908033506254652,0.134290169787793,0.177017662007344,
0.2188144224581,0.260152580962566,0.300986780743909,0.341519268370821,0.381487274533299,
0.420162494268552,0.457766557163019,0.494780748411901,0.531055647060185,
0.566986260570713,0.602559674478113,0.638045847195937,0.674795302794284,
0.713407958099678,0.75445113052699,0.797823039996595,0.843995381728921,
0.893075631186163,0.944965436555048,1.),.UNSPECIFIED.);
#71=B_SPLINE_CURVE_WITH_KNOTS('',3,(#15472,#15473,#15474,#15475,#15476,
#15477,#15478,#15479,#15480,#15481,#15482,#15483,#15484,#15485,#15486,#15487,
#15488,#15489,#15490),.UNSPECIFIED.,.F.,.F.,(4,1,1,1,1,1,1,1,1,1,1,1,1,
1,1,1,4),(0.,0.0615435260186327,0.121691449061019,0.18115061688382,0.240065712191517,
0.298672076705735,0.357616178788233,0.41757219507532,0.478648947490138,
0.540393735531461,0.60233022957476,0.665108545379362,0.728565659854074,
0.793655370086144,0.860537530738264,0.929237616262827,1.),.UNSPECIFIED.);
#72=B_SPLINE_CURVE_WITH_KNOTS('',3,(#15492,#15493,#15494,#15495,#15496,
#15497,#15498,#15499,#15500,#15501,#15502),.UNSPECIFIED.,.F.,.F.,(4,1,1,
1,1,1,1,1,4),(0.,0.164289633888993,0.317406717672613,0.458844777437885,
0.588746286385373,0.707830576456989,0.815769562620742,0.912879681553645,
1.),.UNSPECIFIED.);
#73=B_SPLINE_CURVE_WITH_KNOTS('',3,(#15514,#15515,#15516,#15517,#15518,
#15519,#15520,#15521,#15522,#15523,#15524),.UNSPECIFIED.,.F.,.F.,(4,1,1,
1,1,1,1,1,4),(0.,0.0843186169585823,0.179284514213905,0.286582527646562,
0.405111483434279,0.535592873418975,0.678190209993414,0.832975839760488,
1.),.UNSPECIFIED.);
#74=B_SPLINE_CURVE_WITH_KNOTS('',3,(#15526,#15527,#15528,#15529,#15530,
#15531,#15532,#15533,#15534,#15535,#15536,#15537,#15538,#15539,#15540,#15541,
#15542,#15543,#15544),.UNSPECIFIED.,.F.,.F.,(4,1,1,1,1,1,1,1,1,1,1,1,1,
1,1,1,4),(0.,0.070142057222022,0.137794692275486,0.203199830311715,0.267139326009755,
0.329981104416489,0.391588509848395,0.453055056433402,0.514082611479389,
0.574740810819669,0.634598518858883,0.693841649559333,0.753473671285049,
0.813150091611691,0.874096053702622,0.9360153315621,1.),.UNSPECIFIED.);
#75=B_SPLINE_CURVE_WITH_KNOTS('',3,(#15546,#15547,#15548,#15549,#15550,
#15551,#15552,#15553,#15554,#15555,#15556,#15557,#15558,#15559,#15560,#15561,
#15562,#15563,#15564),.UNSPECIFIED.,.F.,.F.,(4,1,1,1,1,1,1,1,1,1,1,1,1,
1,1,1,4),(0.,0.06240128925716,0.123312125005687,0.183085776516864,0.241731817482866,
0.300850310022427,0.35993899267545,0.4191280276906,0.479764213982991,0.540705489931194,
0.602145342609606,0.664524337463623,0.727853440750101,0.792509892884828,
0.859273271900244,0.928479542363006,1.),.UNSPECIFIED.);
#76=B_SPLINE_CURVE_WITH_KNOTS('',3,(#15566,#15567,#15568,#15569,#15570,
#15571,#15572,#15573,#15574,#15575,#15576),.UNSPECIFIED.,.F.,.F.,(4,1,1,
1,1,1,1,1,4),(0.,0.171900664613268,0.330627932095881,0.475548835880917,
0.606746190312362,0.72502380346749,0.829742386958457,0.921322820343975,
1.),.UNSPECIFIED.);
#77=B_SPLINE_CURVE_WITH_KNOTS('',3,(#15732,#15733,#15734,#15735,#15736,
#15737,#15738,#15739,#15740,#15741,#15742),.UNSPECIFIED.,.F.,.F.,(4,1,1,
1,1,1,1,1,4),(0.,0.171900664613268,0.330627932095881,0.475548835880917,
0.606746190312362,0.72502380346749,0.829742386958457,0.921322820343975,
1.),.UNSPECIFIED.);
#78=B_SPLINE_CURVE_WITH_KNOTS('',3,(#15783,#15784,#15785,#15786,#15787,
#15788,#15789,#15790,#15791,#15792,#15793,#15794,#15795,#15796,#15797,#15798,
#15799,#15800,#15801),.UNSPECIFIED.,.F.,.F.,(4,1,1,1,1,1,1,1,1,1,1,1,1,
1,1,1,4),(0.,0.06240128925716,0.123312125005687,0.183085776516864,0.241731817482866,
0.300850310022427,0.35993899267545,0.4191280276906,0.479764213982991,0.540705489931194,
0.602145342609606,0.664524337463623,0.727853440750101,0.792509892884828,
0.859273271900244,0.928479542363006,1.),.UNSPECIFIED.);
#79=B_SPLINE_CURVE_WITH_KNOTS('',3,(#15842,#15843,#15844,#15845,#15846,
#15847,#15848,#15849,#15850,#15851,#15852,#15853,#15854,#15855,#15856,#15857,
#15858,#15859,#15860),.UNSPECIFIED.,.F.,.F.,(4,1,1,1,1,1,1,1,1,1,1,1,1,
1,1,1,4),(0.,0.070142057222022,0.137794692275486,0.203199830311715,0.267139326009755,
0.329981104416489,0.391588509848395,0.453055056433402,0.514082611479389,
0.574740810819669,0.634598518858883,0.693841649559333,0.753473671285049,
0.813150091611691,0.874096053702622,0.9360153315621,1.),.UNSPECIFIED.);
#80=B_SPLINE_CURVE_WITH_KNOTS('',3,(#15885,#15886,#15887,#15888,#15889,
#15890,#15891,#15892,#15893,#15894,#15895),.UNSPECIFIED.,.F.,.F.,(4,1,1,
1,1,1,1,1,4),(0.,0.0843186169585823,0.179284514213905,0.286582527646562,
0.405111483434279,0.535592873418975,0.678190209993414,0.832975839760488,
1.),.UNSPECIFIED.);
#81=LINE('',#12201,#988);
#82=LINE('',#12205,#989);
#83=LINE('',#12207,#990);
#84=LINE('',#12209,#991);
#85=LINE('',#12211,#992);
#86=LINE('',#12215,#993);
#87=LINE('',#12219,#994);
#88=LINE('',#12221,#995);
#89=LINE('',#12223,#996);
#90=LINE('',#12227,#997);
#91=LINE('',#12231,#998);
#92=LINE('',#12233,#999);
#93=LINE('',#12235,#1000);
#94=LINE('',#12239,#1001);
#95=LINE('',#12243,#1002);
#96=LINE('',#12244,#1003);
#97=LINE('',#12255,#1004);
#98=LINE('',#12258,#1005);
#99=LINE('',#12260,#1006);
#100=LINE('',#12262,#1007);
#101=LINE('',#12264,#1008);
#102=LINE('',#12266,#1009);
#103=LINE('',#12268,#1010);
#104=LINE('',#12270,#1011);
#105=LINE('',#12272,#1012);
#106=LINE('',#12274,#1013);
#107=LINE('',#12276,#1014);
#108=LINE('',#12277,#1015);
#109=LINE('',#12282,#1016);
#110=LINE('',#12285,#1017);
#111=LINE('',#12287,#1018);
#112=LINE('',#12289,#1019);
#113=LINE('',#12291,#1020);
#114=LINE('',#12293,#1021);
#115=LINE('',#12295,#1022);
#116=LINE('',#12297,#1023);
#117=LINE('',#12299,#1024);
#118=LINE('',#12301,#1025);
#119=LINE('',#12303,#1026);
#120=LINE('',#12304,#1027);
#121=LINE('',#12309,#1028);
#122=LINE('',#12312,#1029);
#123=LINE('',#12314,#1030);
#124=LINE('',#12316,#1031);
#125=LINE('',#12318,#1032);
#126=LINE('',#12320,#1033);
#127=LINE('',#12322,#1034);
#128=LINE('',#12324,#1035);
#129=LINE('',#12326,#1036);
#130=LINE('',#12328,#1037);
#131=LINE('',#12330,#1038);
#132=LINE('',#12331,#1039);
#133=LINE('',#12336,#1040);
#134=LINE('',#12339,#1041);
#135=LINE('',#12341,#1042);
#136=LINE('',#12343,#1043);
#137=LINE('',#12345,#1044);
#138=LINE('',#12347,#1045);
#139=LINE('',#12349,#1046);
#140=LINE('',#12351,#1047);
#141=LINE('',#12353,#1048);
#142=LINE('',#12355,#1049);
#143=LINE('',#12357,#1050);
#144=LINE('',#12358,#1051);
#145=LINE('',#12363,#1052);
#146=LINE('',#12366,#1053);
#147=LINE('',#12368,#1054);
#148=LINE('',#12370,#1055);
#149=LINE('',#12372,#1056);
#150=LINE('',#12374,#1057);
#151=LINE('',#12376,#1058);
#152=LINE('',#12378,#1059);
#153=LINE('',#12380,#1060);
#154=LINE('',#12382,#1061);
#155=LINE('',#12384,#1062);
#156=LINE('',#12385,#1063);
#157=LINE('',#12390,#1064);
#158=LINE('',#12393,#1065);
#159=LINE('',#12395,#1066);
#160=LINE('',#12397,#1067);
#161=LINE('',#12399,#1068);
#162=LINE('',#12401,#1069);
#163=LINE('',#12403,#1070);
#164=LINE('',#12405,#1071);
#165=LINE('',#12407,#1072);
#166=LINE('',#12409,#1073);
#167=LINE('',#12411,#1074);
#168=LINE('',#12412,#1075);
#169=LINE('',#12417,#1076);
#170=LINE('',#12420,#1077);
#171=LINE('',#12422,#1078);
#172=LINE('',#12424,#1079);
#173=LINE('',#12426,#1080);
#174=LINE('',#12428,#1081);
#175=LINE('',#12430,#1082);
#176=LINE('',#12432,#1083);
#177=LINE('',#12434,#1084);
#178=LINE('',#12436,#1085);
#179=LINE('',#12438,#1086);
#180=LINE('',#12439,#1087);
#181=LINE('',#12454,#1088);
#182=LINE('',#12457,#1089);
#183=LINE('',#12459,#1090);
#184=LINE('',#12461,#1091);
#185=LINE('',#12465,#1092);
#186=LINE('',#12469,#1093);
#187=LINE('',#12473,#1094);
#188=LINE('',#12477,#1095);
#189=LINE('',#12478,#1096);
#190=LINE('',#12481,#1097);
#191=LINE('',#12483,#1098);
#192=LINE('',#12485,#1099);
#193=LINE('',#12486,#1100);
#194=LINE('',#12489,#1101);
#195=LINE('',#12491,#1102);
#196=LINE('',#12493,#1103);
#197=LINE('',#12494,#1104);
#198=LINE('',#12497,#1105);
#199=LINE('',#12499,#1106);
#200=LINE('',#12501,#1107);
#201=LINE('',#12502,#1108);
#202=LINE('',#12505,#1109);
#203=LINE('',#12507,#1110);
#204=LINE('',#12509,#1111);
#205=LINE('',#12510,#1112);
#206=LINE('',#12513,#1113);
#207=LINE('',#12515,#1114);
#208=LINE('',#12517,#1115);
#209=LINE('',#12519,#1116);
#210=LINE('',#12522,#1117);
#211=LINE('',#12524,#1118);
#212=LINE('',#12526,#1119);
#213=LINE('',#12527,#1120);
#214=LINE('',#12530,#1121);
#215=LINE('',#12532,#1122);
#216=LINE('',#12534,#1123);
#217=LINE('',#12535,#1124);
#218=LINE('',#12538,#1125);
#219=LINE('',#12540,#1126);
#220=LINE('',#12542,#1127);
#221=LINE('',#12544,#1128);
#222=LINE('',#12547,#1129);
#223=LINE('',#12549,#1130);
#224=LINE('',#12551,#1131);
#225=LINE('',#12552,#1132);
#226=LINE('',#12555,#1133);
#227=LINE('',#12557,#1134);
#228=LINE('',#12559,#1135);
#229=LINE('',#12560,#1136);
#230=LINE('',#12563,#1137);
#231=LINE('',#12565,#1138);
#232=LINE('',#12567,#1139);
#233=LINE('',#12568,#1140);
#234=LINE('',#12571,#1141);
#235=LINE('',#12573,#1142);
#236=LINE('',#12575,#1143);
#237=LINE('',#12580,#1144);
#238=LINE('',#12581,#1145);
#239=LINE('',#12583,#1146);
#240=LINE('',#12585,#1147);
#241=LINE('',#12589,#1148);
#242=LINE('',#12591,#1149);
#243=LINE('',#12593,#1150);
#244=LINE('',#12597,#1151);
#245=LINE('',#12599,#1152);
#246=LINE('',#12601,#1153);
#247=LINE('',#12605,#1154);
#248=LINE('',#12607,#1155);
#249=LINE('',#12610,#1156);
#250=LINE('',#12613,#1157);
#251=LINE('',#12615,#1158);
#252=LINE('',#12617,#1159);
#253=LINE('',#12618,#1160);
#254=LINE('',#12621,#1161);
#255=LINE('',#12623,#1162);
#256=LINE('',#12625,#1163);
#257=LINE('',#12627,#1164);
#258=LINE('',#12628,#1165);
#259=LINE('',#12630,#1166);
#260=LINE('',#12632,#1167);
#261=LINE('',#12635,#1168);
#262=LINE('',#12636,#1169);
#263=LINE('',#12638,#1170);
#264=LINE('',#12640,#1171);
#265=LINE('',#12643,#1172);
#266=LINE('',#12646,#1173);
#267=LINE('',#12648,#1174);
#268=LINE('',#12650,#1175);
#269=LINE('',#12651,#1176);
#270=LINE('',#12654,#1177);
#271=LINE('',#12656,#1178);
#272=LINE('',#12658,#1179);
#273=LINE('',#12660,#1180);
#274=LINE('',#12661,#1181);
#275=LINE('',#12663,#1182);
#276=LINE('',#12665,#1183);
#277=LINE('',#12668,#1184);
#278=LINE('',#12669,#1185);
#279=LINE('',#12671,#1186);
#280=LINE('',#12673,#1187);
#281=LINE('',#12676,#1188);
#282=LINE('',#12678,#1189);
#283=LINE('',#12680,#1190);
#284=LINE('',#12682,#1191);
#285=LINE('',#12684,#1192);
#286=LINE('',#12686,#1193);
#287=LINE('',#12688,#1194);
#288=LINE('',#12690,#1195);
#289=LINE('',#12693,#1196);
#290=LINE('',#12695,#1197);
#291=LINE('',#12697,#1198);
#292=LINE('',#12699,#1199);
#293=LINE('',#12701,#1200);
#294=LINE('',#12703,#1201);
#295=LINE('',#12705,#1202);
#296=LINE('',#12707,#1203);
#297=LINE('',#12710,#1204);
#298=LINE('',#12712,#1205);
#299=LINE('',#12714,#1206);
#300=LINE('',#12716,#1207);
#301=LINE('',#12718,#1208);
#302=LINE('',#12720,#1209);
#303=LINE('',#12722,#1210);
#304=LINE('',#12724,#1211);
#305=LINE('',#12727,#1212);
#306=LINE('',#12729,#1213);
#307=LINE('',#12731,#1214);
#308=LINE('',#12733,#1215);
#309=LINE('',#12735,#1216);
#310=LINE('',#12737,#1217);
#311=LINE('',#12739,#1218);
#312=LINE('',#12741,#1219);
#313=LINE('',#12744,#1220);
#314=LINE('',#12746,#1221);
#315=LINE('',#12748,#1222);
#316=LINE('',#12750,#1223);
#317=LINE('',#12752,#1224);
#318=LINE('',#12754,#1225);
#319=LINE('',#12756,#1226);
#320=LINE('',#12758,#1227);
#321=LINE('',#12789,#1228);
#322=LINE('',#12791,#1229);
#323=LINE('',#12793,#1230);
#324=LINE('',#12795,#1231);
#325=LINE('',#12797,#1232);
#326=LINE('',#12799,#1233);
#327=LINE('',#12801,#1234);
#328=LINE('',#12803,#1235);
#329=LINE('',#12805,#1236);
#330=LINE('',#12807,#1237);
#331=LINE('',#12809,#1238);
#332=LINE('',#12811,#1239);
#333=LINE('',#12813,#1240);
#334=LINE('',#12815,#1241);
#335=LINE('',#12817,#1242);
#336=LINE('',#12819,#1243);
#337=LINE('',#12821,#1244);
#338=LINE('',#12823,#1245);
#339=LINE('',#12825,#1246);
#340=LINE('',#12827,#1247);
#341=LINE('',#12829,#1248);
#342=LINE('',#12831,#1249);
#343=LINE('',#12833,#1250);
#344=LINE('',#12835,#1251);
#345=LINE('',#12837,#1252);
#346=LINE('',#12839,#1253);
#347=LINE('',#12841,#1254);
#348=LINE('',#12843,#1255);
#349=LINE('',#12845,#1256);
#350=LINE('',#12847,#1257);
#351=LINE('',#12849,#1258);
#352=LINE('',#12851,#1259);
#353=LINE('',#12867,#1260);
#354=LINE('',#12872,#1261);
#355=LINE('',#12876,#1262);
#356=LINE('',#12880,#1263);
#357=LINE('',#12886,#1264);
#358=LINE('',#12890,#1265);
#359=LINE('',#12894,#1266);
#360=LINE('',#12898,#1267);
#361=LINE('',#12902,#1268);
#362=LINE('',#12906,#1269);
#363=LINE('',#12910,#1270);
#364=LINE('',#12914,#1271);
#365=LINE('',#12918,#1272);
#366=LINE('',#12922,#1273);
#367=LINE('',#12925,#1274);
#368=LINE('',#12929,#1275);
#369=LINE('',#12931,#1276);
#370=LINE('',#12934,#1277);
#371=LINE('',#12936,#1278);
#372=LINE('',#12938,#1279);
#373=LINE('',#12940,#1280);
#374=LINE('',#12942,#1281);
#375=LINE('',#12944,#1282);
#376=LINE('',#12946,#1283);
#377=LINE('',#12948,#1284);
#378=LINE('',#12950,#1285);
#379=LINE('',#12952,#1286);
#380=LINE('',#12954,#1287);
#381=LINE('',#12956,#1288);
#382=LINE('',#12958,#1289);
#383=LINE('',#12960,#1290);
#384=LINE('',#12962,#1291);
#385=LINE('',#12964,#1292);
#386=LINE('',#12966,#1293);
#387=LINE('',#12968,#1294);
#388=LINE('',#12970,#1295);
#389=LINE('',#12972,#1296);
#390=LINE('',#12974,#1297);
#391=LINE('',#12976,#1298);
#392=LINE('',#12978,#1299);
#393=LINE('',#12980,#1300);
#394=LINE('',#12982,#1301);
#395=LINE('',#12984,#1302);
#396=LINE('',#12986,#1303);
#397=LINE('',#12988,#1304);
#398=LINE('',#12990,#1305);
#399=LINE('',#12992,#1306);
#400=LINE('',#12994,#1307);
#401=LINE('',#12996,#1308);
#402=LINE('',#12998,#1309);
#403=LINE('',#13000,#1310);
#404=LINE('',#13002,#1311);
#405=LINE('',#13004,#1312);
#406=LINE('',#13006,#1313);
#407=LINE('',#13008,#1314);
#408=LINE('',#13010,#1315);
#409=LINE('',#13012,#1316);
#410=LINE('',#13014,#1317);
#411=LINE('',#13016,#1318);
#412=LINE('',#13018,#1319);
#413=LINE('',#13020,#1320);
#414=LINE('',#13022,#1321);
#415=LINE('',#13024,#1322);
#416=LINE('',#13026,#1323);
#417=LINE('',#13028,#1324);
#418=LINE('',#13030,#1325);
#419=LINE('',#13032,#1326);
#420=LINE('',#13034,#1327);
#421=LINE('',#13036,#1328);
#422=LINE('',#13038,#1329);
#423=LINE('',#13040,#1330);
#424=LINE('',#13042,#1331);
#425=LINE('',#13044,#1332);
#426=LINE('',#13046,#1333);
#427=LINE('',#13048,#1334);
#428=LINE('',#13050,#1335);
#429=LINE('',#13052,#1336);
#430=LINE('',#13054,#1337);
#431=LINE('',#13056,#1338);
#432=LINE('',#13058,#1339);
#433=LINE('',#13060,#1340);
#434=LINE('',#13062,#1341);
#435=LINE('',#13064,#1342);
#436=LINE('',#13066,#1343);
#437=LINE('',#13068,#1344);
#438=LINE('',#13070,#1345);
#439=LINE('',#13072,#1346);
#440=LINE('',#13074,#1347);
#441=LINE('',#13076,#1348);
#442=LINE('',#13078,#1349);
#443=LINE('',#13080,#1350);
#444=LINE('',#13082,#1351);
#445=LINE('',#13084,#1352);
#446=LINE('',#13086,#1353);
#447=LINE('',#13088,#1354);
#448=LINE('',#13090,#1355);
#449=LINE('',#13092,#1356);
#450=LINE('',#13094,#1357);
#451=LINE('',#13096,#1358);
#452=LINE('',#13098,#1359);
#453=LINE('',#13100,#1360);
#454=LINE('',#13102,#1361);
#455=LINE('',#13104,#1362);
#456=LINE('',#13106,#1363);
#457=LINE('',#13108,#1364);
#458=LINE('',#13110,#1365);
#459=LINE('',#13112,#1366);
#460=LINE('',#13114,#1367);
#461=LINE('',#13116,#1368);
#462=LINE('',#13118,#1369);
#463=LINE('',#13120,#1370);
#464=LINE('',#13122,#1371);
#465=LINE('',#13124,#1372);
#466=LINE('',#13126,#1373);
#467=LINE('',#13128,#1374);
#468=LINE('',#13130,#1375);
#469=LINE('',#13131,#1376);
#470=LINE('',#13136,#1377);
#471=LINE('',#13140,#1378);
#472=LINE('',#13144,#1379);
#473=LINE('',#13151,#1380);
#474=LINE('',#13155,#1381);
#475=LINE('',#13157,#1382);
#476=LINE('',#13159,#1383);
#477=LINE('',#13161,#1384);
#478=LINE('',#13163,#1385);
#479=LINE('',#13165,#1386);
#480=LINE('',#13167,#1387);
#481=LINE('',#13171,#1388);
#482=LINE('',#13175,#1389);
#483=LINE('',#13177,#1390);
#484=LINE('',#13179,#1391);
#485=LINE('',#13183,#1392);
#486=LINE('',#13187,#1393);
#487=LINE('',#13189,#1394);
#488=LINE('',#13191,#1395);
#489=LINE('',#13195,#1396);
#490=LINE('',#13199,#1397);
#491=LINE('',#13201,#1398);
#492=LINE('',#13203,#1399);
#493=LINE('',#13205,#1400);
#494=LINE('',#13208,#1401);
#495=LINE('',#13209,#1402);
#496=LINE('',#13211,#1403);
#497=LINE('',#13213,#1404);
#498=LINE('',#13215,#1405);
#499=LINE('',#13217,#1406);
#500=LINE('',#13219,#1407);
#501=LINE('',#13221,#1408);
#502=LINE('',#13223,#1409);
#503=LINE('',#13225,#1410);
#504=LINE('',#13227,#1411);
#505=LINE('',#13229,#1412);
#506=LINE('',#13239,#1413);
#507=LINE('',#13241,#1414);
#508=LINE('',#13243,#1415);
#509=LINE('',#13245,#1416);
#510=LINE('',#13247,#1417);
#511=LINE('',#13249,#1418);
#512=LINE('',#13251,#1419);
#513=LINE('',#13253,#1420);
#514=LINE('',#13255,#1421);
#515=LINE('',#13257,#1422);
#516=LINE('',#13259,#1423);
#517=LINE('',#13261,#1424);
#518=LINE('',#13263,#1425);
#519=LINE('',#13265,#1426);
#520=LINE('',#13267,#1427);
#521=LINE('',#13269,#1428);
#522=LINE('',#13271,#1429);
#523=LINE('',#13273,#1430);
#524=LINE('',#13275,#1431);
#525=LINE('',#13277,#1432);
#526=LINE('',#13279,#1433);
#527=LINE('',#13281,#1434);
#528=LINE('',#13283,#1435);
#529=LINE('',#13285,#1436);
#530=LINE('',#13287,#1437);
#531=LINE('',#13289,#1438);
#532=LINE('',#13291,#1439);
#533=LINE('',#13293,#1440);
#534=LINE('',#13295,#1441);
#535=LINE('',#13297,#1442);
#536=LINE('',#13299,#1443);
#537=LINE('',#13301,#1444);
#538=LINE('',#13303,#1445);
#539=LINE('',#13305,#1446);
#540=LINE('',#13307,#1447);
#541=LINE('',#13309,#1448);
#542=LINE('',#13311,#1449);
#543=LINE('',#13313,#1450);
#544=LINE('',#13315,#1451);
#545=LINE('',#13317,#1452);
#546=LINE('',#13319,#1453);
#547=LINE('',#13321,#1454);
#548=LINE('',#13323,#1455);
#549=LINE('',#13325,#1456);
#550=LINE('',#13327,#1457);
#551=LINE('',#13329,#1458);
#552=LINE('',#13331,#1459);
#553=LINE('',#13333,#1460);
#554=LINE('',#13335,#1461);
#555=LINE('',#13337,#1462);
#556=LINE('',#13339,#1463);
#557=LINE('',#13341,#1464);
#558=LINE('',#13343,#1465);
#559=LINE('',#13345,#1466);
#560=LINE('',#13347,#1467);
#561=LINE('',#13349,#1468);
#562=LINE('',#13351,#1469);
#563=LINE('',#13353,#1470);
#564=LINE('',#13355,#1471);
#565=LINE('',#13357,#1472);
#566=LINE('',#13359,#1473);
#567=LINE('',#13361,#1474);
#568=LINE('',#13363,#1475);
#569=LINE('',#13365,#1476);
#570=LINE('',#13367,#1477);
#571=LINE('',#13369,#1478);
#572=LINE('',#13371,#1479);
#573=LINE('',#13373,#1480);
#574=LINE('',#13375,#1481);
#575=LINE('',#13377,#1482);
#576=LINE('',#13379,#1483);
#577=LINE('',#13381,#1484);
#578=LINE('',#13383,#1485);
#579=LINE('',#13385,#1486);
#580=LINE('',#13387,#1487);
#581=LINE('',#13389,#1488);
#582=LINE('',#13391,#1489);
#583=LINE('',#13393,#1490);
#584=LINE('',#13395,#1491);
#585=LINE('',#13397,#1492);
#586=LINE('',#13399,#1493);
#587=LINE('',#13401,#1494);
#588=LINE('',#13403,#1495);
#589=LINE('',#13405,#1496);
#590=LINE('',#13407,#1497);
#591=LINE('',#13409,#1498);
#592=LINE('',#13411,#1499);
#593=LINE('',#13413,#1500);
#594=LINE('',#13415,#1501);
#595=LINE('',#13417,#1502);
#596=LINE('',#13419,#1503);
#597=LINE('',#13421,#1504);
#598=LINE('',#13423,#1505);
#599=LINE('',#13425,#1506);
#600=LINE('',#13427,#1507);
#601=LINE('',#13429,#1508);
#602=LINE('',#13431,#1509);
#603=LINE('',#13433,#1510);
#604=LINE('',#13435,#1511);
#605=LINE('',#13437,#1512);
#606=LINE('',#13439,#1513);
#607=LINE('',#13441,#1514);
#608=LINE('',#13443,#1515);
#609=LINE('',#13445,#1516);
#610=LINE('',#13447,#1517);
#611=LINE('',#13449,#1518);
#612=LINE('',#13451,#1519);
#613=LINE('',#13453,#1520);
#614=LINE('',#13455,#1521);
#615=LINE('',#13457,#1522);
#616=LINE('',#13459,#1523);
#617=LINE('',#13461,#1524);
#618=LINE('',#13463,#1525);
#619=LINE('',#13465,#1526);
#620=LINE('',#13467,#1527);
#621=LINE('',#13469,#1528);
#622=LINE('',#13471,#1529);
#623=LINE('',#13473,#1530);
#624=LINE('',#13475,#1531);
#625=LINE('',#13477,#1532);
#626=LINE('',#13479,#1533);
#627=LINE('',#13481,#1534);
#628=LINE('',#13483,#1535);
#629=LINE('',#13485,#1536);
#630=LINE('',#13487,#1537);
#631=LINE('',#13489,#1538);
#632=LINE('',#13491,#1539);
#633=LINE('',#13493,#1540);
#634=LINE('',#13495,#1541);
#635=LINE('',#13497,#1542);
#636=LINE('',#13499,#1543);
#637=LINE('',#13501,#1544);
#638=LINE('',#13503,#1545);
#639=LINE('',#13505,#1546);
#640=LINE('',#13507,#1547);
#641=LINE('',#13509,#1548);
#642=LINE('',#13511,#1549);
#643=LINE('',#13513,#1550);
#644=LINE('',#13515,#1551);
#645=LINE('',#13517,#1552);
#646=LINE('',#13519,#1553);
#647=LINE('',#13521,#1554);
#648=LINE('',#13523,#1555);
#649=LINE('',#13525,#1556);
#650=LINE('',#13527,#1557);
#651=LINE('',#13529,#1558);
#652=LINE('',#13531,#1559);
#653=LINE('',#13533,#1560);
#654=LINE('',#13535,#1561);
#655=LINE('',#13537,#1562);
#656=LINE('',#13539,#1563);
#657=LINE('',#13541,#1564);
#658=LINE('',#13543,#1565);
#659=LINE('',#13545,#1566);
#660=LINE('',#13547,#1567);
#661=LINE('',#13549,#1568);
#662=LINE('',#13551,#1569);
#663=LINE('',#13553,#1570);
#664=LINE('',#13555,#1571);
#665=LINE('',#13557,#1572);
#666=LINE('',#13559,#1573);
#667=LINE('',#13561,#1574);
#668=LINE('',#13563,#1575);
#669=LINE('',#13565,#1576);
#670=LINE('',#13567,#1577);
#671=LINE('',#13569,#1578);
#672=LINE('',#13571,#1579);
#673=LINE('',#13573,#1580);
#674=LINE('',#13575,#1581);
#675=LINE('',#13577,#1582);
#676=LINE('',#13579,#1583);
#677=LINE('',#13581,#1584);
#678=LINE('',#13583,#1585);
#679=LINE('',#13585,#1586);
#680=LINE('',#13587,#1587);
#681=LINE('',#13589,#1588);
#682=LINE('',#13591,#1589);
#683=LINE('',#13593,#1590);
#684=LINE('',#13595,#1591);
#685=LINE('',#13597,#1592);
#686=LINE('',#13599,#1593);
#687=LINE('',#13601,#1594);
#688=LINE('',#13603,#1595);
#689=LINE('',#13605,#1596);
#690=LINE('',#13607,#1597);
#691=LINE('',#13609,#1598);
#692=LINE('',#13611,#1599);
#693=LINE('',#13614,#1600);
#694=LINE('',#13616,#1601);
#695=LINE('',#13618,#1602);
#696=LINE('',#13622,#1603);
#697=LINE('',#13626,#1604);
#698=LINE('',#13628,#1605);
#699=LINE('',#13630,#1606);
#700=LINE('',#13632,#1607);
#701=LINE('',#13634,#1608);
#702=LINE('',#13636,#1609);
#703=LINE('',#13640,#1610);
#704=LINE('',#13644,#1611);
#705=LINE('',#13646,#1612);
#706=LINE('',#13648,#1613);
#707=LINE('',#13652,#1614);
#708=LINE('',#13656,#1615);
#709=LINE('',#13658,#1616);
#710=LINE('',#13660,#1617);
#711=LINE('',#13664,#1618);
#712=LINE('',#13668,#1619);
#713=LINE('',#13671,#1620);
#714=LINE('',#13673,#1621);
#715=LINE('',#13675,#1622);
#716=LINE('',#13679,#1623);
#717=LINE('',#13683,#1624);
#718=LINE('',#13685,#1625);
#719=LINE('',#13687,#1626);
#720=LINE('',#13689,#1627);
#721=LINE('',#13691,#1628);
#722=LINE('',#13693,#1629);
#723=LINE('',#13697,#1630);
#724=LINE('',#13701,#1631);
#725=LINE('',#13703,#1632);
#726=LINE('',#13705,#1633);
#727=LINE('',#13709,#1634);
#728=LINE('',#13713,#1635);
#729=LINE('',#13715,#1636);
#730=LINE('',#13717,#1637);
#731=LINE('',#13721,#1638);
#732=LINE('',#13725,#1639);
#733=LINE('',#13728,#1640);
#734=LINE('',#13730,#1641);
#735=LINE('',#13732,#1642);
#736=LINE('',#13736,#1643);
#737=LINE('',#13740,#1644);
#738=LINE('',#13742,#1645);
#739=LINE('',#13744,#1646);
#740=LINE('',#13746,#1647);
#741=LINE('',#13748,#1648);
#742=LINE('',#13750,#1649);
#743=LINE('',#13754,#1650);
#744=LINE('',#13758,#1651);
#745=LINE('',#13760,#1652);
#746=LINE('',#13762,#1653);
#747=LINE('',#13766,#1654);
#748=LINE('',#13770,#1655);
#749=LINE('',#13772,#1656);
#750=LINE('',#13774,#1657);
#751=LINE('',#13778,#1658);
#752=LINE('',#13782,#1659);
#753=LINE('',#13783,#1660);
#754=LINE('',#13785,#1661);
#755=LINE('',#13787,#1662);
#756=LINE('',#13788,#1663);
#757=LINE('',#13790,#1664);
#758=LINE('',#13791,#1665);
#759=LINE('',#13793,#1666);
#760=LINE('',#13794,#1667);
#761=LINE('',#13802,#1668);
#762=LINE('',#13803,#1669);
#763=LINE('',#13805,#1670);
#764=LINE('',#13807,#1671);
#765=LINE('',#13809,#1672);
#766=LINE('',#13811,#1673);
#767=LINE('',#13813,#1674);
#768=LINE('',#13815,#1675);
#769=LINE('',#13823,#1676);
#770=LINE('',#13827,#1677);
#771=LINE('',#13829,#1678);
#772=LINE('',#13831,#1679);
#773=LINE('',#13833,#1680);
#774=LINE('',#13837,#1681);
#775=LINE('',#13839,#1682);
#776=LINE('',#13841,#1683);
#777=LINE('',#13845,#1684);
#778=LINE('',#13847,#1685);
#779=LINE('',#13849,#1686);
#780=LINE('',#13853,#1687);
#781=LINE('',#13855,#1688);
#782=LINE('',#13857,#1689);
#783=LINE('',#13861,#1690);
#784=LINE('',#13863,#1691);
#785=LINE('',#13865,#1692);
#786=LINE('',#13869,#1693);
#787=LINE('',#13871,#1694);
#788=LINE('',#13873,#1695);
#789=LINE('',#13877,#1696);
#790=LINE('',#13879,#1697);
#791=LINE('',#13881,#1698);
#792=LINE('',#13885,#1699);
#793=LINE('',#13905,#1700);
#794=LINE('',#13908,#1701);
#795=LINE('',#13910,#1702);
#796=LINE('',#13971,#1703);
#797=LINE('',#13974,#1704);
#798=LINE('',#13976,#1705);
#799=LINE('',#13978,#1706);
#800=LINE('',#13980,#1707);
#801=LINE('',#13982,#1708);
#802=LINE('',#13984,#1709);
#803=LINE('',#13986,#1710);
#804=LINE('',#13987,#1711);
#805=LINE('',#13990,#1712);
#806=LINE('',#13992,#1713);
#807=LINE('',#13994,#1714);
#808=LINE('',#13996,#1715);
#809=LINE('',#13998,#1716);
#810=LINE('',#14000,#1717);
#811=LINE('',#14002,#1718);
#812=LINE('',#14004,#1719);
#813=LINE('',#14006,#1720);
#814=LINE('',#14028,#1721);
#815=LINE('',#14118,#1722);
#816=LINE('',#14120,#1723);
#817=LINE('',#14122,#1724);
#818=LINE('',#14203,#1725);
#819=LINE('',#14206,#1726);
#820=LINE('',#14208,#1727);
#821=LINE('',#14210,#1728);
#822=LINE('',#14212,#1729);
#823=LINE('',#14214,#1730);
#824=LINE('',#14216,#1731);
#825=LINE('',#14218,#1732);
#826=LINE('',#14220,#1733);
#827=LINE('',#14222,#1734);
#828=LINE('',#14224,#1735);
#829=LINE('',#14226,#1736);
#830=LINE('',#14227,#1737);
#831=LINE('',#14230,#1738);
#832=LINE('',#14284,#1739);
#833=LINE('',#14286,#1740);
#834=LINE('',#14288,#1741);
#835=LINE('',#14290,#1742);
#836=LINE('',#14292,#1743);
#837=LINE('',#14294,#1744);
#838=LINE('',#14298,#1745);
#839=LINE('',#14301,#1746);
#840=LINE('',#14303,#1747);
#841=LINE('',#14305,#1748);
#842=LINE('',#14307,#1749);
#843=LINE('',#14309,#1750);
#844=LINE('',#14311,#1751);
#845=LINE('',#14313,#1752);
#846=LINE('',#14315,#1753);
#847=LINE('',#14317,#1754);
#848=LINE('',#14319,#1755);
#849=LINE('',#14320,#1756);
#850=LINE('',#14364,#1757);
#851=LINE('',#14367,#1758);
#852=LINE('',#14369,#1759);
#853=LINE('',#14371,#1760);
#854=LINE('',#14373,#1761);
#855=LINE('',#14375,#1762);
#856=LINE('',#14377,#1763);
#857=LINE('',#14431,#1764);
#858=LINE('',#14432,#1765);
#859=LINE('',#14435,#1766);
#860=LINE('',#14477,#1767);
#861=LINE('',#14479,#1768);
#862=LINE('',#14480,#1769);
#863=LINE('',#14482,#1770);
#864=LINE('',#14484,#1771);
#865=LINE('',#14486,#1772);
#866=LINE('',#14488,#1773);
#867=LINE('',#14490,#1774);
#868=LINE('',#14492,#1775);
#869=LINE('',#14531,#1776);
#870=LINE('',#14570,#1777);
#871=LINE('',#14593,#1778);
#872=LINE('',#14596,#1779);
#873=LINE('',#14599,#1780);
#874=LINE('',#14600,#1781);
#875=LINE('',#14602,#1782);
#876=LINE('',#14604,#1783);
#877=LINE('',#14606,#1784);
#878=LINE('',#14608,#1785);
#879=LINE('',#14667,#1786);
#880=LINE('',#14727,#1787);
#881=LINE('',#14729,#1788);
#882=LINE('',#14731,#1789);
#883=LINE('',#14733,#1790);
#884=LINE('',#14735,#1791);
#885=LINE('',#14737,#1792);
#886=LINE('',#14739,#1793);
#887=LINE('',#14741,#1794);
#888=LINE('',#14743,#1795);
#889=LINE('',#14745,#1796);
#890=LINE('',#14747,#1797);
#891=LINE('',#14749,#1798);
#892=LINE('',#14751,#1799);
#893=LINE('',#14753,#1800);
#894=LINE('',#14755,#1801);
#895=LINE('',#14757,#1802);
#896=LINE('',#14759,#1803);
#897=LINE('',#14761,#1804);
#898=LINE('',#14763,#1805);
#899=LINE('',#14765,#1806);
#900=LINE('',#14767,#1807);
#901=LINE('',#14769,#1808);
#902=LINE('',#14771,#1809);
#903=LINE('',#14773,#1810);
#904=LINE('',#14813,#1811);
#905=LINE('',#14835,#1812);
#906=LINE('',#14890,#1813);
#907=LINE('',#14941,#1814);
#908=LINE('',#14992,#1815);
#909=LINE('',#15051,#1816);
#910=LINE('',#15073,#1817);
#911=LINE('',#15075,#1818);
#912=LINE('',#15077,#1819);
#913=LINE('',#15079,#1820);
#914=LINE('',#15081,#1821);
#915=LINE('',#15083,#1822);
#916=LINE('',#15122,#1823);
#917=LINE('',#15197,#1824);
#918=LINE('',#15280,#1825);
#919=LINE('',#15331,#1826);
#920=LINE('',#15345,#1827);
#921=LINE('',#15348,#1828);
#922=LINE('',#15350,#1829);
#923=LINE('',#15352,#1830);
#924=LINE('',#15354,#1831);
#925=LINE('',#15356,#1832);
#926=LINE('',#15358,#1833);
#927=LINE('',#15360,#1834);
#928=LINE('',#15362,#1835);
#929=LINE('',#15364,#1836);
#930=LINE('',#15366,#1837);
#931=LINE('',#15368,#1838);
#932=LINE('',#15370,#1839);
#933=LINE('',#15372,#1840);
#934=LINE('',#15374,#1841);
#935=LINE('',#15376,#1842);
#936=LINE('',#15378,#1843);
#937=LINE('',#15380,#1844);
#938=LINE('',#15382,#1845);
#939=LINE('',#15384,#1846);
#940=LINE('',#15386,#1847);
#941=LINE('',#15389,#1848);
#942=LINE('',#15392,#1849);
#943=LINE('',#15394,#1850);
#944=LINE('',#15396,#1851);
#945=LINE('',#15398,#1852);
#946=LINE('',#15400,#1853);
#947=LINE('',#15402,#1854);
#948=LINE('',#15404,#1855);
#949=LINE('',#15405,#1856);
#950=LINE('',#15408,#1857);
#951=LINE('',#15410,#1858);
#952=LINE('',#15412,#1859);
#953=LINE('',#15413,#1860);
#954=LINE('',#15415,#1861);
#955=LINE('',#15417,#1862);
#956=LINE('',#15419,#1863);
#957=LINE('',#15421,#1864);
#958=LINE('',#15423,#1865);
#959=LINE('',#15425,#1866);
#960=LINE('',#15428,#1867);
#961=LINE('',#15431,#1868);
#962=LINE('',#15432,#1869);
#963=LINE('',#15434,#1870);
#964=LINE('',#15436,#1871);
#965=LINE('',#15438,#1872);
#966=LINE('',#15441,#1873);
#967=LINE('',#15504,#1874);
#968=LINE('',#15506,#1875);
#969=LINE('',#15507,#1876);
#970=LINE('',#15510,#1877);
#971=LINE('',#15512,#1878);
#972=LINE('',#15578,#1879);
#973=LINE('',#15579,#1880);
#974=LINE('',#15634,#1881);
#975=LINE('',#15673,#1882);
#976=LINE('',#15696,#1883);
#977=LINE('',#15698,#1884);
#978=LINE('',#15701,#1885);
#979=LINE('',#15704,#1886);
#980=LINE('',#15705,#1887);
#981=LINE('',#15707,#1888);
#982=LINE('',#15709,#1889);
#983=LINE('',#15744,#1890);
#984=LINE('',#15803,#1891);
#985=LINE('',#15862,#1892);
#986=LINE('',#15897,#1893);
#987=LINE('',#15899,#1894);
#988=VECTOR('',#10208,1.);
#989=VECTOR('',#10211,1.);
#990=VECTOR('',#10214,1.);
#991=VECTOR('',#10215,1.);
#992=VECTOR('',#10216,1.);
#993=VECTOR('',#10221,1.);
#994=VECTOR('',#10226,1.);
#995=VECTOR('',#10227,1.);
#996=VECTOR('',#10228,1.);
#997=VECTOR('',#10233,1.);
#998=VECTOR('',#10238,1.);
#999=VECTOR('',#10239,1.);
#1000=VECTOR('',#10240,1.);
#1001=VECTOR('',#10245,1.);
#1002=VECTOR('',#10250,1.);
#1003=VECTOR('',#10251,1.);
#1004=VECTOR('',#10268,1.);
#1005=VECTOR('',#10269,1.);
#1006=VECTOR('',#10270,1.);
#1007=VECTOR('',#10271,1.);
#1008=VECTOR('',#10274,1.);
#1009=VECTOR('',#10275,1.);
#1010=VECTOR('',#10276,1.);
#1011=VECTOR('',#10279,1.);
#1012=VECTOR('',#10280,1.);
#1013=VECTOR('',#10281,1.);
#1014=VECTOR('',#10284,1.);
#1015=VECTOR('',#10285,1.);
#1016=VECTOR('',#10294,1.);
#1017=VECTOR('',#10295,1.);
#1018=VECTOR('',#10296,1.);
#1019=VECTOR('',#10297,1.);
#1020=VECTOR('',#10300,1.);
#1021=VECTOR('',#10301,1.);
#1022=VECTOR('',#10302,1.);
#1023=VECTOR('',#10305,1.);
#1024=VECTOR('',#10306,1.);
#1025=VECTOR('',#10307,1.);
#1026=VECTOR('',#10310,1.);
#1027=VECTOR('',#10311,1.);
#1028=VECTOR('',#10320,1.);
#1029=VECTOR('',#10321,1.);
#1030=VECTOR('',#10322,1.);
#1031=VECTOR('',#10323,1.);
#1032=VECTOR('',#10326,1.);
#1033=VECTOR('',#10327,1.);
#1034=VECTOR('',#10328,1.);
#1035=VECTOR('',#10331,1.);
#1036=VECTOR('',#10332,1.);
#1037=VECTOR('',#10333,1.);
#1038=VECTOR('',#10336,1.);
#1039=VECTOR('',#10337,1.);
#1040=VECTOR('',#10346,1.);
#1041=VECTOR('',#10347,1.);
#1042=VECTOR('',#10348,1.);
#1043=VECTOR('',#10349,1.);
#1044=VECTOR('',#10352,1.);
#1045=VECTOR('',#10353,1.);
#1046=VECTOR('',#10354,1.);
#1047=VECTOR('',#10357,1.);
#1048=VECTOR('',#10358,1.);
#1049=VECTOR('',#10359,1.);
#1050=VECTOR('',#10362,1.);
#1051=VECTOR('',#10363,1.);
#1052=VECTOR('',#10372,1.);
#1053=VECTOR('',#10373,1.);
#1054=VECTOR('',#10374,1.);
#1055=VECTOR('',#10375,1.);
#1056=VECTOR('',#10378,1.);
#1057=VECTOR('',#10379,1.);
#1058=VECTOR('',#10380,1.);
#1059=VECTOR('',#10383,1.);
#1060=VECTOR('',#10384,1.);
#1061=VECTOR('',#10385,1.);
#1062=VECTOR('',#10388,1.);
#1063=VECTOR('',#10389,1.);
#1064=VECTOR('',#10398,1.);
#1065=VECTOR('',#10399,1.);
#1066=VECTOR('',#10400,1.);
#1067=VECTOR('',#10401,1.);
#1068=VECTOR('',#10404,1.);
#1069=VECTOR('',#10405,1.);
#1070=VECTOR('',#10406,1.);
#1071=VECTOR('',#10409,1.);
#1072=VECTOR('',#10410,1.);
#1073=VECTOR('',#10411,1.);
#1074=VECTOR('',#10414,1.);
#1075=VECTOR('',#10415,1.);
#1076=VECTOR('',#10424,1.);
#1077=VECTOR('',#10425,1.);
#1078=VECTOR('',#10426,1.);
#1079=VECTOR('',#10427,1.);
#1080=VECTOR('',#10430,1.);
#1081=VECTOR('',#10431,1.);
#1082=VECTOR('',#10432,1.);
#1083=VECTOR('',#10435,1.);
#1084=VECTOR('',#10436,1.);
#1085=VECTOR('',#10437,1.);
#1086=VECTOR('',#10440,1.);
#1087=VECTOR('',#10441,1.);
#1088=VECTOR('',#10460,1.);
#1089=VECTOR('',#10461,1.);
#1090=VECTOR('',#10462,1.);
#1091=VECTOR('',#10463,1.);
#1092=VECTOR('',#10466,1.);
#1093=VECTOR('',#10469,1.);
#1094=VECTOR('',#10472,1.);
#1095=VECTOR('',#10475,1.);
#1096=VECTOR('',#10476,1.);
#1097=VECTOR('',#10477,1.);
#1098=VECTOR('',#10478,1.);
#1099=VECTOR('',#10479,1.);
#1100=VECTOR('',#10480,1.);
#1101=VECTOR('',#10481,1.);
#1102=VECTOR('',#10482,1.);
#1103=VECTOR('',#10483,1.);
#1104=VECTOR('',#10484,1.);
#1105=VECTOR('',#10485,1.);
#1106=VECTOR('',#10486,1.);
#1107=VECTOR('',#10487,1.);
#1108=VECTOR('',#10488,1.);
#1109=VECTOR('',#10489,1.);
#1110=VECTOR('',#10490,1.);
#1111=VECTOR('',#10491,1.);
#1112=VECTOR('',#10492,1.);
#1113=VECTOR('',#10493,1.);
#1114=VECTOR('',#10494,1.);
#1115=VECTOR('',#10495,1.);
#1116=VECTOR('',#10498,1.);
#1117=VECTOR('',#10499,1.);
#1118=VECTOR('',#10500,1.);
#1119=VECTOR('',#10501,1.);
#1120=VECTOR('',#10502,1.);
#1121=VECTOR('',#10503,1.);
#1122=VECTOR('',#10504,1.);
#1123=VECTOR('',#10505,1.);
#1124=VECTOR('',#10506,1.);
#1125=VECTOR('',#10507,1.);
#1126=VECTOR('',#10508,1.);
#1127=VECTOR('',#10509,1.);
#1128=VECTOR('',#10512,1.);
#1129=VECTOR('',#10513,1.);
#1130=VECTOR('',#10514,1.);
#1131=VECTOR('',#10515,1.);
#1132=VECTOR('',#10516,1.);
#1133=VECTOR('',#10517,1.);
#1134=VECTOR('',#10518,1.);
#1135=VECTOR('',#10519,1.);
#1136=VECTOR('',#10520,1.);
#1137=VECTOR('',#10521,1.);
#1138=VECTOR('',#10522,1.);
#1139=VECTOR('',#10523,1.);
#1140=VECTOR('',#10524,1.);
#1141=VECTOR('',#10525,1.);
#1142=VECTOR('',#10526,1.);
#1143=VECTOR('',#10527,1.);
#1144=VECTOR('',#10532,1.);
#1145=VECTOR('',#10533,1.);
#1146=VECTOR('',#10536,1.);
#1147=VECTOR('',#10537,1.);
#1148=VECTOR('',#10542,1.);
#1149=VECTOR('',#10545,1.);
#1150=VECTOR('',#10546,1.);
#1151=VECTOR('',#10551,1.);
#1152=VECTOR('',#10554,1.);
#1153=VECTOR('',#10555,1.);
#1154=VECTOR('',#10560,1.);
#1155=VECTOR('',#10563,1.);
#1156=VECTOR('',#10568,1.);
#1157=VECTOR('',#10569,1.);
#1158=VECTOR('',#10570,1.);
#1159=VECTOR('',#10571,1.);
#1160=VECTOR('',#10572,1.);
#1161=VECTOR('',#10573,1.);
#1162=VECTOR('',#10574,1.);
#1163=VECTOR('',#10575,1.);
#1164=VECTOR('',#10578,1.);
#1165=VECTOR('',#10579,1.);
#1166=VECTOR('',#10582,1.);
#1167=VECTOR('',#10585,1.);
#1168=VECTOR('',#10590,1.);
#1169=VECTOR('',#10591,1.);
#1170=VECTOR('',#10594,1.);
#1171=VECTOR('',#10597,1.);
#1172=VECTOR('',#10602,1.);
#1173=VECTOR('',#10603,1.);
#1174=VECTOR('',#10604,1.);
#1175=VECTOR('',#10605,1.);
#1176=VECTOR('',#10606,1.);
#1177=VECTOR('',#10607,1.);
#1178=VECTOR('',#10608,1.);
#1179=VECTOR('',#10609,1.);
#1180=VECTOR('',#10612,1.);
#1181=VECTOR('',#10613,1.);
#1182=VECTOR('',#10616,1.);
#1183=VECTOR('',#10619,1.);
#1184=VECTOR('',#10624,1.);
#1185=VECTOR('',#10625,1.);
#1186=VECTOR('',#10628,1.);
#1187=VECTOR('',#10631,1.);
#1188=VECTOR('',#10636,1.);
#1189=VECTOR('',#10637,1.);
#1190=VECTOR('',#10638,1.);
#1191=VECTOR('',#10641,1.);
#1192=VECTOR('',#10642,1.);
#1193=VECTOR('',#10645,1.);
#1194=VECTOR('',#10646,1.);
#1195=VECTOR('',#10649,1.);
#1196=VECTOR('',#10654,1.);
#1197=VECTOR('',#10655,1.);
#1198=VECTOR('',#10656,1.);
#1199=VECTOR('',#10659,1.);
#1200=VECTOR('',#10660,1.);
#1201=VECTOR('',#10663,1.);
#1202=VECTOR('',#10664,1.);
#1203=VECTOR('',#10667,1.);
#1204=VECTOR('',#10672,1.);
#1205=VECTOR('',#10673,1.);
#1206=VECTOR('',#10674,1.);
#1207=VECTOR('',#10677,1.);
#1208=VECTOR('',#10678,1.);
#1209=VECTOR('',#10681,1.);
#1210=VECTOR('',#10682,1.);
#1211=VECTOR('',#10685,1.);
#1212=VECTOR('',#10690,1.);
#1213=VECTOR('',#10691,1.);
#1214=VECTOR('',#10692,1.);
#1215=VECTOR('',#10695,1.);
#1216=VECTOR('',#10696,1.);
#1217=VECTOR('',#10699,1.);
#1218=VECTOR('',#10700,1.);
#1219=VECTOR('',#10703,1.);
#1220=VECTOR('',#10708,1.);
#1221=VECTOR('',#10709,1.);
#1222=VECTOR('',#10710,1.);
#1223=VECTOR('',#10713,1.);
#1224=VECTOR('',#10714,1.);
#1225=VECTOR('',#10717,1.);
#1226=VECTOR('',#10718,1.);
#1227=VECTOR('',#10721,1.);
#1228=VECTOR('',#10760,1.);
#1229=VECTOR('',#10761,1.);
#1230=VECTOR('',#10762,1.);
#1231=VECTOR('',#10765,1.);
#1232=VECTOR('',#10766,1.);
#1233=VECTOR('',#10769,1.);
#1234=VECTOR('',#10770,1.);
#1235=VECTOR('',#10773,1.);
#1236=VECTOR('',#10776,1.);
#1237=VECTOR('',#10777,1.);
#1238=VECTOR('',#10778,1.);
#1239=VECTOR('',#10781,1.);
#1240=VECTOR('',#10782,1.);
#1241=VECTOR('',#10785,1.);
#1242=VECTOR('',#10786,1.);
#1243=VECTOR('',#10789,1.);
#1244=VECTOR('',#10792,1.);
#1245=VECTOR('',#10793,1.);
#1246=VECTOR('',#10794,1.);
#1247=VECTOR('',#10797,1.);
#1248=VECTOR('',#10798,1.);
#1249=VECTOR('',#10801,1.);
#1250=VECTOR('',#10802,1.);
#1251=VECTOR('',#10805,1.);
#1252=VECTOR('',#10808,1.);
#1253=VECTOR('',#10809,1.);
#1254=VECTOR('',#10810,1.);
#1255=VECTOR('',#10813,1.);
#1256=VECTOR('',#10814,1.);
#1257=VECTOR('',#10817,1.);
#1258=VECTOR('',#10818,1.);
#1259=VECTOR('',#10821,1.);
#1260=VECTOR('',#10844,1.);
#1261=VECTOR('',#10847,1.);
#1262=VECTOR('',#10850,1.);
#1263=VECTOR('',#10853,1.);
#1264=VECTOR('',#10860,1.);
#1265=VECTOR('',#10863,1.);
#1266=VECTOR('',#10866,1.);
#1267=VECTOR('',#10869,1.);
#1268=VECTOR('',#10874,1.);
#1269=VECTOR('',#10877,1.);
#1270=VECTOR('',#10880,1.);
#1271=VECTOR('',#10883,1.);
#1272=VECTOR('',#10888,1.);
#1273=VECTOR('',#10891,1.);
#1274=VECTOR('',#10894,1.);
#1275=VECTOR('',#10897,1.);
#1276=VECTOR('',#10900,1.);
#1277=VECTOR('',#10901,1.);
#1278=VECTOR('',#10902,1.);
#1279=VECTOR('',#10903,1.);
#1280=VECTOR('',#10904,1.);
#1281=VECTOR('',#10905,1.);
#1282=VECTOR('',#10906,1.);
#1283=VECTOR('',#10907,1.);
#1284=VECTOR('',#10908,1.);
#1285=VECTOR('',#10909,1.);
#1286=VECTOR('',#10910,1.);
#1287=VECTOR('',#10911,1.);
#1288=VECTOR('',#10912,1.);
#1289=VECTOR('',#10913,1.);
#1290=VECTOR('',#10914,1.);
#1291=VECTOR('',#10915,1.);
#1292=VECTOR('',#10916,1.);
#1293=VECTOR('',#10917,1.);
#1294=VECTOR('',#10918,1.);
#1295=VECTOR('',#10919,1.);
#1296=VECTOR('',#10920,1.);
#1297=VECTOR('',#10921,1.);
#1298=VECTOR('',#10922,1.);
#1299=VECTOR('',#10923,1.);
#1300=VECTOR('',#10924,1.);
#1301=VECTOR('',#10925,1.);
#1302=VECTOR('',#10926,1.);
#1303=VECTOR('',#10927,1.);
#1304=VECTOR('',#10928,1.);
#1305=VECTOR('',#10929,1.);
#1306=VECTOR('',#10930,1.);
#1307=VECTOR('',#10931,1.);
#1308=VECTOR('',#10932,1.);
#1309=VECTOR('',#10933,1.);
#1310=VECTOR('',#10934,1.);
#1311=VECTOR('',#10935,1.);
#1312=VECTOR('',#10936,1.);
#1313=VECTOR('',#10937,1.);
#1314=VECTOR('',#10938,1.);
#1315=VECTOR('',#10939,1.);
#1316=VECTOR('',#10940,1.);
#1317=VECTOR('',#10941,1.);
#1318=VECTOR('',#10942,1.);
#1319=VECTOR('',#10943,1.);
#1320=VECTOR('',#10944,1.);
#1321=VECTOR('',#10945,1.);
#1322=VECTOR('',#10946,1.);
#1323=VECTOR('',#10947,1.);
#1324=VECTOR('',#10948,1.);
#1325=VECTOR('',#10949,1.);
#1326=VECTOR('',#10950,1.);
#1327=VECTOR('',#10951,1.);
#1328=VECTOR('',#10952,1.);
#1329=VECTOR('',#10953,1.);
#1330=VECTOR('',#10954,1.);
#1331=VECTOR('',#10955,1.);
#1332=VECTOR('',#10956,1.);
#1333=VECTOR('',#10957,1.);
#1334=VECTOR('',#10958,1.);
#1335=VECTOR('',#10959,1.);
#1336=VECTOR('',#10960,1.);
#1337=VECTOR('',#10961,1.);
#1338=VECTOR('',#10962,1.);
#1339=VECTOR('',#10963,1.);
#1340=VECTOR('',#10964,1.);
#1341=VECTOR('',#10965,1.);
#1342=VECTOR('',#10966,1.);
#1343=VECTOR('',#10967,1.);
#1344=VECTOR('',#10968,1.);
#1345=VECTOR('',#10969,1.);
#1346=VECTOR('',#10970,1.);
#1347=VECTOR('',#10971,1.);
#1348=VECTOR('',#10972,1.);
#1349=VECTOR('',#10973,1.);
#1350=VECTOR('',#10974,1.);
#1351=VECTOR('',#10975,1.);
#1352=VECTOR('',#10976,1.);
#1353=VECTOR('',#10977,1.);
#1354=VECTOR('',#10978,1.);
#1355=VECTOR('',#10979,1.);
#1356=VECTOR('',#10980,1.);
#1357=VECTOR('',#10981,1.);
#1358=VECTOR('',#10982,1.);
#1359=VECTOR('',#10983,1.);
#1360=VECTOR('',#10984,1.);
#1361=VECTOR('',#10985,1.);
#1362=VECTOR('',#10986,1.);
#1363=VECTOR('',#10987,1.);
#1364=VECTOR('',#10988,1.);
#1365=VECTOR('',#10989,1.);
#1366=VECTOR('',#10990,1.);
#1367=VECTOR('',#10991,1.);
#1368=VECTOR('',#10992,1.);
#1369=VECTOR('',#10993,1.);
#1370=VECTOR('',#10994,1.);
#1371=VECTOR('',#10995,1.);
#1372=VECTOR('',#10996,1.);
#1373=VECTOR('',#10997,1.);
#1374=VECTOR('',#10998,1.);
#1375=VECTOR('',#10999,1.);
#1376=VECTOR('',#11000,1.);
#1377=VECTOR('',#11003,1.);
#1378=VECTOR('',#11006,1.);
#1379=VECTOR('',#11009,1.);
#1380=VECTOR('',#11016,1.);
#1381=VECTOR('',#11019,1.);
#1382=VECTOR('',#11022,1.);
#1383=VECTOR('',#11023,1.);
#1384=VECTOR('',#11024,1.);
#1385=VECTOR('',#11027,1.);
#1386=VECTOR('',#11028,1.);
#1387=VECTOR('',#11029,1.);
#1388=VECTOR('',#11034,1.);
#1389=VECTOR('',#11039,1.);
#1390=VECTOR('',#11040,1.);
#1391=VECTOR('',#11041,1.);
#1392=VECTOR('',#11046,1.);
#1393=VECTOR('',#11051,1.);
#1394=VECTOR('',#11052,1.);
#1395=VECTOR('',#11053,1.);
#1396=VECTOR('',#11058,1.);
#1397=VECTOR('',#11063,1.);
#1398=VECTOR('',#11064,1.);
#1399=VECTOR('',#11065,1.);
#1400=VECTOR('',#11068,1.);
#1401=VECTOR('',#11069,1.);
#1402=VECTOR('',#11070,1.);
#1403=VECTOR('',#11073,1.);
#1404=VECTOR('',#11074,1.);
#1405=VECTOR('',#11077,1.);
#1406=VECTOR('',#11078,1.);
#1407=VECTOR('',#11081,1.);
#1408=VECTOR('',#11082,1.);
#1409=VECTOR('',#11085,1.);
#1410=VECTOR('',#11086,1.);
#1411=VECTOR('',#11089,1.);
#1412=VECTOR('',#11090,1.);
#1413=VECTOR('',#11101,1.);
#1414=VECTOR('',#11102,1.);
#1415=VECTOR('',#11105,1.);
#1416=VECTOR('',#11106,1.);
#1417=VECTOR('',#11109,1.);
#1418=VECTOR('',#11110,1.);
#1419=VECTOR('',#11113,1.);
#1420=VECTOR('',#11114,1.);
#1421=VECTOR('',#11117,1.);
#1422=VECTOR('',#11118,1.);
#1423=VECTOR('',#11121,1.);
#1424=VECTOR('',#11122,1.);
#1425=VECTOR('',#11125,1.);
#1426=VECTOR('',#11126,1.);
#1427=VECTOR('',#11129,1.);
#1428=VECTOR('',#11130,1.);
#1429=VECTOR('',#11133,1.);
#1430=VECTOR('',#11134,1.);
#1431=VECTOR('',#11137,1.);
#1432=VECTOR('',#11138,1.);
#1433=VECTOR('',#11141,1.);
#1434=VECTOR('',#11142,1.);
#1435=VECTOR('',#11145,1.);
#1436=VECTOR('',#11146,1.);
#1437=VECTOR('',#11149,1.);
#1438=VECTOR('',#11150,1.);
#1439=VECTOR('',#11153,1.);
#1440=VECTOR('',#11154,1.);
#1441=VECTOR('',#11157,1.);
#1442=VECTOR('',#11158,1.);
#1443=VECTOR('',#11161,1.);
#1444=VECTOR('',#11162,1.);
#1445=VECTOR('',#11165,1.);
#1446=VECTOR('',#11166,1.);
#1447=VECTOR('',#11169,1.);
#1448=VECTOR('',#11170,1.);
#1449=VECTOR('',#11173,1.);
#1450=VECTOR('',#11174,1.);
#1451=VECTOR('',#11177,1.);
#1452=VECTOR('',#11178,1.);
#1453=VECTOR('',#11181,1.);
#1454=VECTOR('',#11182,1.);
#1455=VECTOR('',#11185,1.);
#1456=VECTOR('',#11186,1.);
#1457=VECTOR('',#11189,1.);
#1458=VECTOR('',#11190,1.);
#1459=VECTOR('',#11193,1.);
#1460=VECTOR('',#11194,1.);
#1461=VECTOR('',#11197,1.);
#1462=VECTOR('',#11198,1.);
#1463=VECTOR('',#11201,1.);
#1464=VECTOR('',#11202,1.);
#1465=VECTOR('',#11205,1.);
#1466=VECTOR('',#11206,1.);
#1467=VECTOR('',#11209,1.);
#1468=VECTOR('',#11210,1.);
#1469=VECTOR('',#11213,1.);
#1470=VECTOR('',#11214,1.);
#1471=VECTOR('',#11217,1.);
#1472=VECTOR('',#11218,1.);
#1473=VECTOR('',#11221,1.);
#1474=VECTOR('',#11222,1.);
#1475=VECTOR('',#11225,1.);
#1476=VECTOR('',#11226,1.);
#1477=VECTOR('',#11229,1.);
#1478=VECTOR('',#11230,1.);
#1479=VECTOR('',#11233,1.);
#1480=VECTOR('',#11234,1.);
#1481=VECTOR('',#11237,1.);
#1482=VECTOR('',#11238,1.);
#1483=VECTOR('',#11241,1.);
#1484=VECTOR('',#11242,1.);
#1485=VECTOR('',#11245,1.);
#1486=VECTOR('',#11246,1.);
#1487=VECTOR('',#11249,1.);
#1488=VECTOR('',#11250,1.);
#1489=VECTOR('',#11253,1.);
#1490=VECTOR('',#11254,1.);
#1491=VECTOR('',#11257,1.);
#1492=VECTOR('',#11258,1.);
#1493=VECTOR('',#11261,1.);
#1494=VECTOR('',#11262,1.);
#1495=VECTOR('',#11265,1.);
#1496=VECTOR('',#11266,1.);
#1497=VECTOR('',#11269,1.);
#1498=VECTOR('',#11270,1.);
#1499=VECTOR('',#11273,1.);
#1500=VECTOR('',#11274,1.);
#1501=VECTOR('',#11277,1.);
#1502=VECTOR('',#11278,1.);
#1503=VECTOR('',#11281,1.);
#1504=VECTOR('',#11282,1.);
#1505=VECTOR('',#11285,1.);
#1506=VECTOR('',#11286,1.);
#1507=VECTOR('',#11289,1.);
#1508=VECTOR('',#11290,1.);
#1509=VECTOR('',#11293,1.);
#1510=VECTOR('',#11294,1.);
#1511=VECTOR('',#11297,1.);
#1512=VECTOR('',#11298,1.);
#1513=VECTOR('',#11301,1.);
#1514=VECTOR('',#11302,1.);
#1515=VECTOR('',#11305,1.);
#1516=VECTOR('',#11306,1.);
#1517=VECTOR('',#11309,1.);
#1518=VECTOR('',#11310,1.);
#1519=VECTOR('',#11313,1.);
#1520=VECTOR('',#11314,1.);
#1521=VECTOR('',#11317,1.);
#1522=VECTOR('',#11318,1.);
#1523=VECTOR('',#11321,1.);
#1524=VECTOR('',#11322,1.);
#1525=VECTOR('',#11325,1.);
#1526=VECTOR('',#11326,1.);
#1527=VECTOR('',#11329,1.);
#1528=VECTOR('',#11330,1.);
#1529=VECTOR('',#11333,1.);
#1530=VECTOR('',#11334,1.);
#1531=VECTOR('',#11337,1.);
#1532=VECTOR('',#11338,1.);
#1533=VECTOR('',#11341,1.);
#1534=VECTOR('',#11342,1.);
#1535=VECTOR('',#11345,1.);
#1536=VECTOR('',#11346,1.);
#1537=VECTOR('',#11349,1.);
#1538=VECTOR('',#11350,1.);
#1539=VECTOR('',#11353,1.);
#1540=VECTOR('',#11354,1.);
#1541=VECTOR('',#11357,1.);
#1542=VECTOR('',#11358,1.);
#1543=VECTOR('',#11361,1.);
#1544=VECTOR('',#11362,1.);
#1545=VECTOR('',#11365,1.);
#1546=VECTOR('',#11366,1.);
#1547=VECTOR('',#11369,1.);
#1548=VECTOR('',#11370,1.);
#1549=VECTOR('',#11373,1.);
#1550=VECTOR('',#11374,1.);
#1551=VECTOR('',#11377,1.);
#1552=VECTOR('',#11378,1.);
#1553=VECTOR('',#11381,1.);
#1554=VECTOR('',#11382,1.);
#1555=VECTOR('',#11385,1.);
#1556=VECTOR('',#11386,1.);
#1557=VECTOR('',#11389,1.);
#1558=VECTOR('',#11390,1.);
#1559=VECTOR('',#11393,1.);
#1560=VECTOR('',#11394,1.);
#1561=VECTOR('',#11397,1.);
#1562=VECTOR('',#11398,1.);
#1563=VECTOR('',#11401,1.);
#1564=VECTOR('',#11402,1.);
#1565=VECTOR('',#11405,1.);
#1566=VECTOR('',#11406,1.);
#1567=VECTOR('',#11409,1.);
#1568=VECTOR('',#11410,1.);
#1569=VECTOR('',#11413,1.);
#1570=VECTOR('',#11414,1.);
#1571=VECTOR('',#11417,1.);
#1572=VECTOR('',#11418,1.);
#1573=VECTOR('',#11421,1.);
#1574=VECTOR('',#11422,1.);
#1575=VECTOR('',#11425,1.);
#1576=VECTOR('',#11426,1.);
#1577=VECTOR('',#11429,1.);
#1578=VECTOR('',#11430,1.);
#1579=VECTOR('',#11433,1.);
#1580=VECTOR('',#11434,1.);
#1581=VECTOR('',#11437,1.);
#1582=VECTOR('',#11438,1.);
#1583=VECTOR('',#11441,1.);
#1584=VECTOR('',#11442,1.);
#1585=VECTOR('',#11445,1.);
#1586=VECTOR('',#11446,1.);
#1587=VECTOR('',#11449,1.);
#1588=VECTOR('',#11450,1.);
#1589=VECTOR('',#11453,1.);
#1590=VECTOR('',#11454,1.);
#1591=VECTOR('',#11457,1.);
#1592=VECTOR('',#11458,1.);
#1593=VECTOR('',#11461,1.);
#1594=VECTOR('',#11462,1.);
#1595=VECTOR('',#11465,1.);
#1596=VECTOR('',#11466,1.);
#1597=VECTOR('',#11469,1.);
#1598=VECTOR('',#11470,1.);
#1599=VECTOR('',#11473,1.);
#1600=VECTOR('',#11474,1.);
#1601=VECTOR('',#11475,1.);
#1602=VECTOR('',#11476,1.);
#1603=VECTOR('',#11481,1.);
#1604=VECTOR('',#11486,1.);
#1605=VECTOR('',#11487,1.);
#1606=VECTOR('',#11488,1.);
#1607=VECTOR('',#11491,1.);
#1608=VECTOR('',#11492,1.);
#1609=VECTOR('',#11493,1.);
#1610=VECTOR('',#11498,1.);
#1611=VECTOR('',#11503,1.);
#1612=VECTOR('',#11504,1.);
#1613=VECTOR('',#11505,1.);
#1614=VECTOR('',#11510,1.);
#1615=VECTOR('',#11515,1.);
#1616=VECTOR('',#11516,1.);
#1617=VECTOR('',#11517,1.);
#1618=VECTOR('',#11522,1.);
#1619=VECTOR('',#11527,1.);
#1620=VECTOR('',#11528,1.);
#1621=VECTOR('',#11529,1.);
#1622=VECTOR('',#11530,1.);
#1623=VECTOR('',#11535,1.);
#1624=VECTOR('',#11540,1.);
#1625=VECTOR('',#11541,1.);
#1626=VECTOR('',#11542,1.);
#1627=VECTOR('',#11545,1.);
#1628=VECTOR('',#11546,1.);
#1629=VECTOR('',#11547,1.);
#1630=VECTOR('',#11552,1.);
#1631=VECTOR('',#11557,1.);
#1632=VECTOR('',#11558,1.);
#1633=VECTOR('',#11559,1.);
#1634=VECTOR('',#11564,1.);
#1635=VECTOR('',#11569,1.);
#1636=VECTOR('',#11570,1.);
#1637=VECTOR('',#11571,1.);
#1638=VECTOR('',#11576,1.);
#1639=VECTOR('',#11581,1.);
#1640=VECTOR('',#11582,1.);
#1641=VECTOR('',#11583,1.);
#1642=VECTOR('',#11584,1.);
#1643=VECTOR('',#11589,1.);
#1644=VECTOR('',#11594,1.);
#1645=VECTOR('',#11595,1.);
#1646=VECTOR('',#11596,1.);
#1647=VECTOR('',#11599,1.);
#1648=VECTOR('',#11600,1.);
#1649=VECTOR('',#11601,1.);
#1650=VECTOR('',#11606,1.);
#1651=VECTOR('',#11611,1.);
#1652=VECTOR('',#11612,1.);
#1653=VECTOR('',#11613,1.);
#1654=VECTOR('',#11618,1.);
#1655=VECTOR('',#11623,1.);
#1656=VECTOR('',#11624,1.);
#1657=VECTOR('',#11625,1.);
#1658=VECTOR('',#11630,1.);
#1659=VECTOR('',#11635,1.);
#1660=VECTOR('',#11636,1.);
#1661=VECTOR('',#11639,1.);
#1662=VECTOR('',#11642,1.);
#1663=VECTOR('',#11643,1.);
#1664=VECTOR('',#11646,1.);
#1665=VECTOR('',#11647,1.);
#1666=VECTOR('',#11650,1.);
#1667=VECTOR('',#11651,1.);
#1668=VECTOR('',#11662,1.);
#1669=VECTOR('',#11663,1.);
#1670=VECTOR('',#11666,1.);
#1671=VECTOR('',#11669,1.);
#1672=VECTOR('',#11672,1.);
#1673=VECTOR('',#11675,1.);
#1674=VECTOR('',#11678,1.);
#1675=VECTOR('',#11681,1.);
#1676=VECTOR('',#11696,1.);
#1677=VECTOR('',#11699,1.);
#1678=VECTOR('',#11702,1.);
#1679=VECTOR('',#11703,1.);
#1680=VECTOR('',#11706,1.);
#1681=VECTOR('',#11711,1.);
#1682=VECTOR('',#11712,1.);
#1683=VECTOR('',#11715,1.);
#1684=VECTOR('',#11720,1.);
#1685=VECTOR('',#11721,1.);
#1686=VECTOR('',#11724,1.);
#1687=VECTOR('',#11729,1.);
#1688=VECTOR('',#11730,1.);
#1689=VECTOR('',#11733,1.);
#1690=VECTOR('',#11738,1.);
#1691=VECTOR('',#11739,1.);
#1692=VECTOR('',#11742,1.);
#1693=VECTOR('',#11747,1.);
#1694=VECTOR('',#11748,1.);
#1695=VECTOR('',#11751,1.);
#1696=VECTOR('',#11756,1.);
#1697=VECTOR('',#11757,1.);
#1698=VECTOR('',#11760,1.);
#1699=VECTOR('',#11765,1.);
#1700=VECTOR('',#11796,1.);
#1701=VECTOR('',#11797,1.);
#1702=VECTOR('',#11798,1.);
#1703=VECTOR('',#11799,1.);
#1704=VECTOR('',#11800,1.);
#1705=VECTOR('',#11801,1.);
#1706=VECTOR('',#11802,1.);
#1707=VECTOR('',#11803,1.);
#1708=VECTOR('',#11804,1.);
#1709=VECTOR('',#11805,1.);
#1710=VECTOR('',#11806,1.);
#1711=VECTOR('',#11807,1.);
#1712=VECTOR('',#11808,1.);
#1713=VECTOR('',#11809,1.);
#1714=VECTOR('',#11810,1.);
#1715=VECTOR('',#11811,1.);
#1716=VECTOR('',#11812,1.);
#1717=VECTOR('',#11813,1.);
#1718=VECTOR('',#11814,1.);
#1719=VECTOR('',#11815,1.);
#1720=VECTOR('',#11816,1.);
#1721=VECTOR('',#11817,1.);
#1722=VECTOR('',#11818,1.);
#1723=VECTOR('',#11819,1.);
#1724=VECTOR('',#11820,1.);
#1725=VECTOR('',#11821,1.);
#1726=VECTOR('',#11822,1.);
#1727=VECTOR('',#11823,1.);
#1728=VECTOR('',#11824,1.);
#1729=VECTOR('',#11825,1.);
#1730=VECTOR('',#11826,1.);
#1731=VECTOR('',#11827,1.);
#1732=VECTOR('',#11828,1.);
#1733=VECTOR('',#11829,1.);
#1734=VECTOR('',#11830,1.);
#1735=VECTOR('',#11831,1.);
#1736=VECTOR('',#11832,1.);
#1737=VECTOR('',#11833,1.);
#1738=VECTOR('',#11834,1.);
#1739=VECTOR('',#11835,1.);
#1740=VECTOR('',#11836,1.);
#1741=VECTOR('',#11837,1.);
#1742=VECTOR('',#11838,1.);
#1743=VECTOR('',#11839,1.);
#1744=VECTOR('',#11840,1.);
#1745=VECTOR('',#11845,1.);
#1746=VECTOR('',#11846,1.);
#1747=VECTOR('',#11847,1.);
#1748=VECTOR('',#11848,1.);
#1749=VECTOR('',#11851,1.);
#1750=VECTOR('',#11852,1.);
#1751=VECTOR('',#11853,1.);
#1752=VECTOR('',#11856,1.);
#1753=VECTOR('',#11857,1.);
#1754=VECTOR('',#11858,1.);
#1755=VECTOR('',#11861,1.);
#1756=VECTOR('',#11862,1.);
#1757=VECTOR('',#11871,1.);
#1758=VECTOR('',#11872,1.);
#1759=VECTOR('',#11873,1.);
#1760=VECTOR('',#11874,1.);
#1761=VECTOR('',#11875,1.);
#1762=VECTOR('',#11876,1.);
#1763=VECTOR('',#11877,1.);
#1764=VECTOR('',#11878,1.);
#1765=VECTOR('',#11879,1.);
#1766=VECTOR('',#11880,1.);
#1767=VECTOR('',#11881,1.);
#1768=VECTOR('',#11884,1.);
#1769=VECTOR('',#11885,1.);
#1770=VECTOR('',#11888,1.);
#1771=VECTOR('',#11891,1.);
#1772=VECTOR('',#11894,1.);
#1773=VECTOR('',#11897,1.);
#1774=VECTOR('',#11900,1.);
#1775=VECTOR('',#11903,1.);
#1776=VECTOR('',#11904,1.);
#1777=VECTOR('',#11905,1.);
#1778=VECTOR('',#11906,1.);
#1779=VECTOR('',#11911,1.);
#1780=VECTOR('',#11912,1.);
#1781=VECTOR('',#11913,1.);
#1782=VECTOR('',#11916,1.);
#1783=VECTOR('',#11917,1.);
#1784=VECTOR('',#11920,1.);
#1785=VECTOR('',#11921,1.);
#1786=VECTOR('',#11922,1.);
#1787=VECTOR('',#11927,1.);
#1788=VECTOR('',#11928,1.);
#1789=VECTOR('',#11929,1.);
#1790=VECTOR('',#11932,1.);
#1791=VECTOR('',#11933,1.);
#1792=VECTOR('',#11936,1.);
#1793=VECTOR('',#11937,1.);
#1794=VECTOR('',#11940,1.);
#1795=VECTOR('',#11941,1.);
#1796=VECTOR('',#11944,1.);
#1797=VECTOR('',#11945,1.);
#1798=VECTOR('',#11948,1.);
#1799=VECTOR('',#11949,1.);
#1800=VECTOR('',#11952,1.);
#1801=VECTOR('',#11953,1.);
#1802=VECTOR('',#11956,1.);
#1803=VECTOR('',#11957,1.);
#1804=VECTOR('',#11960,1.);
#1805=VECTOR('',#11961,1.);
#1806=VECTOR('',#11964,1.);
#1807=VECTOR('',#11965,1.);
#1808=VECTOR('',#11968,1.);
#1809=VECTOR('',#11969,1.);
#1810=VECTOR('',#11972,1.);
#1811=VECTOR('',#11975,1.);
#1812=VECTOR('',#11976,1.);
#1813=VECTOR('',#11977,1.);
#1814=VECTOR('',#11978,1.);
#1815=VECTOR('',#11979,1.);
#1816=VECTOR('',#11980,1.);
#1817=VECTOR('',#11983,1.);
#1818=VECTOR('',#11984,1.);
#1819=VECTOR('',#11987,1.);
#1820=VECTOR('',#11988,1.);
#1821=VECTOR('',#11991,1.);
#1822=VECTOR('',#11992,1.);
#1823=VECTOR('',#11993,1.);
#1824=VECTOR('',#11994,1.);
#1825=VECTOR('',#11995,1.);
#1826=VECTOR('',#11996,1.);
#1827=VECTOR('',#11999,1.);
#1828=VECTOR('',#12004,1.);
#1829=VECTOR('',#12005,1.);
#1830=VECTOR('',#12006,1.);
#1831=VECTOR('',#12009,1.);
#1832=VECTOR('',#12010,1.);
#1833=VECTOR('',#12013,1.);
#1834=VECTOR('',#12014,1.);
#1835=VECTOR('',#12017,1.);
#1836=VECTOR('',#12018,1.);
#1837=VECTOR('',#12021,1.);
#1838=VECTOR('',#12022,1.);
#1839=VECTOR('',#12025,1.);
#1840=VECTOR('',#12026,1.);
#1841=VECTOR('',#12029,1.);
#1842=VECTOR('',#12030,1.);
#1843=VECTOR('',#12033,1.);
#1844=VECTOR('',#12034,1.);
#1845=VECTOR('',#12037,1.);
#1846=VECTOR('',#12038,1.);
#1847=VECTOR('',#12041,1.);
#1848=VECTOR('',#12046,1.);
#1849=VECTOR('',#12047,1.);
#1850=VECTOR('',#12048,1.);
#1851=VECTOR('',#12049,1.);
#1852=VECTOR('',#12050,1.);
#1853=VECTOR('',#12051,1.);
#1854=VECTOR('',#12052,1.);
#1855=VECTOR('',#12053,1.);
#1856=VECTOR('',#12054,1.);
#1857=VECTOR('',#12055,1.);
#1858=VECTOR('',#12056,1.);
#1859=VECTOR('',#12059,1.);
#1860=VECTOR('',#12060,1.);
#1861=VECTOR('',#12063,1.);
#1862=VECTOR('',#12066,1.);
#1863=VECTOR('',#12069,1.);
#1864=VECTOR('',#12072,1.);
#1865=VECTOR('',#12075,1.);
#1866=VECTOR('',#12078,1.);
#1867=VECTOR('',#12083,1.);
#1868=VECTOR('',#12084,1.);
#1869=VECTOR('',#12085,1.);
#1870=VECTOR('',#12088,1.);
#1871=VECTOR('',#12089,1.);
#1872=VECTOR('',#12092,1.);
#1873=VECTOR('',#12097,1.);
#1874=VECTOR('',#12098,1.);
#1875=VECTOR('',#12099,1.);
#1876=VECTOR('',#12100,1.);
#1877=VECTOR('',#12101,1.);
#1878=VECTOR('',#12102,1.);
#1879=VECTOR('',#12105,1.);
#1880=VECTOR('',#12106,1.);
#1881=VECTOR('',#12107,1.);
#1882=VECTOR('',#12108,1.);
#1883=VECTOR('',#12109,1.);
#1884=VECTOR('',#12112,1.);
#1885=VECTOR('',#12117,1.);
#1886=VECTOR('',#12118,1.);
#1887=VECTOR('',#12119,1.);
#1888=VECTOR('',#12122,1.);
#1889=VECTOR('',#12123,1.);
#1890=VECTOR('',#12124,1.);
#1891=VECTOR('',#12125,1.);
#1892=VECTOR('',#12126,1.);
#1893=VECTOR('',#12127,1.);
#1894=VECTOR('',#12130,1.);
#1895=TOROIDAL_SURFACE('',#9579,0.0085,0.0005);
#1896=TOROIDAL_SURFACE('',#9743,0.0029,0.0005);
#1897=SHAPE_REPRESENTATION_RELATIONSHIP('','',#9535,#1914);
#1898=SHAPE_REPRESENTATION_RELATIONSHIP('','',#9536,#1915);
#1899=SHAPE_REPRESENTATION_RELATIONSHIP('','',#9537,#1916);
#1900=SHAPE_REPRESENTATION_RELATIONSHIP('','',#9538,#1917);
#1901=SHAPE_REPRESENTATION_RELATIONSHIP('','',#9539,#1918);
#1902=SHAPE_REPRESENTATION_RELATIONSHIP('','',#9540,#1919);
#1903=SHAPE_REPRESENTATION_RELATIONSHIP('','',#9541,#1920);
#1904=SHAPE_REPRESENTATION_RELATIONSHIP('','',#9542,#1921);
#1905=SHAPE_REPRESENTATION_RELATIONSHIP('','',#9543,#1922);
#1906=SHAPE_REPRESENTATION_RELATIONSHIP('','',#9544,#1923);
#1907=SHAPE_REPRESENTATION_RELATIONSHIP('','',#9545,#1924);
#1908=SHAPE_REPRESENTATION_RELATIONSHIP('','',#9546,#1925);
#1909=SHAPE_REPRESENTATION_RELATIONSHIP('','',#9547,#1926);
#1910=SHAPE_REPRESENTATION_RELATIONSHIP('','',#9548,#1927);
#1911=SHAPE_REPRESENTATION_RELATIONSHIP('','',#9549,#1928);
#1912=SHAPE_REPRESENTATION_RELATIONSHIP('','',#9550,#1929);
#1913=SHAPE_REPRESENTATION_RELATIONSHIP('','',#9551,#1930);
#1914=ADVANCED_BREP_SHAPE_REPRESENTATION('',(#9501),#15918);
#1915=ADVANCED_BREP_SHAPE_REPRESENTATION('',(#9502),#15919);
#1916=ADVANCED_BREP_SHAPE_REPRESENTATION('',(#9503),#15920);
#1917=ADVANCED_BREP_SHAPE_REPRESENTATION('',(#9504),#15921);
#1918=ADVANCED_BREP_SHAPE_REPRESENTATION('',(#9505),#15922);
#1919=ADVANCED_BREP_SHAPE_REPRESENTATION('',(#9506),#15923);
#1920=ADVANCED_BREP_SHAPE_REPRESENTATION('',(#9507),#15924);
#1921=ADVANCED_BREP_SHAPE_REPRESENTATION('',(#9508),#15925);
#1922=ADVANCED_BREP_SHAPE_REPRESENTATION('',(#9509),#15926);
#1923=ADVANCED_BREP_SHAPE_REPRESENTATION('',(#9510),#15927);
#1924=ADVANCED_BREP_SHAPE_REPRESENTATION('',(#9511),#15928);
#1925=ADVANCED_BREP_SHAPE_REPRESENTATION('',(#9512),#15929);
#1926=ADVANCED_BREP_SHAPE_REPRESENTATION('',(#9513),#15930);
#1927=ADVANCED_BREP_SHAPE_REPRESENTATION('',(#9514),#15931);
#1928=ADVANCED_BREP_SHAPE_REPRESENTATION('',(#9515),#15932);
#1929=ADVANCED_BREP_SHAPE_REPRESENTATION('',(#9516),#15933);
#1930=ADVANCED_BREP_SHAPE_REPRESENTATION('',(#9517),#15934);
#1931=PLANE('',#9556);
#1932=PLANE('',#9557);
#1933=PLANE('',#9559);
#1934=PLANE('',#9562);
#1935=PLANE('',#9568);
#1936=PLANE('',#9571);
#1937=PLANE('',#9576);
#1938=PLANE('',#9577);
#1939=PLANE('',#9584);
#1940=PLANE('',#9585);
#1941=PLANE('',#9590);
#1942=PLANE('',#9591);
#1943=PLANE('',#9596);
#1944=PLANE('',#9597);
#1945=PLANE('',#9602);
#1946=PLANE('',#9606);
#1947=PLANE('',#9610);
#1948=PLANE('',#9614);
#1949=PLANE('',#9615);
#1950=PLANE('',#9617);
#1951=PLANE('',#9620);
#1952=PLANE('',#9622);
#1953=PLANE('',#9623);
#1954=PLANE('',#9624);
#1955=PLANE('',#9625);
#1956=PLANE('',#9626);
#1957=PLANE('',#9627);
#1958=PLANE('',#9629);
#1959=PLANE('',#9630);
#1960=PLANE('',#9631);
#1961=PLANE('',#9632);
#1962=PLANE('',#9633);
#1963=PLANE('',#9634);
#1964=PLANE('',#9636);
#1965=PLANE('',#9637);
#1966=PLANE('',#9638);
#1967=PLANE('',#9639);
#1968=PLANE('',#9640);
#1969=PLANE('',#9641);
#1970=PLANE('',#9643);
#1971=PLANE('',#9644);
#1972=PLANE('',#9645);
#1973=PLANE('',#9646);
#1974=PLANE('',#9647);
#1975=PLANE('',#9648);
#1976=PLANE('',#9650);
#1977=PLANE('',#9651);
#1978=PLANE('',#9652);
#1979=PLANE('',#9653);
#1980=PLANE('',#9654);
#1981=PLANE('',#9655);
#1982=PLANE('',#9657);
#1983=PLANE('',#9658);
#1984=PLANE('',#9659);
#1985=PLANE('',#9660);
#1986=PLANE('',#9661);
#1987=PLANE('',#9662);
#1988=PLANE('',#9664);
#1989=PLANE('',#9665);
#1990=PLANE('',#9666);
#1991=PLANE('',#9667);
#1992=PLANE('',#9668);
#1993=PLANE('',#9669);
#1994=PLANE('',#9671);
#1995=PLANE('',#9681);
#1996=PLANE('',#9682);
#1997=PLANE('',#9685);
#1998=PLANE('',#9688);
#1999=PLANE('',#9691);
#2000=PLANE('',#9694);
#2001=PLANE('',#9695);
#2002=PLANE('',#9696);
#2003=PLANE('',#9697);
#2004=PLANE('',#9698);
#2005=PLANE('',#9699);
#2006=PLANE('',#9700);
#2007=PLANE('',#9701);
#2008=PLANE('',#9702);
#2009=PLANE('',#9703);
#2010=PLANE('',#9704);
#2011=PLANE('',#9705);
#2012=PLANE('',#9706);
#2013=PLANE('',#9707);
#2014=PLANE('',#9708);
#2015=PLANE('',#9709);
#2016=PLANE('',#9710);
#2017=PLANE('',#9711);
#2018=PLANE('',#9712);
#2019=PLANE('',#9713);
#2020=PLANE('',#9714);
#2021=PLANE('',#9715);
#2022=PLANE('',#9716);
#2023=PLANE('',#9717);
#2024=PLANE('',#9718);
#2025=PLANE('',#9719);
#2026=PLANE('',#9720);
#2027=PLANE('',#9721);
#2028=PLANE('',#9722);
#2029=PLANE('',#9723);
#2030=PLANE('',#9724);
#2031=PLANE('',#9725);
#2032=PLANE('',#9726);
#2033=PLANE('',#9727);
#2034=PLANE('',#9728);
#2035=PLANE('',#9729);
#2036=PLANE('',#9730);
#2037=PLANE('',#9731);
#2038=PLANE('',#9732);
#2039=PLANE('',#9733);
#2040=PLANE('',#9734);
#2041=PLANE('',#9735);
#2042=PLANE('',#9736);
#2043=PLANE('',#9737);
#2044=PLANE('',#9738);
#2045=PLANE('',#9741);
#2046=PLANE('',#9744);
#2047=PLANE('',#9747);
#2048=PLANE('',#9752);
#2049=PLANE('',#9753);
#2050=PLANE('',#9756);
#2051=PLANE('',#9757);
#2052=PLANE('',#9758);
#2053=PLANE('',#9759);
#2054=PLANE('',#9760);
#2055=PLANE('',#9761);
#2056=PLANE('',#9762);
#2057=PLANE('',#9763);
#2058=PLANE('',#9764);
#2059=PLANE('',#9765);
#2060=PLANE('',#9766);
#2061=PLANE('',#9767);
#2062=PLANE('',#9768);
#2063=PLANE('',#9769);
#2064=PLANE('',#9770);
#2065=PLANE('',#9771);
#2066=PLANE('',#9772);
#2067=PLANE('',#9779);
#2068=PLANE('',#9780);
#2069=PLANE('',#9782);
#2070=PLANE('',#9787);
#2071=PLANE('',#9792);
#2072=PLANE('',#9797);
#2073=PLANE('',#9802);
#2074=PLANE('',#9810);
#2075=PLANE('',#9811);
#2076=PLANE('',#9815);
#2077=PLANE('',#9819);
#2078=PLANE('',#9823);
#2079=PLANE('',#9824);
#2080=PLANE('',#9825);
#2081=PLANE('',#9826);
#2082=PLANE('',#9827);
#2083=PLANE('',#9828);
#2084=PLANE('',#9829);
#2085=PLANE('',#9830);
#2086=PLANE('',#9835);
#2087=PLANE('',#9836);
#2088=PLANE('',#9837);
#2089=PLANE('',#9838);
#2090=PLANE('',#9839);
#2091=PLANE('',#9840);
#2092=PLANE('',#9841);
#2093=PLANE('',#9842);
#2094=PLANE('',#9843);
#2095=PLANE('',#9844);
#2096=PLANE('',#9845);
#2097=PLANE('',#9846);
#2098=PLANE('',#9847);
#2099=PLANE('',#9848);
#2100=PLANE('',#9849);
#2101=PLANE('',#9850);
#2102=PLANE('',#9851);
#2103=PLANE('',#9852);
#2104=PLANE('',#9853);
#2105=PLANE('',#9854);
#2106=PLANE('',#9855);
#2107=PLANE('',#9856);
#2108=PLANE('',#9857);
#2109=PLANE('',#9858);
#2110=PLANE('',#9859);
#2111=PLANE('',#9860);
#2112=PLANE('',#9861);
#2113=PLANE('',#9862);
#2114=PLANE('',#9863);
#2115=PLANE('',#9864);
#2116=PLANE('',#9865);
#2117=PLANE('',#9866);
#2118=PLANE('',#9867);
#2119=PLANE('',#9868);
#2120=PLANE('',#9869);
#2121=PLANE('',#9870);
#2122=PLANE('',#9871);
#2123=PLANE('',#9872);
#2124=PLANE('',#9873);
#2125=PLANE('',#9874);
#2126=PLANE('',#9875);
#2127=PLANE('',#9876);
#2128=PLANE('',#9877);
#2129=PLANE('',#9878);
#2130=PLANE('',#9879);
#2131=PLANE('',#9880);
#2132=PLANE('',#9881);
#2133=PLANE('',#9882);
#2134=PLANE('',#9883);
#2135=PLANE('',#9884);
#2136=PLANE('',#9885);
#2137=PLANE('',#9886);
#2138=PLANE('',#9887);
#2139=PLANE('',#9888);
#2140=PLANE('',#9889);
#2141=PLANE('',#9890);
#2142=PLANE('',#9891);
#2143=PLANE('',#9892);
#2144=PLANE('',#9893);
#2145=PLANE('',#9894);
#2146=PLANE('',#9895);
#2147=PLANE('',#9896);
#2148=PLANE('',#9897);
#2149=PLANE('',#9898);
#2150=PLANE('',#9899);
#2151=PLANE('',#9900);
#2152=PLANE('',#9901);
#2153=PLANE('',#9902);
#2154=PLANE('',#9903);
#2155=PLANE('',#9904);
#2156=PLANE('',#9905);
#2157=PLANE('',#9906);
#2158=PLANE('',#9907);
#2159=PLANE('',#9908);
#2160=PLANE('',#9909);
#2161=PLANE('',#9910);
#2162=PLANE('',#9911);
#2163=PLANE('',#9912);
#2164=PLANE('',#9913);
#2165=PLANE('',#9914);
#2166=PLANE('',#9915);
#2167=PLANE('',#9916);
#2168=PLANE('',#9917);
#2169=PLANE('',#9918);
#2170=PLANE('',#9919);
#2171=PLANE('',#9920);
#2172=PLANE('',#9921);
#2173=PLANE('',#9922);
#2174=PLANE('',#9923);
#2175=PLANE('',#9924);
#2176=PLANE('',#9925);
#2177=PLANE('',#9926);
#2178=PLANE('',#9927);
#2179=PLANE('',#9931);
#2180=PLANE('',#9932);
#2181=PLANE('',#9936);
#2182=PLANE('',#9940);
#2183=PLANE('',#9944);
#2184=PLANE('',#9948);
#2185=PLANE('',#9949);
#2186=PLANE('',#9953);
#2187=PLANE('',#9957);
#2188=PLANE('',#9961);
#2189=PLANE('',#9965);
#2190=PLANE('',#9966);
#2191=PLANE('',#9970);
#2192=PLANE('',#9974);
#2193=PLANE('',#9978);
#2194=PLANE('',#9979);
#2195=PLANE('',#9980);
#2196=PLANE('',#9981);
#2197=PLANE('',#9982);
#2198=PLANE('',#9986);
#2199=PLANE('',#9987);
#2200=PLANE('',#9989);
#2201=PLANE('',#9991);
#2202=PLANE('',#9993);
#2203=PLANE('',#9995);
#2204=PLANE('',#9996);
#2205=PLANE('',#9997);
#2206=PLANE('',#9998);
#2207=PLANE('',#9999);
#2208=PLANE('',#10002);
#2209=PLANE('',#10005);
#2210=PLANE('',#10008);
#2211=PLANE('',#10011);
#2212=PLANE('',#10014);
#2213=PLANE('',#10017);
#2214=PLANE('',#10020);
#2215=PLANE('',#10023);
#2216=PLANE('',#10024);
#2217=PLANE('',#10027);
#2218=PLANE('',#10030);
#2219=PLANE('',#10033);
#2220=PLANE('',#10036);
#2221=PLANE('',#10038);
#2222=PLANE('',#10040);
#2223=PLANE('',#10041);
#2224=PLANE('',#10042);
#2225=PLANE('',#10043);
#2226=PLANE('',#10044);
#2227=PLANE('',#10046);
#2228=PLANE('',#10047);
#2229=PLANE('',#10048);
#2230=PLANE('',#10049);
#2231=PLANE('',#10050);
#2232=PLANE('',#10051);
#2233=PLANE('',#10052);
#2234=PLANE('',#10053);
#2235=PLANE('',#10054);
#2236=PLANE('',#10055);
#2237=PLANE('',#10056);
#2238=PLANE('',#10057);
#2239=PLANE('',#10058);
#2240=PLANE('',#10059);
#2241=PLANE('',#10060);
#2242=PLANE('',#10061);
#2243=PLANE('',#10062);
#2244=PLANE('',#10063);
#2245=PLANE('',#10064);
#2246=PLANE('',#10065);
#2247=PLANE('',#10066);
#2248=PLANE('',#10067);
#2249=PLANE('',#10068);
#2250=PLANE('',#10069);
#2251=PLANE('',#10070);
#2252=PLANE('',#10071);
#2253=PLANE('',#10072);
#2254=PLANE('',#10073);
#2255=PLANE('',#10074);
#2256=PLANE('',#10075);
#2257=PLANE('',#10076);
#2258=PLANE('',#10077);
#2259=PLANE('',#10078);
#2260=PLANE('',#10079);
#2261=PLANE('',#10080);
#2262=PLANE('',#10081);
#2263=PLANE('',#10082);
#2264=PLANE('',#10083);
#2265=PLANE('',#10084);
#2266=PLANE('',#10085);
#2267=PLANE('',#10086);
#2268=PLANE('',#10087);
#2269=PLANE('',#10088);
#2270=PLANE('',#10089);
#2271=PLANE('',#10090);
#2272=PLANE('',#10091);
#2273=PLANE('',#10092);
#2274=PLANE('',#10093);
#2275=PLANE('',#10094);
#2276=PLANE('',#10095);
#2277=PLANE('',#10096);
#2278=PLANE('',#10097);
#2279=PLANE('',#10098);
#2280=PLANE('',#10099);
#2281=PLANE('',#10100);
#2282=PLANE('',#10101);
#2283=PLANE('',#10102);
#2284=PLANE('',#10103);
#2285=PLANE('',#10104);
#2286=PLANE('',#10105);
#2287=PLANE('',#10106);
#2288=PLANE('',#10107);
#2289=PLANE('',#10108);
#2290=PLANE('',#10109);
#2291=ORIENTED_EDGE('',*,*,#4435,.F.);
#2292=ORIENTED_EDGE('',*,*,#4436,.T.);
#2293=ORIENTED_EDGE('',*,*,#4435,.T.);
#2294=ORIENTED_EDGE('',*,*,#4436,.F.);
#2295=ORIENTED_EDGE('',*,*,#4437,.F.);
#2296=ORIENTED_EDGE('',*,*,#4438,.T.);
#2297=ORIENTED_EDGE('',*,*,#4439,.F.);
#2298=ORIENTED_EDGE('',*,*,#4440,.T.);
#2299=ORIENTED_EDGE('',*,*,#4438,.F.);
#2300=ORIENTED_EDGE('',*,*,#4439,.T.);
#2301=ORIENTED_EDGE('',*,*,#4441,.T.);
#2302=ORIENTED_EDGE('',*,*,#4440,.F.);
#2303=ORIENTED_EDGE('',*,*,#4441,.F.);
#2304=ORIENTED_EDGE('',*,*,#4442,.F.);
#2305=ORIENTED_EDGE('',*,*,#4437,.T.);
#2306=ORIENTED_EDGE('',*,*,#4442,.T.);
#2307=ORIENTED_EDGE('',*,*,#4443,.T.);
#2308=ORIENTED_EDGE('',*,*,#4444,.F.);
#2309=ORIENTED_EDGE('',*,*,#4444,.T.);
#2310=ORIENTED_EDGE('',*,*,#4445,.T.);
#2311=ORIENTED_EDGE('',*,*,#4445,.F.);
#2312=ORIENTED_EDGE('',*,*,#4443,.F.);
#2313=ORIENTED_EDGE('',*,*,#4446,.F.);
#2314=ORIENTED_EDGE('',*,*,#4447,.T.);
#2315=ORIENTED_EDGE('',*,*,#4446,.T.);
#2316=ORIENTED_EDGE('',*,*,#4447,.F.);
#2317=ORIENTED_EDGE('',*,*,#4448,.F.);
#2318=ORIENTED_EDGE('',*,*,#4449,.T.);
#2319=ORIENTED_EDGE('',*,*,#4448,.T.);
#2320=ORIENTED_EDGE('',*,*,#4449,.F.);
#2321=ORIENTED_EDGE('',*,*,#4450,.F.);
#2322=ORIENTED_EDGE('',*,*,#4451,.T.);
#2323=ORIENTED_EDGE('',*,*,#4450,.T.);
#2324=ORIENTED_EDGE('',*,*,#4451,.F.);
#2325=ORIENTED_EDGE('',*,*,#4452,.T.);
#2326=ORIENTED_EDGE('',*,*,#4453,.F.);
#2327=ORIENTED_EDGE('',*,*,#4454,.F.);
#2328=ORIENTED_EDGE('',*,*,#4455,.T.);
#2329=ORIENTED_EDGE('',*,*,#4456,.T.);
#2330=ORIENTED_EDGE('',*,*,#4457,.F.);
#2331=ORIENTED_EDGE('',*,*,#4458,.F.);
#2332=ORIENTED_EDGE('',*,*,#4453,.T.);
#2333=ORIENTED_EDGE('',*,*,#4459,.T.);
#2334=ORIENTED_EDGE('',*,*,#4460,.F.);
#2335=ORIENTED_EDGE('',*,*,#4461,.F.);
#2336=ORIENTED_EDGE('',*,*,#4457,.T.);
#2337=ORIENTED_EDGE('',*,*,#4462,.T.);
#2338=ORIENTED_EDGE('',*,*,#4463,.F.);
#2339=ORIENTED_EDGE('',*,*,#4464,.F.);
#2340=ORIENTED_EDGE('',*,*,#4460,.T.);
#2341=ORIENTED_EDGE('',*,*,#4465,.T.);
#2342=ORIENTED_EDGE('',*,*,#4466,.F.);
#2343=ORIENTED_EDGE('',*,*,#4467,.F.);
#2344=ORIENTED_EDGE('',*,*,#4463,.T.);
#2345=ORIENTED_EDGE('',*,*,#4468,.T.);
#2346=ORIENTED_EDGE('',*,*,#4469,.F.);
#2347=ORIENTED_EDGE('',*,*,#4470,.F.);
#2348=ORIENTED_EDGE('',*,*,#4466,.T.);
#2349=ORIENTED_EDGE('',*,*,#4471,.T.);
#2350=ORIENTED_EDGE('',*,*,#4472,.F.);
#2351=ORIENTED_EDGE('',*,*,#4473,.F.);
#2352=ORIENTED_EDGE('',*,*,#4469,.T.);
#2353=ORIENTED_EDGE('',*,*,#4474,.T.);
#2354=ORIENTED_EDGE('',*,*,#4455,.F.);
#2355=ORIENTED_EDGE('',*,*,#4475,.F.);
#2356=ORIENTED_EDGE('',*,*,#4472,.T.);
#2357=ORIENTED_EDGE('',*,*,#4476,.F.);
#2358=ORIENTED_EDGE('',*,*,#4454,.T.);
#2359=ORIENTED_EDGE('',*,*,#4458,.T.);
#2360=ORIENTED_EDGE('',*,*,#4461,.T.);
#2361=ORIENTED_EDGE('',*,*,#4464,.T.);
#2362=ORIENTED_EDGE('',*,*,#4467,.T.);
#2363=ORIENTED_EDGE('',*,*,#4470,.T.);
#2364=ORIENTED_EDGE('',*,*,#4473,.T.);
#2365=ORIENTED_EDGE('',*,*,#4475,.T.);
#2366=ORIENTED_EDGE('',*,*,#4452,.F.);
#2367=ORIENTED_EDGE('',*,*,#4474,.F.);
#2368=ORIENTED_EDGE('',*,*,#4471,.F.);
#2369=ORIENTED_EDGE('',*,*,#4468,.F.);
#2370=ORIENTED_EDGE('',*,*,#4465,.F.);
#2371=ORIENTED_EDGE('',*,*,#4462,.F.);
#2372=ORIENTED_EDGE('',*,*,#4459,.F.);
#2373=ORIENTED_EDGE('',*,*,#4456,.F.);
#2374=ORIENTED_EDGE('',*,*,#4477,.F.);
#2375=ORIENTED_EDGE('',*,*,#4476,.T.);
#2376=ORIENTED_EDGE('',*,*,#4477,.T.);
#2377=ORIENTED_EDGE('',*,*,#4478,.T.);
#2378=ORIENTED_EDGE('',*,*,#4479,.F.);
#2379=ORIENTED_EDGE('',*,*,#4480,.F.);
#2380=ORIENTED_EDGE('',*,*,#4481,.T.);
#2381=ORIENTED_EDGE('',*,*,#4482,.T.);
#2382=ORIENTED_EDGE('',*,*,#4483,.F.);
#2383=ORIENTED_EDGE('',*,*,#4484,.F.);
#2384=ORIENTED_EDGE('',*,*,#4479,.T.);
#2385=ORIENTED_EDGE('',*,*,#4485,.T.);
#2386=ORIENTED_EDGE('',*,*,#4486,.F.);
#2387=ORIENTED_EDGE('',*,*,#4487,.F.);
#2388=ORIENTED_EDGE('',*,*,#4483,.T.);
#2389=ORIENTED_EDGE('',*,*,#4488,.T.);
#2390=ORIENTED_EDGE('',*,*,#4481,.F.);
#2391=ORIENTED_EDGE('',*,*,#4489,.F.);
#2392=ORIENTED_EDGE('',*,*,#4486,.T.);
#2393=ORIENTED_EDGE('',*,*,#4480,.T.);
#2394=ORIENTED_EDGE('',*,*,#4484,.T.);
#2395=ORIENTED_EDGE('',*,*,#4487,.T.);
#2396=ORIENTED_EDGE('',*,*,#4489,.T.);
#2397=ORIENTED_EDGE('',*,*,#4478,.F.);
#2398=ORIENTED_EDGE('',*,*,#4488,.F.);
#2399=ORIENTED_EDGE('',*,*,#4485,.F.);
#2400=ORIENTED_EDGE('',*,*,#4482,.F.);
#2401=ORIENTED_EDGE('',*,*,#4490,.T.);
#2402=ORIENTED_EDGE('',*,*,#4491,.F.);
#2403=ORIENTED_EDGE('',*,*,#4492,.F.);
#2404=ORIENTED_EDGE('',*,*,#4493,.T.);
#2405=ORIENTED_EDGE('',*,*,#4494,.T.);
#2406=ORIENTED_EDGE('',*,*,#4495,.F.);
#2407=ORIENTED_EDGE('',*,*,#4496,.F.);
#2408=ORIENTED_EDGE('',*,*,#4491,.T.);
#2409=ORIENTED_EDGE('',*,*,#4497,.T.);
#2410=ORIENTED_EDGE('',*,*,#4498,.F.);
#2411=ORIENTED_EDGE('',*,*,#4499,.F.);
#2412=ORIENTED_EDGE('',*,*,#4495,.T.);
#2413=ORIENTED_EDGE('',*,*,#4500,.T.);
#2414=ORIENTED_EDGE('',*,*,#4493,.F.);
#2415=ORIENTED_EDGE('',*,*,#4501,.F.);
#2416=ORIENTED_EDGE('',*,*,#4498,.T.);
#2417=ORIENTED_EDGE('',*,*,#4492,.T.);
#2418=ORIENTED_EDGE('',*,*,#4496,.T.);
#2419=ORIENTED_EDGE('',*,*,#4499,.T.);
#2420=ORIENTED_EDGE('',*,*,#4501,.T.);
#2421=ORIENTED_EDGE('',*,*,#4490,.F.);
#2422=ORIENTED_EDGE('',*,*,#4500,.F.);
#2423=ORIENTED_EDGE('',*,*,#4497,.F.);
#2424=ORIENTED_EDGE('',*,*,#4494,.F.);
#2425=ORIENTED_EDGE('',*,*,#4502,.T.);
#2426=ORIENTED_EDGE('',*,*,#4503,.F.);
#2427=ORIENTED_EDGE('',*,*,#4504,.F.);
#2428=ORIENTED_EDGE('',*,*,#4505,.T.);
#2429=ORIENTED_EDGE('',*,*,#4506,.T.);
#2430=ORIENTED_EDGE('',*,*,#4507,.F.);
#2431=ORIENTED_EDGE('',*,*,#4508,.F.);
#2432=ORIENTED_EDGE('',*,*,#4503,.T.);
#2433=ORIENTED_EDGE('',*,*,#4509,.T.);
#2434=ORIENTED_EDGE('',*,*,#4510,.F.);
#2435=ORIENTED_EDGE('',*,*,#4511,.F.);
#2436=ORIENTED_EDGE('',*,*,#4507,.T.);
#2437=ORIENTED_EDGE('',*,*,#4512,.T.);
#2438=ORIENTED_EDGE('',*,*,#4505,.F.);
#2439=ORIENTED_EDGE('',*,*,#4513,.F.);
#2440=ORIENTED_EDGE('',*,*,#4510,.T.);
#2441=ORIENTED_EDGE('',*,*,#4504,.T.);
#2442=ORIENTED_EDGE('',*,*,#4508,.T.);
#2443=ORIENTED_EDGE('',*,*,#4511,.T.);
#2444=ORIENTED_EDGE('',*,*,#4513,.T.);
#2445=ORIENTED_EDGE('',*,*,#4502,.F.);
#2446=ORIENTED_EDGE('',*,*,#4512,.F.);
#2447=ORIENTED_EDGE('',*,*,#4509,.F.);
#2448=ORIENTED_EDGE('',*,*,#4506,.F.);
#2449=ORIENTED_EDGE('',*,*,#4514,.T.);
#2450=ORIENTED_EDGE('',*,*,#4515,.F.);
#2451=ORIENTED_EDGE('',*,*,#4516,.F.);
#2452=ORIENTED_EDGE('',*,*,#4517,.T.);
#2453=ORIENTED_EDGE('',*,*,#4518,.T.);
#2454=ORIENTED_EDGE('',*,*,#4519,.F.);
#2455=ORIENTED_EDGE('',*,*,#4520,.F.);
#2456=ORIENTED_EDGE('',*,*,#4515,.T.);
#2457=ORIENTED_EDGE('',*,*,#4521,.T.);
#2458=ORIENTED_EDGE('',*,*,#4522,.F.);
#2459=ORIENTED_EDGE('',*,*,#4523,.F.);
#2460=ORIENTED_EDGE('',*,*,#4519,.T.);
#2461=ORIENTED_EDGE('',*,*,#4524,.T.);
#2462=ORIENTED_EDGE('',*,*,#4517,.F.);
#2463=ORIENTED_EDGE('',*,*,#4525,.F.);
#2464=ORIENTED_EDGE('',*,*,#4522,.T.);
#2465=ORIENTED_EDGE('',*,*,#4516,.T.);
#2466=ORIENTED_EDGE('',*,*,#4520,.T.);
#2467=ORIENTED_EDGE('',*,*,#4523,.T.);
#2468=ORIENTED_EDGE('',*,*,#4525,.T.);
#2469=ORIENTED_EDGE('',*,*,#4514,.F.);
#2470=ORIENTED_EDGE('',*,*,#4524,.F.);
#2471=ORIENTED_EDGE('',*,*,#4521,.F.);
#2472=ORIENTED_EDGE('',*,*,#4518,.F.);
#2473=ORIENTED_EDGE('',*,*,#4526,.T.);
#2474=ORIENTED_EDGE('',*,*,#4527,.F.);
#2475=ORIENTED_EDGE('',*,*,#4528,.F.);
#2476=ORIENTED_EDGE('',*,*,#4529,.T.);
#2477=ORIENTED_EDGE('',*,*,#4530,.T.);
#2478=ORIENTED_EDGE('',*,*,#4531,.F.);
#2479=ORIENTED_EDGE('',*,*,#4532,.F.);
#2480=ORIENTED_EDGE('',*,*,#4527,.T.);
#2481=ORIENTED_EDGE('',*,*,#4533,.T.);
#2482=ORIENTED_EDGE('',*,*,#4534,.F.);
#2483=ORIENTED_EDGE('',*,*,#4535,.F.);
#2484=ORIENTED_EDGE('',*,*,#4531,.T.);
#2485=ORIENTED_EDGE('',*,*,#4536,.T.);
#2486=ORIENTED_EDGE('',*,*,#4529,.F.);
#2487=ORIENTED_EDGE('',*,*,#4537,.F.);
#2488=ORIENTED_EDGE('',*,*,#4534,.T.);
#2489=ORIENTED_EDGE('',*,*,#4528,.T.);
#2490=ORIENTED_EDGE('',*,*,#4532,.T.);
#2491=ORIENTED_EDGE('',*,*,#4535,.T.);
#2492=ORIENTED_EDGE('',*,*,#4537,.T.);
#2493=ORIENTED_EDGE('',*,*,#4526,.F.);
#2494=ORIENTED_EDGE('',*,*,#4536,.F.);
#2495=ORIENTED_EDGE('',*,*,#4533,.F.);
#2496=ORIENTED_EDGE('',*,*,#4530,.F.);
#2497=ORIENTED_EDGE('',*,*,#4538,.T.);
#2498=ORIENTED_EDGE('',*,*,#4539,.F.);
#2499=ORIENTED_EDGE('',*,*,#4540,.F.);
#2500=ORIENTED_EDGE('',*,*,#4541,.T.);
#2501=ORIENTED_EDGE('',*,*,#4542,.T.);
#2502=ORIENTED_EDGE('',*,*,#4543,.F.);
#2503=ORIENTED_EDGE('',*,*,#4544,.F.);
#2504=ORIENTED_EDGE('',*,*,#4539,.T.);
#2505=ORIENTED_EDGE('',*,*,#4545,.T.);
#2506=ORIENTED_EDGE('',*,*,#4546,.F.);
#2507=ORIENTED_EDGE('',*,*,#4547,.F.);
#2508=ORIENTED_EDGE('',*,*,#4543,.T.);
#2509=ORIENTED_EDGE('',*,*,#4548,.T.);
#2510=ORIENTED_EDGE('',*,*,#4541,.F.);
#2511=ORIENTED_EDGE('',*,*,#4549,.F.);
#2512=ORIENTED_EDGE('',*,*,#4546,.T.);
#2513=ORIENTED_EDGE('',*,*,#4540,.T.);
#2514=ORIENTED_EDGE('',*,*,#4544,.T.);
#2515=ORIENTED_EDGE('',*,*,#4547,.T.);
#2516=ORIENTED_EDGE('',*,*,#4549,.T.);
#2517=ORIENTED_EDGE('',*,*,#4538,.F.);
#2518=ORIENTED_EDGE('',*,*,#4548,.F.);
#2519=ORIENTED_EDGE('',*,*,#4545,.F.);
#2520=ORIENTED_EDGE('',*,*,#4542,.F.);
#2521=ORIENTED_EDGE('',*,*,#4550,.T.);
#2522=ORIENTED_EDGE('',*,*,#4551,.F.);
#2523=ORIENTED_EDGE('',*,*,#4552,.F.);
#2524=ORIENTED_EDGE('',*,*,#4553,.T.);
#2525=ORIENTED_EDGE('',*,*,#4554,.T.);
#2526=ORIENTED_EDGE('',*,*,#4555,.F.);
#2527=ORIENTED_EDGE('',*,*,#4556,.F.);
#2528=ORIENTED_EDGE('',*,*,#4551,.T.);
#2529=ORIENTED_EDGE('',*,*,#4557,.T.);
#2530=ORIENTED_EDGE('',*,*,#4558,.F.);
#2531=ORIENTED_EDGE('',*,*,#4559,.F.);
#2532=ORIENTED_EDGE('',*,*,#4555,.T.);
#2533=ORIENTED_EDGE('',*,*,#4560,.T.);
#2534=ORIENTED_EDGE('',*,*,#4553,.F.);
#2535=ORIENTED_EDGE('',*,*,#4561,.F.);
#2536=ORIENTED_EDGE('',*,*,#4558,.T.);
#2537=ORIENTED_EDGE('',*,*,#4552,.T.);
#2538=ORIENTED_EDGE('',*,*,#4556,.T.);
#2539=ORIENTED_EDGE('',*,*,#4559,.T.);
#2540=ORIENTED_EDGE('',*,*,#4561,.T.);
#2541=ORIENTED_EDGE('',*,*,#4550,.F.);
#2542=ORIENTED_EDGE('',*,*,#4560,.F.);
#2543=ORIENTED_EDGE('',*,*,#4557,.F.);
#2544=ORIENTED_EDGE('',*,*,#4554,.F.);
#2545=ORIENTED_EDGE('',*,*,#4562,.F.);
#2546=ORIENTED_EDGE('',*,*,#4563,.F.);
#2547=ORIENTED_EDGE('',*,*,#4564,.F.);
#2548=ORIENTED_EDGE('',*,*,#4565,.F.);
#2549=ORIENTED_EDGE('',*,*,#4566,.F.);
#2550=ORIENTED_EDGE('',*,*,#4567,.F.);
#2551=ORIENTED_EDGE('',*,*,#4568,.F.);
#2552=ORIENTED_EDGE('',*,*,#4569,.F.);
#2553=ORIENTED_EDGE('',*,*,#4570,.F.);
#2554=ORIENTED_EDGE('',*,*,#4571,.T.);
#2555=ORIENTED_EDGE('',*,*,#4572,.T.);
#2556=ORIENTED_EDGE('',*,*,#4573,.T.);
#2557=ORIENTED_EDGE('',*,*,#4574,.T.);
#2558=ORIENTED_EDGE('',*,*,#4575,.T.);
#2559=ORIENTED_EDGE('',*,*,#4576,.T.);
#2560=ORIENTED_EDGE('',*,*,#4577,.T.);
#2561=ORIENTED_EDGE('',*,*,#4578,.T.);
#2562=ORIENTED_EDGE('',*,*,#4579,.F.);
#2563=ORIENTED_EDGE('',*,*,#4580,.F.);
#2564=ORIENTED_EDGE('',*,*,#4581,.F.);
#2565=ORIENTED_EDGE('',*,*,#4582,.F.);
#2566=ORIENTED_EDGE('',*,*,#4583,.F.);
#2567=ORIENTED_EDGE('',*,*,#4584,.F.);
#2568=ORIENTED_EDGE('',*,*,#4585,.F.);
#2569=ORIENTED_EDGE('',*,*,#4586,.F.);
#2570=ORIENTED_EDGE('',*,*,#4587,.F.);
#2571=ORIENTED_EDGE('',*,*,#4588,.F.);
#2572=ORIENTED_EDGE('',*,*,#4589,.F.);
#2573=ORIENTED_EDGE('',*,*,#4590,.F.);
#2574=ORIENTED_EDGE('',*,*,#4591,.F.);
#2575=ORIENTED_EDGE('',*,*,#4592,.F.);
#2576=ORIENTED_EDGE('',*,*,#4593,.F.);
#2577=ORIENTED_EDGE('',*,*,#4594,.F.);
#2578=ORIENTED_EDGE('',*,*,#4595,.F.);
#2579=ORIENTED_EDGE('',*,*,#4596,.F.);
#2580=ORIENTED_EDGE('',*,*,#4597,.F.);
#2581=ORIENTED_EDGE('',*,*,#4598,.F.);
#2582=ORIENTED_EDGE('',*,*,#4599,.T.);
#2583=ORIENTED_EDGE('',*,*,#4600,.T.);
#2584=ORIENTED_EDGE('',*,*,#4601,.T.);
#2585=ORIENTED_EDGE('',*,*,#4602,.T.);
#2586=ORIENTED_EDGE('',*,*,#4603,.F.);
#2587=ORIENTED_EDGE('',*,*,#4604,.F.);
#2588=ORIENTED_EDGE('',*,*,#4605,.F.);
#2589=ORIENTED_EDGE('',*,*,#4606,.F.);
#2590=ORIENTED_EDGE('',*,*,#4607,.F.);
#2591=ORIENTED_EDGE('',*,*,#4608,.F.);
#2592=ORIENTED_EDGE('',*,*,#4609,.F.);
#2593=ORIENTED_EDGE('',*,*,#4610,.F.);
#2594=ORIENTED_EDGE('',*,*,#4611,.T.);
#2595=ORIENTED_EDGE('',*,*,#4612,.T.);
#2596=ORIENTED_EDGE('',*,*,#4613,.T.);
#2597=ORIENTED_EDGE('',*,*,#4614,.T.);
#2598=ORIENTED_EDGE('',*,*,#4615,.F.);
#2599=ORIENTED_EDGE('',*,*,#4616,.F.);
#2600=ORIENTED_EDGE('',*,*,#4617,.F.);
#2601=ORIENTED_EDGE('',*,*,#4618,.F.);
#2602=ORIENTED_EDGE('',*,*,#4619,.F.);
#2603=ORIENTED_EDGE('',*,*,#4620,.F.);
#2604=ORIENTED_EDGE('',*,*,#4621,.F.);
#2605=ORIENTED_EDGE('',*,*,#4622,.F.);
#2606=ORIENTED_EDGE('',*,*,#4623,.F.);
#2607=ORIENTED_EDGE('',*,*,#4624,.F.);
#2608=ORIENTED_EDGE('',*,*,#4625,.F.);
#2609=ORIENTED_EDGE('',*,*,#4626,.F.);
#2610=ORIENTED_EDGE('',*,*,#4627,.T.);
#2611=ORIENTED_EDGE('',*,*,#4628,.F.);
#2612=ORIENTED_EDGE('',*,*,#4571,.F.);
#2613=ORIENTED_EDGE('',*,*,#4629,.T.);
#2614=ORIENTED_EDGE('',*,*,#4630,.T.);
#2615=ORIENTED_EDGE('',*,*,#4631,.F.);
#2616=ORIENTED_EDGE('',*,*,#4572,.F.);
#2617=ORIENTED_EDGE('',*,*,#4628,.T.);
#2618=ORIENTED_EDGE('',*,*,#4632,.T.);
#2619=ORIENTED_EDGE('',*,*,#4633,.F.);
#2620=ORIENTED_EDGE('',*,*,#4573,.F.);
#2621=ORIENTED_EDGE('',*,*,#4631,.T.);
#2622=ORIENTED_EDGE('',*,*,#4634,.T.);
#2623=ORIENTED_EDGE('',*,*,#4635,.F.);
#2624=ORIENTED_EDGE('',*,*,#4574,.F.);
#2625=ORIENTED_EDGE('',*,*,#4633,.T.);
#2626=ORIENTED_EDGE('',*,*,#4636,.T.);
#2627=ORIENTED_EDGE('',*,*,#4637,.F.);
#2628=ORIENTED_EDGE('',*,*,#4575,.F.);
#2629=ORIENTED_EDGE('',*,*,#4635,.T.);
#2630=ORIENTED_EDGE('',*,*,#4638,.T.);
#2631=ORIENTED_EDGE('',*,*,#4639,.F.);
#2632=ORIENTED_EDGE('',*,*,#4576,.F.);
#2633=ORIENTED_EDGE('',*,*,#4637,.T.);
#2634=ORIENTED_EDGE('',*,*,#4640,.T.);
#2635=ORIENTED_EDGE('',*,*,#4641,.F.);
#2636=ORIENTED_EDGE('',*,*,#4577,.F.);
#2637=ORIENTED_EDGE('',*,*,#4639,.T.);
#2638=ORIENTED_EDGE('',*,*,#4642,.T.);
#2639=ORIENTED_EDGE('',*,*,#4629,.F.);
#2640=ORIENTED_EDGE('',*,*,#4578,.F.);
#2641=ORIENTED_EDGE('',*,*,#4641,.T.);
#2642=ORIENTED_EDGE('',*,*,#4627,.F.);
#2643=ORIENTED_EDGE('',*,*,#4642,.F.);
#2644=ORIENTED_EDGE('',*,*,#4640,.F.);
#2645=ORIENTED_EDGE('',*,*,#4638,.F.);
#2646=ORIENTED_EDGE('',*,*,#4636,.F.);
#2647=ORIENTED_EDGE('',*,*,#4634,.F.);
#2648=ORIENTED_EDGE('',*,*,#4632,.F.);
#2649=ORIENTED_EDGE('',*,*,#4630,.F.);
#2650=ORIENTED_EDGE('',*,*,#4643,.T.);
#2651=ORIENTED_EDGE('',*,*,#4644,.T.);
#2652=ORIENTED_EDGE('',*,*,#4645,.T.);
#2653=ORIENTED_EDGE('',*,*,#4646,.T.);
#2654=ORIENTED_EDGE('',*,*,#4647,.F.);
#2655=ORIENTED_EDGE('',*,*,#4648,.F.);
#2656=ORIENTED_EDGE('',*,*,#4649,.F.);
#2657=ORIENTED_EDGE('',*,*,#4650,.F.);
#2658=ORIENTED_EDGE('',*,*,#4568,.T.);
#2659=ORIENTED_EDGE('',*,*,#4651,.F.);
#2660=ORIENTED_EDGE('',*,*,#4643,.F.);
#2661=ORIENTED_EDGE('',*,*,#4652,.T.);
#2662=ORIENTED_EDGE('',*,*,#4567,.T.);
#2663=ORIENTED_EDGE('',*,*,#4653,.F.);
#2664=ORIENTED_EDGE('',*,*,#4644,.F.);
#2665=ORIENTED_EDGE('',*,*,#4651,.T.);
#2666=ORIENTED_EDGE('',*,*,#4570,.T.);
#2667=ORIENTED_EDGE('',*,*,#4654,.F.);
#2668=ORIENTED_EDGE('',*,*,#4645,.F.);
#2669=ORIENTED_EDGE('',*,*,#4653,.T.);
#2670=ORIENTED_EDGE('',*,*,#4569,.T.);
#2671=ORIENTED_EDGE('',*,*,#4652,.F.);
#2672=ORIENTED_EDGE('',*,*,#4646,.F.);
#2673=ORIENTED_EDGE('',*,*,#4654,.T.);
#2674=ORIENTED_EDGE('',*,*,#4611,.F.);
#2675=ORIENTED_EDGE('',*,*,#4655,.F.);
#2676=ORIENTED_EDGE('',*,*,#4648,.T.);
#2677=ORIENTED_EDGE('',*,*,#4656,.T.);
#2678=ORIENTED_EDGE('',*,*,#4612,.F.);
#2679=ORIENTED_EDGE('',*,*,#4656,.F.);
#2680=ORIENTED_EDGE('',*,*,#4647,.T.);
#2681=ORIENTED_EDGE('',*,*,#4657,.T.);
#2682=ORIENTED_EDGE('',*,*,#4613,.F.);
#2683=ORIENTED_EDGE('',*,*,#4657,.F.);
#2684=ORIENTED_EDGE('',*,*,#4650,.T.);
#2685=ORIENTED_EDGE('',*,*,#4658,.T.);
#2686=ORIENTED_EDGE('',*,*,#4614,.F.);
#2687=ORIENTED_EDGE('',*,*,#4658,.F.);
#2688=ORIENTED_EDGE('',*,*,#4649,.T.);
#2689=ORIENTED_EDGE('',*,*,#4655,.T.);
#2690=ORIENTED_EDGE('',*,*,#4659,.T.);
#2691=ORIENTED_EDGE('',*,*,#4660,.T.);
#2692=ORIENTED_EDGE('',*,*,#4661,.T.);
#2693=ORIENTED_EDGE('',*,*,#4662,.T.);
#2694=ORIENTED_EDGE('',*,*,#4663,.F.);
#2695=ORIENTED_EDGE('',*,*,#4664,.F.);
#2696=ORIENTED_EDGE('',*,*,#4665,.F.);
#2697=ORIENTED_EDGE('',*,*,#4666,.F.);
#2698=ORIENTED_EDGE('',*,*,#4580,.T.);
#2699=ORIENTED_EDGE('',*,*,#4667,.F.);
#2700=ORIENTED_EDGE('',*,*,#4659,.F.);
#2701=ORIENTED_EDGE('',*,*,#4668,.T.);
#2702=ORIENTED_EDGE('',*,*,#4579,.T.);
#2703=ORIENTED_EDGE('',*,*,#4669,.F.);
#2704=ORIENTED_EDGE('',*,*,#4660,.F.);
#2705=ORIENTED_EDGE('',*,*,#4667,.T.);
#2706=ORIENTED_EDGE('',*,*,#4582,.T.);
#2707=ORIENTED_EDGE('',*,*,#4670,.F.);
#2708=ORIENTED_EDGE('',*,*,#4661,.F.);
#2709=ORIENTED_EDGE('',*,*,#4669,.T.);
#2710=ORIENTED_EDGE('',*,*,#4581,.T.);
#2711=ORIENTED_EDGE('',*,*,#4668,.F.);
#2712=ORIENTED_EDGE('',*,*,#4662,.F.);
#2713=ORIENTED_EDGE('',*,*,#4670,.T.);
#2714=ORIENTED_EDGE('',*,*,#4599,.F.);
#2715=ORIENTED_EDGE('',*,*,#4671,.F.);
#2716=ORIENTED_EDGE('',*,*,#4664,.T.);
#2717=ORIENTED_EDGE('',*,*,#4672,.T.);
#2718=ORIENTED_EDGE('',*,*,#4600,.F.);
#2719=ORIENTED_EDGE('',*,*,#4672,.F.);
#2720=ORIENTED_EDGE('',*,*,#4663,.T.);
#2721=ORIENTED_EDGE('',*,*,#4673,.T.);
#2722=ORIENTED_EDGE('',*,*,#4601,.F.);
#2723=ORIENTED_EDGE('',*,*,#4673,.F.);
#2724=ORIENTED_EDGE('',*,*,#4666,.T.);
#2725=ORIENTED_EDGE('',*,*,#4674,.T.);
#2726=ORIENTED_EDGE('',*,*,#4602,.F.);
#2727=ORIENTED_EDGE('',*,*,#4674,.F.);
#2728=ORIENTED_EDGE('',*,*,#4665,.T.);
#2729=ORIENTED_EDGE('',*,*,#4671,.T.);
#2730=ORIENTED_EDGE('',*,*,#4616,.T.);
#2731=ORIENTED_EDGE('',*,*,#4675,.F.);
#2732=ORIENTED_EDGE('',*,*,#4676,.F.);
#2733=ORIENTED_EDGE('',*,*,#4677,.T.);
#2734=ORIENTED_EDGE('',*,*,#4615,.T.);
#2735=ORIENTED_EDGE('',*,*,#4678,.F.);
#2736=ORIENTED_EDGE('',*,*,#4679,.F.);
#2737=ORIENTED_EDGE('',*,*,#4675,.T.);
#2738=ORIENTED_EDGE('',*,*,#4618,.T.);
#2739=ORIENTED_EDGE('',*,*,#4680,.F.);
#2740=ORIENTED_EDGE('',*,*,#4681,.F.);
#2741=ORIENTED_EDGE('',*,*,#4678,.T.);
#2742=ORIENTED_EDGE('',*,*,#4617,.T.);
#2743=ORIENTED_EDGE('',*,*,#4677,.F.);
#2744=ORIENTED_EDGE('',*,*,#4682,.F.);
#2745=ORIENTED_EDGE('',*,*,#4680,.T.);
#2746=ORIENTED_EDGE('',*,*,#4676,.T.);
#2747=ORIENTED_EDGE('',*,*,#4679,.T.);
#2748=ORIENTED_EDGE('',*,*,#4681,.T.);
#2749=ORIENTED_EDGE('',*,*,#4682,.T.);
#2750=ORIENTED_EDGE('',*,*,#4604,.T.);
#2751=ORIENTED_EDGE('',*,*,#4683,.F.);
#2752=ORIENTED_EDGE('',*,*,#4684,.F.);
#2753=ORIENTED_EDGE('',*,*,#4685,.T.);
#2754=ORIENTED_EDGE('',*,*,#4603,.T.);
#2755=ORIENTED_EDGE('',*,*,#4686,.F.);
#2756=ORIENTED_EDGE('',*,*,#4687,.F.);
#2757=ORIENTED_EDGE('',*,*,#4683,.T.);
#2758=ORIENTED_EDGE('',*,*,#4606,.T.);
#2759=ORIENTED_EDGE('',*,*,#4688,.F.);
#2760=ORIENTED_EDGE('',*,*,#4689,.F.);
#2761=ORIENTED_EDGE('',*,*,#4686,.T.);
#2762=ORIENTED_EDGE('',*,*,#4605,.T.);
#2763=ORIENTED_EDGE('',*,*,#4685,.F.);
#2764=ORIENTED_EDGE('',*,*,#4690,.F.);
#2765=ORIENTED_EDGE('',*,*,#4688,.T.);
#2766=ORIENTED_EDGE('',*,*,#4684,.T.);
#2767=ORIENTED_EDGE('',*,*,#4687,.T.);
#2768=ORIENTED_EDGE('',*,*,#4689,.T.);
#2769=ORIENTED_EDGE('',*,*,#4690,.T.);
#2770=ORIENTED_EDGE('',*,*,#4620,.T.);
#2771=ORIENTED_EDGE('',*,*,#4691,.F.);
#2772=ORIENTED_EDGE('',*,*,#4692,.F.);
#2773=ORIENTED_EDGE('',*,*,#4693,.T.);
#2774=ORIENTED_EDGE('',*,*,#4619,.T.);
#2775=ORIENTED_EDGE('',*,*,#4694,.F.);
#2776=ORIENTED_EDGE('',*,*,#4695,.F.);
#2777=ORIENTED_EDGE('',*,*,#4691,.T.);
#2778=ORIENTED_EDGE('',*,*,#4622,.T.);
#2779=ORIENTED_EDGE('',*,*,#4696,.F.);
#2780=ORIENTED_EDGE('',*,*,#4697,.F.);
#2781=ORIENTED_EDGE('',*,*,#4694,.T.);
#2782=ORIENTED_EDGE('',*,*,#4621,.T.);
#2783=ORIENTED_EDGE('',*,*,#4693,.F.);
#2784=ORIENTED_EDGE('',*,*,#4698,.F.);
#2785=ORIENTED_EDGE('',*,*,#4696,.T.);
#2786=ORIENTED_EDGE('',*,*,#4692,.T.);
#2787=ORIENTED_EDGE('',*,*,#4695,.T.);
#2788=ORIENTED_EDGE('',*,*,#4697,.T.);
#2789=ORIENTED_EDGE('',*,*,#4698,.T.);
#2790=ORIENTED_EDGE('',*,*,#4624,.T.);
#2791=ORIENTED_EDGE('',*,*,#4699,.F.);
#2792=ORIENTED_EDGE('',*,*,#4700,.F.);
#2793=ORIENTED_EDGE('',*,*,#4701,.T.);
#2794=ORIENTED_EDGE('',*,*,#4623,.T.);
#2795=ORIENTED_EDGE('',*,*,#4702,.F.);
#2796=ORIENTED_EDGE('',*,*,#4703,.F.);
#2797=ORIENTED_EDGE('',*,*,#4699,.T.);
#2798=ORIENTED_EDGE('',*,*,#4626,.T.);
#2799=ORIENTED_EDGE('',*,*,#4704,.F.);
#2800=ORIENTED_EDGE('',*,*,#4705,.F.);
#2801=ORIENTED_EDGE('',*,*,#4702,.T.);
#2802=ORIENTED_EDGE('',*,*,#4625,.T.);
#2803=ORIENTED_EDGE('',*,*,#4701,.F.);
#2804=ORIENTED_EDGE('',*,*,#4706,.F.);
#2805=ORIENTED_EDGE('',*,*,#4704,.T.);
#2806=ORIENTED_EDGE('',*,*,#4700,.T.);
#2807=ORIENTED_EDGE('',*,*,#4703,.T.);
#2808=ORIENTED_EDGE('',*,*,#4705,.T.);
#2809=ORIENTED_EDGE('',*,*,#4706,.T.);
#2810=ORIENTED_EDGE('',*,*,#4608,.T.);
#2811=ORIENTED_EDGE('',*,*,#4707,.F.);
#2812=ORIENTED_EDGE('',*,*,#4708,.F.);
#2813=ORIENTED_EDGE('',*,*,#4709,.T.);
#2814=ORIENTED_EDGE('',*,*,#4607,.T.);
#2815=ORIENTED_EDGE('',*,*,#4710,.F.);
#2816=ORIENTED_EDGE('',*,*,#4711,.F.);
#2817=ORIENTED_EDGE('',*,*,#4707,.T.);
#2818=ORIENTED_EDGE('',*,*,#4610,.T.);
#2819=ORIENTED_EDGE('',*,*,#4712,.F.);
#2820=ORIENTED_EDGE('',*,*,#4713,.F.);
#2821=ORIENTED_EDGE('',*,*,#4710,.T.);
#2822=ORIENTED_EDGE('',*,*,#4609,.T.);
#2823=ORIENTED_EDGE('',*,*,#4709,.F.);
#2824=ORIENTED_EDGE('',*,*,#4714,.F.);
#2825=ORIENTED_EDGE('',*,*,#4712,.T.);
#2826=ORIENTED_EDGE('',*,*,#4708,.T.);
#2827=ORIENTED_EDGE('',*,*,#4711,.T.);
#2828=ORIENTED_EDGE('',*,*,#4713,.T.);
#2829=ORIENTED_EDGE('',*,*,#4714,.T.);
#2830=ORIENTED_EDGE('',*,*,#4715,.T.);
#2831=ORIENTED_EDGE('',*,*,#4564,.T.);
#2832=ORIENTED_EDGE('',*,*,#4716,.T.);
#2833=ORIENTED_EDGE('',*,*,#4717,.T.);
#2834=ORIENTED_EDGE('',*,*,#4715,.F.);
#2835=ORIENTED_EDGE('',*,*,#4717,.F.);
#2836=ORIENTED_EDGE('',*,*,#4718,.T.);
#2837=ORIENTED_EDGE('',*,*,#4566,.T.);
#2838=ORIENTED_EDGE('',*,*,#4718,.F.);
#2839=ORIENTED_EDGE('',*,*,#4719,.T.);
#2840=ORIENTED_EDGE('',*,*,#4565,.T.);
#2841=ORIENTED_EDGE('',*,*,#4719,.F.);
#2842=ORIENTED_EDGE('',*,*,#4720,.F.);
#2843=ORIENTED_EDGE('',*,*,#4716,.F.);
#2844=ORIENTED_EDGE('',*,*,#4563,.T.);
#2845=ORIENTED_EDGE('',*,*,#4720,.T.);
#2846=ORIENTED_EDGE('',*,*,#4721,.T.);
#2847=ORIENTED_EDGE('',*,*,#4562,.T.);
#2848=ORIENTED_EDGE('',*,*,#4721,.F.);
#2849=ORIENTED_EDGE('',*,*,#4584,.T.);
#2850=ORIENTED_EDGE('',*,*,#4722,.F.);
#2851=ORIENTED_EDGE('',*,*,#4723,.F.);
#2852=ORIENTED_EDGE('',*,*,#4724,.T.);
#2853=ORIENTED_EDGE('',*,*,#4583,.T.);
#2854=ORIENTED_EDGE('',*,*,#4725,.F.);
#2855=ORIENTED_EDGE('',*,*,#4726,.F.);
#2856=ORIENTED_EDGE('',*,*,#4722,.T.);
#2857=ORIENTED_EDGE('',*,*,#4586,.T.);
#2858=ORIENTED_EDGE('',*,*,#4727,.F.);
#2859=ORIENTED_EDGE('',*,*,#4728,.F.);
#2860=ORIENTED_EDGE('',*,*,#4725,.T.);
#2861=ORIENTED_EDGE('',*,*,#4585,.T.);
#2862=ORIENTED_EDGE('',*,*,#4724,.F.);
#2863=ORIENTED_EDGE('',*,*,#4729,.F.);
#2864=ORIENTED_EDGE('',*,*,#4727,.T.);
#2865=ORIENTED_EDGE('',*,*,#4588,.T.);
#2866=ORIENTED_EDGE('',*,*,#4730,.F.);
#2867=ORIENTED_EDGE('',*,*,#4731,.F.);
#2868=ORIENTED_EDGE('',*,*,#4732,.T.);
#2869=ORIENTED_EDGE('',*,*,#4587,.T.);
#2870=ORIENTED_EDGE('',*,*,#4733,.F.);
#2871=ORIENTED_EDGE('',*,*,#4734,.F.);
#2872=ORIENTED_EDGE('',*,*,#4730,.T.);
#2873=ORIENTED_EDGE('',*,*,#4590,.T.);
#2874=ORIENTED_EDGE('',*,*,#4735,.F.);
#2875=ORIENTED_EDGE('',*,*,#4736,.F.);
#2876=ORIENTED_EDGE('',*,*,#4733,.T.);
#2877=ORIENTED_EDGE('',*,*,#4589,.T.);
#2878=ORIENTED_EDGE('',*,*,#4732,.F.);
#2879=ORIENTED_EDGE('',*,*,#4737,.F.);
#2880=ORIENTED_EDGE('',*,*,#4735,.T.);
#2881=ORIENTED_EDGE('',*,*,#4592,.T.);
#2882=ORIENTED_EDGE('',*,*,#4738,.F.);
#2883=ORIENTED_EDGE('',*,*,#4739,.F.);
#2884=ORIENTED_EDGE('',*,*,#4740,.T.);
#2885=ORIENTED_EDGE('',*,*,#4591,.T.);
#2886=ORIENTED_EDGE('',*,*,#4741,.F.);
#2887=ORIENTED_EDGE('',*,*,#4742,.F.);
#2888=ORIENTED_EDGE('',*,*,#4738,.T.);
#2889=ORIENTED_EDGE('',*,*,#4594,.T.);
#2890=ORIENTED_EDGE('',*,*,#4743,.F.);
#2891=ORIENTED_EDGE('',*,*,#4744,.F.);
#2892=ORIENTED_EDGE('',*,*,#4741,.T.);
#2893=ORIENTED_EDGE('',*,*,#4593,.T.);
#2894=ORIENTED_EDGE('',*,*,#4740,.F.);
#2895=ORIENTED_EDGE('',*,*,#4745,.F.);
#2896=ORIENTED_EDGE('',*,*,#4743,.T.);
#2897=ORIENTED_EDGE('',*,*,#4596,.T.);
#2898=ORIENTED_EDGE('',*,*,#4746,.F.);
#2899=ORIENTED_EDGE('',*,*,#4747,.F.);
#2900=ORIENTED_EDGE('',*,*,#4748,.T.);
#2901=ORIENTED_EDGE('',*,*,#4595,.T.);
#2902=ORIENTED_EDGE('',*,*,#4749,.F.);
#2903=ORIENTED_EDGE('',*,*,#4750,.F.);
#2904=ORIENTED_EDGE('',*,*,#4746,.T.);
#2905=ORIENTED_EDGE('',*,*,#4598,.T.);
#2906=ORIENTED_EDGE('',*,*,#4751,.F.);
#2907=ORIENTED_EDGE('',*,*,#4752,.F.);
#2908=ORIENTED_EDGE('',*,*,#4749,.T.);
#2909=ORIENTED_EDGE('',*,*,#4597,.T.);
#2910=ORIENTED_EDGE('',*,*,#4748,.F.);
#2911=ORIENTED_EDGE('',*,*,#4753,.F.);
#2912=ORIENTED_EDGE('',*,*,#4751,.T.);
#2913=ORIENTED_EDGE('',*,*,#4754,.F.);
#2914=ORIENTED_EDGE('',*,*,#4753,.T.);
#2915=ORIENTED_EDGE('',*,*,#4747,.T.);
#2916=ORIENTED_EDGE('',*,*,#4750,.T.);
#2917=ORIENTED_EDGE('',*,*,#4752,.T.);
#2918=ORIENTED_EDGE('',*,*,#4745,.T.);
#2919=ORIENTED_EDGE('',*,*,#4739,.T.);
#2920=ORIENTED_EDGE('',*,*,#4742,.T.);
#2921=ORIENTED_EDGE('',*,*,#4744,.T.);
#2922=ORIENTED_EDGE('',*,*,#4737,.T.);
#2923=ORIENTED_EDGE('',*,*,#4731,.T.);
#2924=ORIENTED_EDGE('',*,*,#4734,.T.);
#2925=ORIENTED_EDGE('',*,*,#4736,.T.);
#2926=ORIENTED_EDGE('',*,*,#4729,.T.);
#2927=ORIENTED_EDGE('',*,*,#4723,.T.);
#2928=ORIENTED_EDGE('',*,*,#4726,.T.);
#2929=ORIENTED_EDGE('',*,*,#4728,.T.);
#2930=ORIENTED_EDGE('',*,*,#4755,.F.);
#2931=ORIENTED_EDGE('',*,*,#4754,.T.);
#2932=ORIENTED_EDGE('',*,*,#4756,.F.);
#2933=ORIENTED_EDGE('',*,*,#4757,.T.);
#2934=ORIENTED_EDGE('',*,*,#4756,.T.);
#2935=ORIENTED_EDGE('',*,*,#4755,.T.);
#2936=ORIENTED_EDGE('',*,*,#4757,.F.);
#2937=ORIENTED_EDGE('',*,*,#4758,.F.);
#2938=ORIENTED_EDGE('',*,*,#4759,.F.);
#2939=ORIENTED_EDGE('',*,*,#4760,.F.);
#2940=ORIENTED_EDGE('',*,*,#4761,.F.);
#2941=ORIENTED_EDGE('',*,*,#4762,.T.);
#2942=ORIENTED_EDGE('',*,*,#4763,.T.);
#2943=ORIENTED_EDGE('',*,*,#4764,.T.);
#2944=ORIENTED_EDGE('',*,*,#4765,.F.);
#2945=ORIENTED_EDGE('',*,*,#4766,.F.);
#2946=ORIENTED_EDGE('',*,*,#4767,.T.);
#2947=ORIENTED_EDGE('',*,*,#4768,.T.);
#2948=ORIENTED_EDGE('',*,*,#4769,.T.);
#2949=ORIENTED_EDGE('',*,*,#4770,.F.);
#2950=ORIENTED_EDGE('',*,*,#4771,.F.);
#2951=ORIENTED_EDGE('',*,*,#4772,.F.);
#2952=ORIENTED_EDGE('',*,*,#4773,.F.);
#2953=ORIENTED_EDGE('',*,*,#4774,.F.);
#2954=ORIENTED_EDGE('',*,*,#4775,.F.);
#2955=ORIENTED_EDGE('',*,*,#4776,.F.);
#2956=ORIENTED_EDGE('',*,*,#4777,.F.);
#2957=ORIENTED_EDGE('',*,*,#4778,.F.);
#2958=ORIENTED_EDGE('',*,*,#4779,.T.);
#2959=ORIENTED_EDGE('',*,*,#4780,.T.);
#2960=ORIENTED_EDGE('',*,*,#4781,.T.);
#2961=ORIENTED_EDGE('',*,*,#4782,.F.);
#2962=ORIENTED_EDGE('',*,*,#4783,.F.);
#2963=ORIENTED_EDGE('',*,*,#4784,.F.);
#2964=ORIENTED_EDGE('',*,*,#4785,.F.);
#2965=ORIENTED_EDGE('',*,*,#4786,.F.);
#2966=ORIENTED_EDGE('',*,*,#4787,.T.);
#2967=ORIENTED_EDGE('',*,*,#4788,.T.);
#2968=ORIENTED_EDGE('',*,*,#4789,.T.);
#2969=ORIENTED_EDGE('',*,*,#4790,.F.);
#2970=ORIENTED_EDGE('',*,*,#4791,.T.);
#2971=ORIENTED_EDGE('',*,*,#4792,.T.);
#2972=ORIENTED_EDGE('',*,*,#4793,.F.);
#2973=ORIENTED_EDGE('',*,*,#4794,.F.);
#2974=ORIENTED_EDGE('',*,*,#4795,.T.);
#2975=ORIENTED_EDGE('',*,*,#4796,.F.);
#2976=ORIENTED_EDGE('',*,*,#4797,.F.);
#2977=ORIENTED_EDGE('',*,*,#4798,.T.);
#2978=ORIENTED_EDGE('',*,*,#4799,.T.);
#2979=ORIENTED_EDGE('',*,*,#4800,.F.);
#2980=ORIENTED_EDGE('',*,*,#4801,.F.);
#2981=ORIENTED_EDGE('',*,*,#4802,.T.);
#2982=ORIENTED_EDGE('',*,*,#4803,.T.);
#2983=ORIENTED_EDGE('',*,*,#4804,.F.);
#2984=ORIENTED_EDGE('',*,*,#4805,.F.);
#2985=ORIENTED_EDGE('',*,*,#4806,.T.);
#2986=ORIENTED_EDGE('',*,*,#4807,.T.);
#2987=ORIENTED_EDGE('',*,*,#4808,.F.);
#2988=ORIENTED_EDGE('',*,*,#4809,.F.);
#2989=ORIENTED_EDGE('',*,*,#4810,.T.);
#2990=ORIENTED_EDGE('',*,*,#4811,.T.);
#2991=ORIENTED_EDGE('',*,*,#4812,.F.);
#2992=ORIENTED_EDGE('',*,*,#4813,.F.);
#2993=ORIENTED_EDGE('',*,*,#4814,.T.);
#2994=ORIENTED_EDGE('',*,*,#4815,.F.);
#2995=ORIENTED_EDGE('',*,*,#4816,.F.);
#2996=ORIENTED_EDGE('',*,*,#4817,.F.);
#2997=ORIENTED_EDGE('',*,*,#4818,.T.);
#2998=ORIENTED_EDGE('',*,*,#4819,.F.);
#2999=ORIENTED_EDGE('',*,*,#4820,.F.);
#3000=ORIENTED_EDGE('',*,*,#4821,.F.);
#3001=ORIENTED_EDGE('',*,*,#4822,.T.);
#3002=ORIENTED_EDGE('',*,*,#4823,.F.);
#3003=ORIENTED_EDGE('',*,*,#4824,.F.);
#3004=ORIENTED_EDGE('',*,*,#4825,.F.);
#3005=ORIENTED_EDGE('',*,*,#4826,.T.);
#3006=ORIENTED_EDGE('',*,*,#4827,.F.);
#3007=ORIENTED_EDGE('',*,*,#4828,.F.);
#3008=ORIENTED_EDGE('',*,*,#4829,.F.);
#3009=ORIENTED_EDGE('',*,*,#4830,.T.);
#3010=ORIENTED_EDGE('',*,*,#4831,.T.);
#3011=ORIENTED_EDGE('',*,*,#4832,.T.);
#3012=ORIENTED_EDGE('',*,*,#4833,.F.);
#3013=ORIENTED_EDGE('',*,*,#4834,.T.);
#3014=ORIENTED_EDGE('',*,*,#4835,.T.);
#3015=ORIENTED_EDGE('',*,*,#4836,.T.);
#3016=ORIENTED_EDGE('',*,*,#4837,.F.);
#3017=ORIENTED_EDGE('',*,*,#4838,.T.);
#3018=ORIENTED_EDGE('',*,*,#4839,.T.);
#3019=ORIENTED_EDGE('',*,*,#4840,.T.);
#3020=ORIENTED_EDGE('',*,*,#4841,.F.);
#3021=ORIENTED_EDGE('',*,*,#4842,.T.);
#3022=ORIENTED_EDGE('',*,*,#4843,.T.);
#3023=ORIENTED_EDGE('',*,*,#4844,.T.);
#3024=ORIENTED_EDGE('',*,*,#4845,.F.);
#3025=ORIENTED_EDGE('',*,*,#4846,.T.);
#3026=ORIENTED_EDGE('',*,*,#4847,.T.);
#3027=ORIENTED_EDGE('',*,*,#4848,.F.);
#3028=ORIENTED_EDGE('',*,*,#4849,.F.);
#3029=ORIENTED_EDGE('',*,*,#4850,.T.);
#3030=ORIENTED_EDGE('',*,*,#4851,.T.);
#3031=ORIENTED_EDGE('',*,*,#4852,.F.);
#3032=ORIENTED_EDGE('',*,*,#4853,.F.);
#3033=ORIENTED_EDGE('',*,*,#4854,.T.);
#3034=ORIENTED_EDGE('',*,*,#4855,.T.);
#3035=ORIENTED_EDGE('',*,*,#4856,.F.);
#3036=ORIENTED_EDGE('',*,*,#4857,.F.);
#3037=ORIENTED_EDGE('',*,*,#4858,.T.);
#3038=ORIENTED_EDGE('',*,*,#4859,.T.);
#3039=ORIENTED_EDGE('',*,*,#4860,.F.);
#3040=ORIENTED_EDGE('',*,*,#4861,.F.);
#3041=ORIENTED_EDGE('',*,*,#4862,.T.);
#3042=ORIENTED_EDGE('',*,*,#4863,.T.);
#3043=ORIENTED_EDGE('',*,*,#4864,.T.);
#3044=ORIENTED_EDGE('',*,*,#4865,.T.);
#3045=ORIENTED_EDGE('',*,*,#4866,.F.);
#3046=ORIENTED_EDGE('',*,*,#4867,.T.);
#3047=ORIENTED_EDGE('',*,*,#4868,.T.);
#3048=ORIENTED_EDGE('',*,*,#4869,.T.);
#3049=ORIENTED_EDGE('',*,*,#4870,.F.);
#3050=ORIENTED_EDGE('',*,*,#4871,.T.);
#3051=ORIENTED_EDGE('',*,*,#4872,.T.);
#3052=ORIENTED_EDGE('',*,*,#4873,.T.);
#3053=ORIENTED_EDGE('',*,*,#4874,.F.);
#3054=ORIENTED_EDGE('',*,*,#4875,.T.);
#3055=ORIENTED_EDGE('',*,*,#4876,.T.);
#3056=ORIENTED_EDGE('',*,*,#4877,.T.);
#3057=ORIENTED_EDGE('',*,*,#4878,.F.);
#3058=ORIENTED_EDGE('',*,*,#4879,.T.);
#3059=ORIENTED_EDGE('',*,*,#4880,.T.);
#3060=ORIENTED_EDGE('',*,*,#4881,.F.);
#3061=ORIENTED_EDGE('',*,*,#4882,.F.);
#3062=ORIENTED_EDGE('',*,*,#4883,.T.);
#3063=ORIENTED_EDGE('',*,*,#4884,.T.);
#3064=ORIENTED_EDGE('',*,*,#4885,.F.);
#3065=ORIENTED_EDGE('',*,*,#4886,.F.);
#3066=ORIENTED_EDGE('',*,*,#4887,.T.);
#3067=ORIENTED_EDGE('',*,*,#4888,.T.);
#3068=ORIENTED_EDGE('',*,*,#4889,.F.);
#3069=ORIENTED_EDGE('',*,*,#4890,.F.);
#3070=ORIENTED_EDGE('',*,*,#4891,.F.);
#3071=ORIENTED_EDGE('',*,*,#4892,.F.);
#3072=ORIENTED_EDGE('',*,*,#4893,.F.);
#3073=ORIENTED_EDGE('',*,*,#4894,.F.);
#3074=ORIENTED_EDGE('',*,*,#4895,.F.);
#3075=ORIENTED_EDGE('',*,*,#4896,.F.);
#3076=ORIENTED_EDGE('',*,*,#4897,.F.);
#3077=ORIENTED_EDGE('',*,*,#4898,.T.);
#3078=ORIENTED_EDGE('',*,*,#4899,.F.);
#3079=ORIENTED_EDGE('',*,*,#4900,.F.);
#3080=ORIENTED_EDGE('',*,*,#4901,.T.);
#3081=ORIENTED_EDGE('',*,*,#4902,.F.);
#3082=ORIENTED_EDGE('',*,*,#4903,.F.);
#3083=ORIENTED_EDGE('',*,*,#4904,.T.);
#3084=ORIENTED_EDGE('',*,*,#4899,.T.);
#3085=ORIENTED_EDGE('',*,*,#4905,.F.);
#3086=ORIENTED_EDGE('',*,*,#4906,.F.);
#3087=ORIENTED_EDGE('',*,*,#4907,.T.);
#3088=ORIENTED_EDGE('',*,*,#4903,.T.);
#3089=ORIENTED_EDGE('',*,*,#4908,.T.);
#3090=ORIENTED_EDGE('',*,*,#4909,.F.);
#3091=ORIENTED_EDGE('',*,*,#4910,.F.);
#3092=ORIENTED_EDGE('',*,*,#4906,.T.);
#3093=ORIENTED_EDGE('',*,*,#4911,.T.);
#3094=ORIENTED_EDGE('',*,*,#4912,.F.);
#3095=ORIENTED_EDGE('',*,*,#4913,.F.);
#3096=ORIENTED_EDGE('',*,*,#4909,.T.);
#3097=ORIENTED_EDGE('',*,*,#4914,.F.);
#3098=ORIENTED_EDGE('',*,*,#4915,.F.);
#3099=ORIENTED_EDGE('',*,*,#4916,.T.);
#3100=ORIENTED_EDGE('',*,*,#4912,.T.);
#3101=ORIENTED_EDGE('',*,*,#4917,.F.);
#3102=ORIENTED_EDGE('',*,*,#4918,.F.);
#3103=ORIENTED_EDGE('',*,*,#4919,.T.);
#3104=ORIENTED_EDGE('',*,*,#4915,.T.);
#3105=ORIENTED_EDGE('',*,*,#4920,.T.);
#3106=ORIENTED_EDGE('',*,*,#4921,.F.);
#3107=ORIENTED_EDGE('',*,*,#4922,.F.);
#3108=ORIENTED_EDGE('',*,*,#4918,.T.);
#3109=ORIENTED_EDGE('',*,*,#4923,.F.);
#3110=ORIENTED_EDGE('',*,*,#4924,.F.);
#3111=ORIENTED_EDGE('',*,*,#4925,.T.);
#3112=ORIENTED_EDGE('',*,*,#4921,.T.);
#3113=ORIENTED_EDGE('',*,*,#4926,.F.);
#3114=ORIENTED_EDGE('',*,*,#4927,.F.);
#3115=ORIENTED_EDGE('',*,*,#4790,.T.);
#3116=ORIENTED_EDGE('',*,*,#4928,.T.);
#3117=ORIENTED_EDGE('',*,*,#4929,.T.);
#3118=ORIENTED_EDGE('',*,*,#4930,.F.);
#3119=ORIENTED_EDGE('',*,*,#4791,.F.);
#3120=ORIENTED_EDGE('',*,*,#4927,.T.);
#3121=ORIENTED_EDGE('',*,*,#4931,.T.);
#3122=ORIENTED_EDGE('',*,*,#4932,.F.);
#3123=ORIENTED_EDGE('',*,*,#4792,.F.);
#3124=ORIENTED_EDGE('',*,*,#4930,.T.);
#3125=ORIENTED_EDGE('',*,*,#4933,.F.);
#3126=ORIENTED_EDGE('',*,*,#4934,.F.);
#3127=ORIENTED_EDGE('',*,*,#4793,.T.);
#3128=ORIENTED_EDGE('',*,*,#4932,.T.);
#3129=ORIENTED_EDGE('',*,*,#4935,.F.);
#3130=ORIENTED_EDGE('',*,*,#4936,.F.);
#3131=ORIENTED_EDGE('',*,*,#4794,.T.);
#3132=ORIENTED_EDGE('',*,*,#4934,.T.);
#3133=ORIENTED_EDGE('',*,*,#4937,.T.);
#3134=ORIENTED_EDGE('',*,*,#4938,.F.);
#3135=ORIENTED_EDGE('',*,*,#4795,.F.);
#3136=ORIENTED_EDGE('',*,*,#4936,.T.);
#3137=ORIENTED_EDGE('',*,*,#4939,.F.);
#3138=ORIENTED_EDGE('',*,*,#4940,.F.);
#3139=ORIENTED_EDGE('',*,*,#4941,.F.);
#3140=ORIENTED_EDGE('',*,*,#4942,.F.);
#3141=ORIENTED_EDGE('',*,*,#4943,.F.);
#3142=ORIENTED_EDGE('',*,*,#4944,.F.);
#3143=ORIENTED_EDGE('',*,*,#4796,.T.);
#3144=ORIENTED_EDGE('',*,*,#4938,.T.);
#3145=ORIENTED_EDGE('',*,*,#4945,.F.);
#3146=ORIENTED_EDGE('',*,*,#4946,.F.);
#3147=ORIENTED_EDGE('',*,*,#4797,.T.);
#3148=ORIENTED_EDGE('',*,*,#4944,.T.);
#3149=ORIENTED_EDGE('',*,*,#4947,.T.);
#3150=ORIENTED_EDGE('',*,*,#4948,.F.);
#3151=ORIENTED_EDGE('',*,*,#4798,.F.);
#3152=ORIENTED_EDGE('',*,*,#4946,.T.);
#3153=ORIENTED_EDGE('',*,*,#4949,.T.);
#3154=ORIENTED_EDGE('',*,*,#4950,.F.);
#3155=ORIENTED_EDGE('',*,*,#4799,.F.);
#3156=ORIENTED_EDGE('',*,*,#4948,.T.);
#3157=ORIENTED_EDGE('',*,*,#4951,.F.);
#3158=ORIENTED_EDGE('',*,*,#4952,.F.);
#3159=ORIENTED_EDGE('',*,*,#4800,.T.);
#3160=ORIENTED_EDGE('',*,*,#4950,.T.);
#3161=ORIENTED_EDGE('',*,*,#4953,.F.);
#3162=ORIENTED_EDGE('',*,*,#4954,.F.);
#3163=ORIENTED_EDGE('',*,*,#4801,.T.);
#3164=ORIENTED_EDGE('',*,*,#4952,.T.);
#3165=ORIENTED_EDGE('',*,*,#4955,.T.);
#3166=ORIENTED_EDGE('',*,*,#4956,.F.);
#3167=ORIENTED_EDGE('',*,*,#4802,.F.);
#3168=ORIENTED_EDGE('',*,*,#4954,.T.);
#3169=ORIENTED_EDGE('',*,*,#4957,.T.);
#3170=ORIENTED_EDGE('',*,*,#4958,.F.);
#3171=ORIENTED_EDGE('',*,*,#4803,.F.);
#3172=ORIENTED_EDGE('',*,*,#4956,.T.);
#3173=ORIENTED_EDGE('',*,*,#4959,.F.);
#3174=ORIENTED_EDGE('',*,*,#4960,.F.);
#3175=ORIENTED_EDGE('',*,*,#4804,.T.);
#3176=ORIENTED_EDGE('',*,*,#4958,.T.);
#3177=ORIENTED_EDGE('',*,*,#4961,.F.);
#3178=ORIENTED_EDGE('',*,*,#4962,.F.);
#3179=ORIENTED_EDGE('',*,*,#4805,.T.);
#3180=ORIENTED_EDGE('',*,*,#4960,.T.);
#3181=ORIENTED_EDGE('',*,*,#4963,.T.);
#3182=ORIENTED_EDGE('',*,*,#4964,.F.);
#3183=ORIENTED_EDGE('',*,*,#4806,.F.);
#3184=ORIENTED_EDGE('',*,*,#4962,.T.);
#3185=ORIENTED_EDGE('',*,*,#4965,.T.);
#3186=ORIENTED_EDGE('',*,*,#4966,.F.);
#3187=ORIENTED_EDGE('',*,*,#4807,.F.);
#3188=ORIENTED_EDGE('',*,*,#4964,.T.);
#3189=ORIENTED_EDGE('',*,*,#4967,.F.);
#3190=ORIENTED_EDGE('',*,*,#4968,.F.);
#3191=ORIENTED_EDGE('',*,*,#4808,.T.);
#3192=ORIENTED_EDGE('',*,*,#4966,.T.);
#3193=ORIENTED_EDGE('',*,*,#4969,.F.);
#3194=ORIENTED_EDGE('',*,*,#4970,.F.);
#3195=ORIENTED_EDGE('',*,*,#4809,.T.);
#3196=ORIENTED_EDGE('',*,*,#4968,.T.);
#3197=ORIENTED_EDGE('',*,*,#4971,.T.);
#3198=ORIENTED_EDGE('',*,*,#4972,.F.);
#3199=ORIENTED_EDGE('',*,*,#4810,.F.);
#3200=ORIENTED_EDGE('',*,*,#4970,.T.);
#3201=ORIENTED_EDGE('',*,*,#4973,.T.);
#3202=ORIENTED_EDGE('',*,*,#4974,.F.);
#3203=ORIENTED_EDGE('',*,*,#4811,.F.);
#3204=ORIENTED_EDGE('',*,*,#4972,.T.);
#3205=ORIENTED_EDGE('',*,*,#4975,.F.);
#3206=ORIENTED_EDGE('',*,*,#4976,.F.);
#3207=ORIENTED_EDGE('',*,*,#4812,.T.);
#3208=ORIENTED_EDGE('',*,*,#4974,.T.);
#3209=ORIENTED_EDGE('',*,*,#4977,.F.);
#3210=ORIENTED_EDGE('',*,*,#4978,.F.);
#3211=ORIENTED_EDGE('',*,*,#4813,.T.);
#3212=ORIENTED_EDGE('',*,*,#4976,.T.);
#3213=ORIENTED_EDGE('',*,*,#4979,.T.);
#3214=ORIENTED_EDGE('',*,*,#4980,.F.);
#3215=ORIENTED_EDGE('',*,*,#4814,.F.);
#3216=ORIENTED_EDGE('',*,*,#4978,.T.);
#3217=ORIENTED_EDGE('',*,*,#4981,.F.);
#3218=ORIENTED_EDGE('',*,*,#4982,.F.);
#3219=ORIENTED_EDGE('',*,*,#4815,.T.);
#3220=ORIENTED_EDGE('',*,*,#4980,.T.);
#3221=ORIENTED_EDGE('',*,*,#4983,.F.);
#3222=ORIENTED_EDGE('',*,*,#4984,.F.);
#3223=ORIENTED_EDGE('',*,*,#4816,.T.);
#3224=ORIENTED_EDGE('',*,*,#4982,.T.);
#3225=ORIENTED_EDGE('',*,*,#4985,.F.);
#3226=ORIENTED_EDGE('',*,*,#4986,.F.);
#3227=ORIENTED_EDGE('',*,*,#4817,.T.);
#3228=ORIENTED_EDGE('',*,*,#4984,.T.);
#3229=ORIENTED_EDGE('',*,*,#4987,.T.);
#3230=ORIENTED_EDGE('',*,*,#4988,.F.);
#3231=ORIENTED_EDGE('',*,*,#4818,.F.);
#3232=ORIENTED_EDGE('',*,*,#4986,.T.);
#3233=ORIENTED_EDGE('',*,*,#4989,.F.);
#3234=ORIENTED_EDGE('',*,*,#4990,.F.);
#3235=ORIENTED_EDGE('',*,*,#4819,.T.);
#3236=ORIENTED_EDGE('',*,*,#4988,.T.);
#3237=ORIENTED_EDGE('',*,*,#4991,.F.);
#3238=ORIENTED_EDGE('',*,*,#4992,.F.);
#3239=ORIENTED_EDGE('',*,*,#4820,.T.);
#3240=ORIENTED_EDGE('',*,*,#4990,.T.);
#3241=ORIENTED_EDGE('',*,*,#4993,.F.);
#3242=ORIENTED_EDGE('',*,*,#4994,.F.);
#3243=ORIENTED_EDGE('',*,*,#4821,.T.);
#3244=ORIENTED_EDGE('',*,*,#4992,.T.);
#3245=ORIENTED_EDGE('',*,*,#4995,.T.);
#3246=ORIENTED_EDGE('',*,*,#4996,.F.);
#3247=ORIENTED_EDGE('',*,*,#4822,.F.);
#3248=ORIENTED_EDGE('',*,*,#4994,.T.);
#3249=ORIENTED_EDGE('',*,*,#4997,.F.);
#3250=ORIENTED_EDGE('',*,*,#4998,.F.);
#3251=ORIENTED_EDGE('',*,*,#4823,.T.);
#3252=ORIENTED_EDGE('',*,*,#4996,.T.);
#3253=ORIENTED_EDGE('',*,*,#4999,.F.);
#3254=ORIENTED_EDGE('',*,*,#5000,.F.);
#3255=ORIENTED_EDGE('',*,*,#4824,.T.);
#3256=ORIENTED_EDGE('',*,*,#4998,.T.);
#3257=ORIENTED_EDGE('',*,*,#5001,.F.);
#3258=ORIENTED_EDGE('',*,*,#5002,.F.);
#3259=ORIENTED_EDGE('',*,*,#4825,.T.);
#3260=ORIENTED_EDGE('',*,*,#5000,.T.);
#3261=ORIENTED_EDGE('',*,*,#5003,.T.);
#3262=ORIENTED_EDGE('',*,*,#5004,.F.);
#3263=ORIENTED_EDGE('',*,*,#4826,.F.);
#3264=ORIENTED_EDGE('',*,*,#5002,.T.);
#3265=ORIENTED_EDGE('',*,*,#5005,.F.);
#3266=ORIENTED_EDGE('',*,*,#5006,.F.);
#3267=ORIENTED_EDGE('',*,*,#4827,.T.);
#3268=ORIENTED_EDGE('',*,*,#5004,.T.);
#3269=ORIENTED_EDGE('',*,*,#5007,.F.);
#3270=ORIENTED_EDGE('',*,*,#5008,.F.);
#3271=ORIENTED_EDGE('',*,*,#4828,.T.);
#3272=ORIENTED_EDGE('',*,*,#5006,.T.);
#3273=ORIENTED_EDGE('',*,*,#5009,.F.);
#3274=ORIENTED_EDGE('',*,*,#5010,.F.);
#3275=ORIENTED_EDGE('',*,*,#4829,.T.);
#3276=ORIENTED_EDGE('',*,*,#5008,.T.);
#3277=ORIENTED_EDGE('',*,*,#5011,.T.);
#3278=ORIENTED_EDGE('',*,*,#5012,.F.);
#3279=ORIENTED_EDGE('',*,*,#4830,.F.);
#3280=ORIENTED_EDGE('',*,*,#5010,.T.);
#3281=ORIENTED_EDGE('',*,*,#5013,.T.);
#3282=ORIENTED_EDGE('',*,*,#5014,.F.);
#3283=ORIENTED_EDGE('',*,*,#4831,.F.);
#3284=ORIENTED_EDGE('',*,*,#5012,.T.);
#3285=ORIENTED_EDGE('',*,*,#5015,.T.);
#3286=ORIENTED_EDGE('',*,*,#5016,.F.);
#3287=ORIENTED_EDGE('',*,*,#4832,.F.);
#3288=ORIENTED_EDGE('',*,*,#5014,.T.);
#3289=ORIENTED_EDGE('',*,*,#5017,.F.);
#3290=ORIENTED_EDGE('',*,*,#5018,.F.);
#3291=ORIENTED_EDGE('',*,*,#4833,.T.);
#3292=ORIENTED_EDGE('',*,*,#5016,.T.);
#3293=ORIENTED_EDGE('',*,*,#5019,.T.);
#3294=ORIENTED_EDGE('',*,*,#5020,.F.);
#3295=ORIENTED_EDGE('',*,*,#4834,.F.);
#3296=ORIENTED_EDGE('',*,*,#5018,.T.);
#3297=ORIENTED_EDGE('',*,*,#5021,.T.);
#3298=ORIENTED_EDGE('',*,*,#5022,.F.);
#3299=ORIENTED_EDGE('',*,*,#4835,.F.);
#3300=ORIENTED_EDGE('',*,*,#5020,.T.);
#3301=ORIENTED_EDGE('',*,*,#5023,.T.);
#3302=ORIENTED_EDGE('',*,*,#5024,.F.);
#3303=ORIENTED_EDGE('',*,*,#4836,.F.);
#3304=ORIENTED_EDGE('',*,*,#5022,.T.);
#3305=ORIENTED_EDGE('',*,*,#5025,.F.);
#3306=ORIENTED_EDGE('',*,*,#5026,.F.);
#3307=ORIENTED_EDGE('',*,*,#4837,.T.);
#3308=ORIENTED_EDGE('',*,*,#5024,.T.);
#3309=ORIENTED_EDGE('',*,*,#5027,.T.);
#3310=ORIENTED_EDGE('',*,*,#5028,.F.);
#3311=ORIENTED_EDGE('',*,*,#4838,.F.);
#3312=ORIENTED_EDGE('',*,*,#5026,.T.);
#3313=ORIENTED_EDGE('',*,*,#5029,.T.);
#3314=ORIENTED_EDGE('',*,*,#5030,.F.);
#3315=ORIENTED_EDGE('',*,*,#4839,.F.);
#3316=ORIENTED_EDGE('',*,*,#5028,.T.);
#3317=ORIENTED_EDGE('',*,*,#5031,.T.);
#3318=ORIENTED_EDGE('',*,*,#5032,.F.);
#3319=ORIENTED_EDGE('',*,*,#4840,.F.);
#3320=ORIENTED_EDGE('',*,*,#5030,.T.);
#3321=ORIENTED_EDGE('',*,*,#5033,.F.);
#3322=ORIENTED_EDGE('',*,*,#5034,.F.);
#3323=ORIENTED_EDGE('',*,*,#4841,.T.);
#3324=ORIENTED_EDGE('',*,*,#5032,.T.);
#3325=ORIENTED_EDGE('',*,*,#5035,.T.);
#3326=ORIENTED_EDGE('',*,*,#5036,.F.);
#3327=ORIENTED_EDGE('',*,*,#4842,.F.);
#3328=ORIENTED_EDGE('',*,*,#5034,.T.);
#3329=ORIENTED_EDGE('',*,*,#5037,.T.);
#3330=ORIENTED_EDGE('',*,*,#5038,.F.);
#3331=ORIENTED_EDGE('',*,*,#4843,.F.);
#3332=ORIENTED_EDGE('',*,*,#5036,.T.);
#3333=ORIENTED_EDGE('',*,*,#5039,.T.);
#3334=ORIENTED_EDGE('',*,*,#5040,.F.);
#3335=ORIENTED_EDGE('',*,*,#4844,.F.);
#3336=ORIENTED_EDGE('',*,*,#5038,.T.);
#3337=ORIENTED_EDGE('',*,*,#5041,.F.);
#3338=ORIENTED_EDGE('',*,*,#5042,.F.);
#3339=ORIENTED_EDGE('',*,*,#4845,.T.);
#3340=ORIENTED_EDGE('',*,*,#5040,.T.);
#3341=ORIENTED_EDGE('',*,*,#5043,.T.);
#3342=ORIENTED_EDGE('',*,*,#5044,.F.);
#3343=ORIENTED_EDGE('',*,*,#4846,.F.);
#3344=ORIENTED_EDGE('',*,*,#5042,.T.);
#3345=ORIENTED_EDGE('',*,*,#5045,.T.);
#3346=ORIENTED_EDGE('',*,*,#5046,.F.);
#3347=ORIENTED_EDGE('',*,*,#4847,.F.);
#3348=ORIENTED_EDGE('',*,*,#5044,.T.);
#3349=ORIENTED_EDGE('',*,*,#5047,.F.);
#3350=ORIENTED_EDGE('',*,*,#5048,.F.);
#3351=ORIENTED_EDGE('',*,*,#4848,.T.);
#3352=ORIENTED_EDGE('',*,*,#5046,.T.);
#3353=ORIENTED_EDGE('',*,*,#5049,.F.);
#3354=ORIENTED_EDGE('',*,*,#5050,.F.);
#3355=ORIENTED_EDGE('',*,*,#4849,.T.);
#3356=ORIENTED_EDGE('',*,*,#5048,.T.);
#3357=ORIENTED_EDGE('',*,*,#5051,.T.);
#3358=ORIENTED_EDGE('',*,*,#5052,.F.);
#3359=ORIENTED_EDGE('',*,*,#4850,.F.);
#3360=ORIENTED_EDGE('',*,*,#5050,.T.);
#3361=ORIENTED_EDGE('',*,*,#5053,.T.);
#3362=ORIENTED_EDGE('',*,*,#5054,.F.);
#3363=ORIENTED_EDGE('',*,*,#4851,.F.);
#3364=ORIENTED_EDGE('',*,*,#5052,.T.);
#3365=ORIENTED_EDGE('',*,*,#5055,.F.);
#3366=ORIENTED_EDGE('',*,*,#5056,.F.);
#3367=ORIENTED_EDGE('',*,*,#4852,.T.);
#3368=ORIENTED_EDGE('',*,*,#5054,.T.);
#3369=ORIENTED_EDGE('',*,*,#5057,.F.);
#3370=ORIENTED_EDGE('',*,*,#5058,.F.);
#3371=ORIENTED_EDGE('',*,*,#4853,.T.);
#3372=ORIENTED_EDGE('',*,*,#5056,.T.);
#3373=ORIENTED_EDGE('',*,*,#5059,.T.);
#3374=ORIENTED_EDGE('',*,*,#5060,.F.);
#3375=ORIENTED_EDGE('',*,*,#4854,.F.);
#3376=ORIENTED_EDGE('',*,*,#5058,.T.);
#3377=ORIENTED_EDGE('',*,*,#5061,.T.);
#3378=ORIENTED_EDGE('',*,*,#5062,.F.);
#3379=ORIENTED_EDGE('',*,*,#4855,.F.);
#3380=ORIENTED_EDGE('',*,*,#5060,.T.);
#3381=ORIENTED_EDGE('',*,*,#5063,.F.);
#3382=ORIENTED_EDGE('',*,*,#5064,.F.);
#3383=ORIENTED_EDGE('',*,*,#4856,.T.);
#3384=ORIENTED_EDGE('',*,*,#5062,.T.);
#3385=ORIENTED_EDGE('',*,*,#5065,.F.);
#3386=ORIENTED_EDGE('',*,*,#5066,.F.);
#3387=ORIENTED_EDGE('',*,*,#4857,.T.);
#3388=ORIENTED_EDGE('',*,*,#5064,.T.);
#3389=ORIENTED_EDGE('',*,*,#5067,.T.);
#3390=ORIENTED_EDGE('',*,*,#5068,.F.);
#3391=ORIENTED_EDGE('',*,*,#4858,.F.);
#3392=ORIENTED_EDGE('',*,*,#5066,.T.);
#3393=ORIENTED_EDGE('',*,*,#5069,.T.);
#3394=ORIENTED_EDGE('',*,*,#5070,.F.);
#3395=ORIENTED_EDGE('',*,*,#4859,.F.);
#3396=ORIENTED_EDGE('',*,*,#5068,.T.);
#3397=ORIENTED_EDGE('',*,*,#5071,.F.);
#3398=ORIENTED_EDGE('',*,*,#5072,.F.);
#3399=ORIENTED_EDGE('',*,*,#4860,.T.);
#3400=ORIENTED_EDGE('',*,*,#5070,.T.);
#3401=ORIENTED_EDGE('',*,*,#5073,.F.);
#3402=ORIENTED_EDGE('',*,*,#5074,.F.);
#3403=ORIENTED_EDGE('',*,*,#4861,.T.);
#3404=ORIENTED_EDGE('',*,*,#5072,.T.);
#3405=ORIENTED_EDGE('',*,*,#5075,.T.);
#3406=ORIENTED_EDGE('',*,*,#5076,.F.);
#3407=ORIENTED_EDGE('',*,*,#4862,.F.);
#3408=ORIENTED_EDGE('',*,*,#5074,.T.);
#3409=ORIENTED_EDGE('',*,*,#5077,.T.);
#3410=ORIENTED_EDGE('',*,*,#5078,.F.);
#3411=ORIENTED_EDGE('',*,*,#4863,.F.);
#3412=ORIENTED_EDGE('',*,*,#5076,.T.);
#3413=ORIENTED_EDGE('',*,*,#5079,.T.);
#3414=ORIENTED_EDGE('',*,*,#5080,.F.);
#3415=ORIENTED_EDGE('',*,*,#4864,.F.);
#3416=ORIENTED_EDGE('',*,*,#5078,.T.);
#3417=ORIENTED_EDGE('',*,*,#5081,.T.);
#3418=ORIENTED_EDGE('',*,*,#5082,.F.);
#3419=ORIENTED_EDGE('',*,*,#4865,.F.);
#3420=ORIENTED_EDGE('',*,*,#5080,.T.);
#3421=ORIENTED_EDGE('',*,*,#5083,.F.);
#3422=ORIENTED_EDGE('',*,*,#5084,.F.);
#3423=ORIENTED_EDGE('',*,*,#4866,.T.);
#3424=ORIENTED_EDGE('',*,*,#5082,.T.);
#3425=ORIENTED_EDGE('',*,*,#5085,.T.);
#3426=ORIENTED_EDGE('',*,*,#5086,.F.);
#3427=ORIENTED_EDGE('',*,*,#4867,.F.);
#3428=ORIENTED_EDGE('',*,*,#5084,.T.);
#3429=ORIENTED_EDGE('',*,*,#5087,.T.);
#3430=ORIENTED_EDGE('',*,*,#5088,.F.);
#3431=ORIENTED_EDGE('',*,*,#4868,.F.);
#3432=ORIENTED_EDGE('',*,*,#5086,.T.);
#3433=ORIENTED_EDGE('',*,*,#5089,.T.);
#3434=ORIENTED_EDGE('',*,*,#5090,.F.);
#3435=ORIENTED_EDGE('',*,*,#4869,.F.);
#3436=ORIENTED_EDGE('',*,*,#5088,.T.);
#3437=ORIENTED_EDGE('',*,*,#5091,.F.);
#3438=ORIENTED_EDGE('',*,*,#5092,.F.);
#3439=ORIENTED_EDGE('',*,*,#4870,.T.);
#3440=ORIENTED_EDGE('',*,*,#5090,.T.);
#3441=ORIENTED_EDGE('',*,*,#5093,.T.);
#3442=ORIENTED_EDGE('',*,*,#5094,.F.);
#3443=ORIENTED_EDGE('',*,*,#4871,.F.);
#3444=ORIENTED_EDGE('',*,*,#5092,.T.);
#3445=ORIENTED_EDGE('',*,*,#5095,.T.);
#3446=ORIENTED_EDGE('',*,*,#5096,.F.);
#3447=ORIENTED_EDGE('',*,*,#4872,.F.);
#3448=ORIENTED_EDGE('',*,*,#5094,.T.);
#3449=ORIENTED_EDGE('',*,*,#5097,.T.);
#3450=ORIENTED_EDGE('',*,*,#5098,.F.);
#3451=ORIENTED_EDGE('',*,*,#4873,.F.);
#3452=ORIENTED_EDGE('',*,*,#5096,.T.);
#3453=ORIENTED_EDGE('',*,*,#5099,.F.);
#3454=ORIENTED_EDGE('',*,*,#5100,.F.);
#3455=ORIENTED_EDGE('',*,*,#4874,.T.);
#3456=ORIENTED_EDGE('',*,*,#5098,.T.);
#3457=ORIENTED_EDGE('',*,*,#5101,.T.);
#3458=ORIENTED_EDGE('',*,*,#5102,.F.);
#3459=ORIENTED_EDGE('',*,*,#4875,.F.);
#3460=ORIENTED_EDGE('',*,*,#5100,.T.);
#3461=ORIENTED_EDGE('',*,*,#5103,.T.);
#3462=ORIENTED_EDGE('',*,*,#5104,.F.);
#3463=ORIENTED_EDGE('',*,*,#4876,.F.);
#3464=ORIENTED_EDGE('',*,*,#5102,.T.);
#3465=ORIENTED_EDGE('',*,*,#5105,.T.);
#3466=ORIENTED_EDGE('',*,*,#5106,.F.);
#3467=ORIENTED_EDGE('',*,*,#4877,.F.);
#3468=ORIENTED_EDGE('',*,*,#5104,.T.);
#3469=ORIENTED_EDGE('',*,*,#5107,.F.);
#3470=ORIENTED_EDGE('',*,*,#5108,.F.);
#3471=ORIENTED_EDGE('',*,*,#4878,.T.);
#3472=ORIENTED_EDGE('',*,*,#5106,.T.);
#3473=ORIENTED_EDGE('',*,*,#5109,.T.);
#3474=ORIENTED_EDGE('',*,*,#5110,.F.);
#3475=ORIENTED_EDGE('',*,*,#4879,.F.);
#3476=ORIENTED_EDGE('',*,*,#5108,.T.);
#3477=ORIENTED_EDGE('',*,*,#5111,.T.);
#3478=ORIENTED_EDGE('',*,*,#5112,.F.);
#3479=ORIENTED_EDGE('',*,*,#4880,.F.);
#3480=ORIENTED_EDGE('',*,*,#5110,.T.);
#3481=ORIENTED_EDGE('',*,*,#5113,.F.);
#3482=ORIENTED_EDGE('',*,*,#5114,.F.);
#3483=ORIENTED_EDGE('',*,*,#4881,.T.);
#3484=ORIENTED_EDGE('',*,*,#5112,.T.);
#3485=ORIENTED_EDGE('',*,*,#5115,.F.);
#3486=ORIENTED_EDGE('',*,*,#5116,.F.);
#3487=ORIENTED_EDGE('',*,*,#4882,.T.);
#3488=ORIENTED_EDGE('',*,*,#5114,.T.);
#3489=ORIENTED_EDGE('',*,*,#5117,.T.);
#3490=ORIENTED_EDGE('',*,*,#5118,.F.);
#3491=ORIENTED_EDGE('',*,*,#4883,.F.);
#3492=ORIENTED_EDGE('',*,*,#5116,.T.);
#3493=ORIENTED_EDGE('',*,*,#5119,.T.);
#3494=ORIENTED_EDGE('',*,*,#5120,.F.);
#3495=ORIENTED_EDGE('',*,*,#4884,.F.);
#3496=ORIENTED_EDGE('',*,*,#5118,.T.);
#3497=ORIENTED_EDGE('',*,*,#5121,.F.);
#3498=ORIENTED_EDGE('',*,*,#5122,.F.);
#3499=ORIENTED_EDGE('',*,*,#4885,.T.);
#3500=ORIENTED_EDGE('',*,*,#5120,.T.);
#3501=ORIENTED_EDGE('',*,*,#5123,.F.);
#3502=ORIENTED_EDGE('',*,*,#5124,.F.);
#3503=ORIENTED_EDGE('',*,*,#4886,.T.);
#3504=ORIENTED_EDGE('',*,*,#5122,.T.);
#3505=ORIENTED_EDGE('',*,*,#5125,.T.);
#3506=ORIENTED_EDGE('',*,*,#5126,.F.);
#3507=ORIENTED_EDGE('',*,*,#4887,.F.);
#3508=ORIENTED_EDGE('',*,*,#5124,.T.);
#3509=ORIENTED_EDGE('',*,*,#5127,.T.);
#3510=ORIENTED_EDGE('',*,*,#5128,.F.);
#3511=ORIENTED_EDGE('',*,*,#4888,.F.);
#3512=ORIENTED_EDGE('',*,*,#5126,.T.);
#3513=ORIENTED_EDGE('',*,*,#5129,.T.);
#3514=ORIENTED_EDGE('',*,*,#5130,.F.);
#3515=ORIENTED_EDGE('',*,*,#5131,.F.);
#3516=ORIENTED_EDGE('',*,*,#5132,.T.);
#3517=ORIENTED_EDGE('',*,*,#5133,.T.);
#3518=ORIENTED_EDGE('',*,*,#5134,.F.);
#3519=ORIENTED_EDGE('',*,*,#5135,.F.);
#3520=ORIENTED_EDGE('',*,*,#5130,.T.);
#3521=ORIENTED_EDGE('',*,*,#5136,.F.);
#3522=ORIENTED_EDGE('',*,*,#5137,.F.);
#3523=ORIENTED_EDGE('',*,*,#5138,.T.);
#3524=ORIENTED_EDGE('',*,*,#5134,.T.);
#3525=ORIENTED_EDGE('',*,*,#5139,.T.);
#3526=ORIENTED_EDGE('',*,*,#5140,.F.);
#3527=ORIENTED_EDGE('',*,*,#5141,.F.);
#3528=ORIENTED_EDGE('',*,*,#5137,.T.);
#3529=ORIENTED_EDGE('',*,*,#5142,.T.);
#3530=ORIENTED_EDGE('',*,*,#5143,.F.);
#3531=ORIENTED_EDGE('',*,*,#5144,.F.);
#3532=ORIENTED_EDGE('',*,*,#5140,.T.);
#3533=ORIENTED_EDGE('',*,*,#5145,.T.);
#3534=ORIENTED_EDGE('',*,*,#5146,.F.);
#3535=ORIENTED_EDGE('',*,*,#5147,.F.);
#3536=ORIENTED_EDGE('',*,*,#5143,.T.);
#3537=ORIENTED_EDGE('',*,*,#5148,.F.);
#3538=ORIENTED_EDGE('',*,*,#5149,.F.);
#3539=ORIENTED_EDGE('',*,*,#5150,.T.);
#3540=ORIENTED_EDGE('',*,*,#5146,.T.);
#3541=ORIENTED_EDGE('',*,*,#5151,.F.);
#3542=ORIENTED_EDGE('',*,*,#5152,.F.);
#3543=ORIENTED_EDGE('',*,*,#5153,.T.);
#3544=ORIENTED_EDGE('',*,*,#5149,.T.);
#3545=ORIENTED_EDGE('',*,*,#5154,.T.);
#3546=ORIENTED_EDGE('',*,*,#5155,.F.);
#3547=ORIENTED_EDGE('',*,*,#5156,.F.);
#3548=ORIENTED_EDGE('',*,*,#5152,.T.);
#3549=ORIENTED_EDGE('',*,*,#5157,.T.);
#3550=ORIENTED_EDGE('',*,*,#5158,.F.);
#3551=ORIENTED_EDGE('',*,*,#5159,.F.);
#3552=ORIENTED_EDGE('',*,*,#5160,.T.);
#3553=ORIENTED_EDGE('',*,*,#5161,.T.);
#3554=ORIENTED_EDGE('',*,*,#5162,.F.);
#3555=ORIENTED_EDGE('',*,*,#5163,.F.);
#3556=ORIENTED_EDGE('',*,*,#5158,.T.);
#3557=ORIENTED_EDGE('',*,*,#5164,.F.);
#3558=ORIENTED_EDGE('',*,*,#5165,.F.);
#3559=ORIENTED_EDGE('',*,*,#5166,.T.);
#3560=ORIENTED_EDGE('',*,*,#5162,.T.);
#3561=ORIENTED_EDGE('',*,*,#5167,.T.);
#3562=ORIENTED_EDGE('',*,*,#5168,.F.);
#3563=ORIENTED_EDGE('',*,*,#5169,.F.);
#3564=ORIENTED_EDGE('',*,*,#5165,.T.);
#3565=ORIENTED_EDGE('',*,*,#5170,.T.);
#3566=ORIENTED_EDGE('',*,*,#5171,.F.);
#3567=ORIENTED_EDGE('',*,*,#5172,.F.);
#3568=ORIENTED_EDGE('',*,*,#5168,.T.);
#3569=ORIENTED_EDGE('',*,*,#5173,.T.);
#3570=ORIENTED_EDGE('',*,*,#5174,.F.);
#3571=ORIENTED_EDGE('',*,*,#5175,.F.);
#3572=ORIENTED_EDGE('',*,*,#5171,.T.);
#3573=ORIENTED_EDGE('',*,*,#5176,.F.);
#3574=ORIENTED_EDGE('',*,*,#5177,.F.);
#3575=ORIENTED_EDGE('',*,*,#5178,.T.);
#3576=ORIENTED_EDGE('',*,*,#5174,.T.);
#3577=ORIENTED_EDGE('',*,*,#5179,.F.);
#3578=ORIENTED_EDGE('',*,*,#5180,.F.);
#3579=ORIENTED_EDGE('',*,*,#5181,.T.);
#3580=ORIENTED_EDGE('',*,*,#5177,.T.);
#3581=ORIENTED_EDGE('',*,*,#5182,.T.);
#3582=ORIENTED_EDGE('',*,*,#5183,.F.);
#3583=ORIENTED_EDGE('',*,*,#5184,.F.);
#3584=ORIENTED_EDGE('',*,*,#5180,.T.);
#3585=ORIENTED_EDGE('',*,*,#5185,.T.);
#3586=ORIENTED_EDGE('',*,*,#5186,.F.);
#3587=ORIENTED_EDGE('',*,*,#5187,.F.);
#3588=ORIENTED_EDGE('',*,*,#5188,.T.);
#3589=ORIENTED_EDGE('',*,*,#5189,.T.);
#3590=ORIENTED_EDGE('',*,*,#5190,.F.);
#3591=ORIENTED_EDGE('',*,*,#5191,.F.);
#3592=ORIENTED_EDGE('',*,*,#5186,.T.);
#3593=ORIENTED_EDGE('',*,*,#5192,.F.);
#3594=ORIENTED_EDGE('',*,*,#5193,.F.);
#3595=ORIENTED_EDGE('',*,*,#5194,.T.);
#3596=ORIENTED_EDGE('',*,*,#5190,.T.);
#3597=ORIENTED_EDGE('',*,*,#5195,.F.);
#3598=ORIENTED_EDGE('',*,*,#5196,.F.);
#3599=ORIENTED_EDGE('',*,*,#5197,.T.);
#3600=ORIENTED_EDGE('',*,*,#5193,.T.);
#3601=ORIENTED_EDGE('',*,*,#5198,.T.);
#3602=ORIENTED_EDGE('',*,*,#5199,.F.);
#3603=ORIENTED_EDGE('',*,*,#5200,.F.);
#3604=ORIENTED_EDGE('',*,*,#5196,.T.);
#3605=ORIENTED_EDGE('',*,*,#5201,.T.);
#3606=ORIENTED_EDGE('',*,*,#5202,.F.);
#3607=ORIENTED_EDGE('',*,*,#5203,.F.);
#3608=ORIENTED_EDGE('',*,*,#5199,.T.);
#3609=ORIENTED_EDGE('',*,*,#5204,.F.);
#3610=ORIENTED_EDGE('',*,*,#5205,.F.);
#3611=ORIENTED_EDGE('',*,*,#5206,.T.);
#3612=ORIENTED_EDGE('',*,*,#5202,.T.);
#3613=ORIENTED_EDGE('',*,*,#5207,.F.);
#3614=ORIENTED_EDGE('',*,*,#5208,.F.);
#3615=ORIENTED_EDGE('',*,*,#5209,.T.);
#3616=ORIENTED_EDGE('',*,*,#5205,.T.);
#3617=ORIENTED_EDGE('',*,*,#5210,.T.);
#3618=ORIENTED_EDGE('',*,*,#5211,.F.);
#3619=ORIENTED_EDGE('',*,*,#5212,.F.);
#3620=ORIENTED_EDGE('',*,*,#5208,.T.);
#3621=ORIENTED_EDGE('',*,*,#5213,.T.);
#3622=ORIENTED_EDGE('',*,*,#4901,.F.);
#3623=ORIENTED_EDGE('',*,*,#5214,.F.);
#3624=ORIENTED_EDGE('',*,*,#4924,.T.);
#3625=ORIENTED_EDGE('',*,*,#5215,.F.);
#3626=ORIENTED_EDGE('',*,*,#4928,.F.);
#3627=ORIENTED_EDGE('',*,*,#4889,.T.);
#3628=ORIENTED_EDGE('',*,*,#5128,.T.);
#3629=ORIENTED_EDGE('',*,*,#5216,.F.);
#3630=ORIENTED_EDGE('',*,*,#5132,.F.);
#3631=ORIENTED_EDGE('',*,*,#5217,.T.);
#3632=ORIENTED_EDGE('',*,*,#5155,.T.);
#3633=ORIENTED_EDGE('',*,*,#5218,.T.);
#3634=ORIENTED_EDGE('',*,*,#5160,.F.);
#3635=ORIENTED_EDGE('',*,*,#5219,.F.);
#3636=ORIENTED_EDGE('',*,*,#5183,.T.);
#3637=ORIENTED_EDGE('',*,*,#5220,.T.);
#3638=ORIENTED_EDGE('',*,*,#5188,.F.);
#3639=ORIENTED_EDGE('',*,*,#5221,.F.);
#3640=ORIENTED_EDGE('',*,*,#5211,.T.);
#3641=ORIENTED_EDGE('',*,*,#5222,.F.);
#3642=ORIENTED_EDGE('',*,*,#5223,.F.);
#3643=ORIENTED_EDGE('',*,*,#5185,.F.);
#3644=ORIENTED_EDGE('',*,*,#5220,.F.);
#3645=ORIENTED_EDGE('',*,*,#5210,.F.);
#3646=ORIENTED_EDGE('',*,*,#5207,.T.);
#3647=ORIENTED_EDGE('',*,*,#5204,.T.);
#3648=ORIENTED_EDGE('',*,*,#5201,.F.);
#3649=ORIENTED_EDGE('',*,*,#5198,.F.);
#3650=ORIENTED_EDGE('',*,*,#5195,.T.);
#3651=ORIENTED_EDGE('',*,*,#5192,.T.);
#3652=ORIENTED_EDGE('',*,*,#5189,.F.);
#3653=ORIENTED_EDGE('',*,*,#5157,.F.);
#3654=ORIENTED_EDGE('',*,*,#5218,.F.);
#3655=ORIENTED_EDGE('',*,*,#5182,.F.);
#3656=ORIENTED_EDGE('',*,*,#5179,.T.);
#3657=ORIENTED_EDGE('',*,*,#5176,.T.);
#3658=ORIENTED_EDGE('',*,*,#5173,.F.);
#3659=ORIENTED_EDGE('',*,*,#5170,.F.);
#3660=ORIENTED_EDGE('',*,*,#5167,.F.);
#3661=ORIENTED_EDGE('',*,*,#5164,.T.);
#3662=ORIENTED_EDGE('',*,*,#5161,.F.);
#3663=ORIENTED_EDGE('',*,*,#5129,.F.);
#3664=ORIENTED_EDGE('',*,*,#5216,.T.);
#3665=ORIENTED_EDGE('',*,*,#5154,.F.);
#3666=ORIENTED_EDGE('',*,*,#5151,.T.);
#3667=ORIENTED_EDGE('',*,*,#5148,.T.);
#3668=ORIENTED_EDGE('',*,*,#5145,.F.);
#3669=ORIENTED_EDGE('',*,*,#5142,.F.);
#3670=ORIENTED_EDGE('',*,*,#5139,.F.);
#3671=ORIENTED_EDGE('',*,*,#5136,.T.);
#3672=ORIENTED_EDGE('',*,*,#5133,.F.);
#3673=ORIENTED_EDGE('',*,*,#4926,.T.);
#3674=ORIENTED_EDGE('',*,*,#5215,.T.);
#3675=ORIENTED_EDGE('',*,*,#5127,.F.);
#3676=ORIENTED_EDGE('',*,*,#5125,.F.);
#3677=ORIENTED_EDGE('',*,*,#5123,.T.);
#3678=ORIENTED_EDGE('',*,*,#5121,.T.);
#3679=ORIENTED_EDGE('',*,*,#5119,.F.);
#3680=ORIENTED_EDGE('',*,*,#5117,.F.);
#3681=ORIENTED_EDGE('',*,*,#5115,.T.);
#3682=ORIENTED_EDGE('',*,*,#5113,.T.);
#3683=ORIENTED_EDGE('',*,*,#5111,.F.);
#3684=ORIENTED_EDGE('',*,*,#5109,.F.);
#3685=ORIENTED_EDGE('',*,*,#5107,.T.);
#3686=ORIENTED_EDGE('',*,*,#5105,.F.);
#3687=ORIENTED_EDGE('',*,*,#5103,.F.);
#3688=ORIENTED_EDGE('',*,*,#5101,.F.);
#3689=ORIENTED_EDGE('',*,*,#5099,.T.);
#3690=ORIENTED_EDGE('',*,*,#5097,.F.);
#3691=ORIENTED_EDGE('',*,*,#5095,.F.);
#3692=ORIENTED_EDGE('',*,*,#5093,.F.);
#3693=ORIENTED_EDGE('',*,*,#5091,.T.);
#3694=ORIENTED_EDGE('',*,*,#5089,.F.);
#3695=ORIENTED_EDGE('',*,*,#5087,.F.);
#3696=ORIENTED_EDGE('',*,*,#5085,.F.);
#3697=ORIENTED_EDGE('',*,*,#5083,.T.);
#3698=ORIENTED_EDGE('',*,*,#5081,.F.);
#3699=ORIENTED_EDGE('',*,*,#5079,.F.);
#3700=ORIENTED_EDGE('',*,*,#5077,.F.);
#3701=ORIENTED_EDGE('',*,*,#5075,.F.);
#3702=ORIENTED_EDGE('',*,*,#5073,.T.);
#3703=ORIENTED_EDGE('',*,*,#5071,.T.);
#3704=ORIENTED_EDGE('',*,*,#5069,.F.);
#3705=ORIENTED_EDGE('',*,*,#5067,.F.);
#3706=ORIENTED_EDGE('',*,*,#5065,.T.);
#3707=ORIENTED_EDGE('',*,*,#5063,.T.);
#3708=ORIENTED_EDGE('',*,*,#5061,.F.);
#3709=ORIENTED_EDGE('',*,*,#5059,.F.);
#3710=ORIENTED_EDGE('',*,*,#5057,.T.);
#3711=ORIENTED_EDGE('',*,*,#5055,.T.);
#3712=ORIENTED_EDGE('',*,*,#5053,.F.);
#3713=ORIENTED_EDGE('',*,*,#5051,.F.);
#3714=ORIENTED_EDGE('',*,*,#5049,.T.);
#3715=ORIENTED_EDGE('',*,*,#5047,.T.);
#3716=ORIENTED_EDGE('',*,*,#5045,.F.);
#3717=ORIENTED_EDGE('',*,*,#5043,.F.);
#3718=ORIENTED_EDGE('',*,*,#5041,.T.);
#3719=ORIENTED_EDGE('',*,*,#5039,.F.);
#3720=ORIENTED_EDGE('',*,*,#5037,.F.);
#3721=ORIENTED_EDGE('',*,*,#5035,.F.);
#3722=ORIENTED_EDGE('',*,*,#5033,.T.);
#3723=ORIENTED_EDGE('',*,*,#5031,.F.);
#3724=ORIENTED_EDGE('',*,*,#5029,.F.);
#3725=ORIENTED_EDGE('',*,*,#5027,.F.);
#3726=ORIENTED_EDGE('',*,*,#5025,.T.);
#3727=ORIENTED_EDGE('',*,*,#5023,.F.);
#3728=ORIENTED_EDGE('',*,*,#5021,.F.);
#3729=ORIENTED_EDGE('',*,*,#5019,.F.);
#3730=ORIENTED_EDGE('',*,*,#5017,.T.);
#3731=ORIENTED_EDGE('',*,*,#5015,.F.);
#3732=ORIENTED_EDGE('',*,*,#5013,.F.);
#3733=ORIENTED_EDGE('',*,*,#5011,.F.);
#3734=ORIENTED_EDGE('',*,*,#5009,.T.);
#3735=ORIENTED_EDGE('',*,*,#5007,.T.);
#3736=ORIENTED_EDGE('',*,*,#5005,.T.);
#3737=ORIENTED_EDGE('',*,*,#5003,.F.);
#3738=ORIENTED_EDGE('',*,*,#5001,.T.);
#3739=ORIENTED_EDGE('',*,*,#4999,.T.);
#3740=ORIENTED_EDGE('',*,*,#4997,.T.);
#3741=ORIENTED_EDGE('',*,*,#4995,.F.);
#3742=ORIENTED_EDGE('',*,*,#4993,.T.);
#3743=ORIENTED_EDGE('',*,*,#4991,.T.);
#3744=ORIENTED_EDGE('',*,*,#4989,.T.);
#3745=ORIENTED_EDGE('',*,*,#4987,.F.);
#3746=ORIENTED_EDGE('',*,*,#4985,.T.);
#3747=ORIENTED_EDGE('',*,*,#4983,.T.);
#3748=ORIENTED_EDGE('',*,*,#4981,.T.);
#3749=ORIENTED_EDGE('',*,*,#4979,.F.);
#3750=ORIENTED_EDGE('',*,*,#4977,.T.);
#3751=ORIENTED_EDGE('',*,*,#4975,.T.);
#3752=ORIENTED_EDGE('',*,*,#4973,.F.);
#3753=ORIENTED_EDGE('',*,*,#4971,.F.);
#3754=ORIENTED_EDGE('',*,*,#4969,.T.);
#3755=ORIENTED_EDGE('',*,*,#4967,.T.);
#3756=ORIENTED_EDGE('',*,*,#4965,.F.);
#3757=ORIENTED_EDGE('',*,*,#4963,.F.);
#3758=ORIENTED_EDGE('',*,*,#4961,.T.);
#3759=ORIENTED_EDGE('',*,*,#4959,.T.);
#3760=ORIENTED_EDGE('',*,*,#4957,.F.);
#3761=ORIENTED_EDGE('',*,*,#4955,.F.);
#3762=ORIENTED_EDGE('',*,*,#4953,.T.);
#3763=ORIENTED_EDGE('',*,*,#4951,.T.);
#3764=ORIENTED_EDGE('',*,*,#4949,.F.);
#3765=ORIENTED_EDGE('',*,*,#4947,.F.);
#3766=ORIENTED_EDGE('',*,*,#4945,.T.);
#3767=ORIENTED_EDGE('',*,*,#4943,.T.);
#3768=ORIENTED_EDGE('',*,*,#4937,.F.);
#3769=ORIENTED_EDGE('',*,*,#4935,.T.);
#3770=ORIENTED_EDGE('',*,*,#4933,.T.);
#3771=ORIENTED_EDGE('',*,*,#4931,.F.);
#3772=ORIENTED_EDGE('',*,*,#4929,.F.);
#3773=ORIENTED_EDGE('',*,*,#4898,.F.);
#3774=ORIENTED_EDGE('',*,*,#5213,.F.);
#3775=ORIENTED_EDGE('',*,*,#4923,.T.);
#3776=ORIENTED_EDGE('',*,*,#4920,.F.);
#3777=ORIENTED_EDGE('',*,*,#4917,.T.);
#3778=ORIENTED_EDGE('',*,*,#4914,.T.);
#3779=ORIENTED_EDGE('',*,*,#4911,.F.);
#3780=ORIENTED_EDGE('',*,*,#4908,.F.);
#3781=ORIENTED_EDGE('',*,*,#4905,.T.);
#3782=ORIENTED_EDGE('',*,*,#4902,.T.);
#3783=ORIENTED_EDGE('',*,*,#5223,.T.);
#3784=ORIENTED_EDGE('',*,*,#4892,.T.);
#3785=ORIENTED_EDGE('',*,*,#5224,.F.);
#3786=ORIENTED_EDGE('',*,*,#4787,.F.);
#3787=ORIENTED_EDGE('',*,*,#4769,.F.);
#3788=ORIENTED_EDGE('',*,*,#5225,.T.);
#3789=ORIENTED_EDGE('',*,*,#4893,.T.);
#3790=ORIENTED_EDGE('',*,*,#5225,.F.);
#3791=ORIENTED_EDGE('',*,*,#4768,.F.);
#3792=ORIENTED_EDGE('',*,*,#5226,.T.);
#3793=ORIENTED_EDGE('',*,*,#4894,.T.);
#3794=ORIENTED_EDGE('',*,*,#5226,.F.);
#3795=ORIENTED_EDGE('',*,*,#4767,.F.);
#3796=ORIENTED_EDGE('',*,*,#4764,.F.);
#3797=ORIENTED_EDGE('',*,*,#5227,.T.);
#3798=ORIENTED_EDGE('',*,*,#4895,.T.);
#3799=ORIENTED_EDGE('',*,*,#5227,.F.);
#3800=ORIENTED_EDGE('',*,*,#4763,.F.);
#3801=ORIENTED_EDGE('',*,*,#5228,.T.);
#3802=ORIENTED_EDGE('',*,*,#4896,.T.);
#3803=ORIENTED_EDGE('',*,*,#5228,.F.);
#3804=ORIENTED_EDGE('',*,*,#4762,.F.);
#3805=ORIENTED_EDGE('',*,*,#4781,.F.);
#3806=ORIENTED_EDGE('',*,*,#5229,.T.);
#3807=ORIENTED_EDGE('',*,*,#4897,.T.);
#3808=ORIENTED_EDGE('',*,*,#5229,.F.);
#3809=ORIENTED_EDGE('',*,*,#4780,.F.);
#3810=ORIENTED_EDGE('',*,*,#5230,.T.);
#3811=ORIENTED_EDGE('',*,*,#4890,.T.);
#3812=ORIENTED_EDGE('',*,*,#5230,.F.);
#3813=ORIENTED_EDGE('',*,*,#4779,.F.);
#3814=ORIENTED_EDGE('',*,*,#4789,.F.);
#3815=ORIENTED_EDGE('',*,*,#5231,.T.);
#3816=ORIENTED_EDGE('',*,*,#4891,.T.);
#3817=ORIENTED_EDGE('',*,*,#5231,.F.);
#3818=ORIENTED_EDGE('',*,*,#4788,.F.);
#3819=ORIENTED_EDGE('',*,*,#5224,.T.);
#3820=ORIENTED_EDGE('',*,*,#5222,.T.);
#3821=ORIENTED_EDGE('',*,*,#5187,.T.);
#3822=ORIENTED_EDGE('',*,*,#5191,.T.);
#3823=ORIENTED_EDGE('',*,*,#5194,.F.);
#3824=ORIENTED_EDGE('',*,*,#5197,.F.);
#3825=ORIENTED_EDGE('',*,*,#5200,.T.);
#3826=ORIENTED_EDGE('',*,*,#5203,.T.);
#3827=ORIENTED_EDGE('',*,*,#5206,.F.);
#3828=ORIENTED_EDGE('',*,*,#5209,.F.);
#3829=ORIENTED_EDGE('',*,*,#5212,.T.);
#3830=ORIENTED_EDGE('',*,*,#5221,.T.);
#3831=ORIENTED_EDGE('',*,*,#5159,.T.);
#3832=ORIENTED_EDGE('',*,*,#5163,.T.);
#3833=ORIENTED_EDGE('',*,*,#5166,.F.);
#3834=ORIENTED_EDGE('',*,*,#5169,.T.);
#3835=ORIENTED_EDGE('',*,*,#5172,.T.);
#3836=ORIENTED_EDGE('',*,*,#5175,.T.);
#3837=ORIENTED_EDGE('',*,*,#5178,.F.);
#3838=ORIENTED_EDGE('',*,*,#5181,.F.);
#3839=ORIENTED_EDGE('',*,*,#5184,.T.);
#3840=ORIENTED_EDGE('',*,*,#5219,.T.);
#3841=ORIENTED_EDGE('',*,*,#5131,.T.);
#3842=ORIENTED_EDGE('',*,*,#5135,.T.);
#3843=ORIENTED_EDGE('',*,*,#5138,.F.);
#3844=ORIENTED_EDGE('',*,*,#5141,.T.);
#3845=ORIENTED_EDGE('',*,*,#5144,.T.);
#3846=ORIENTED_EDGE('',*,*,#5147,.T.);
#3847=ORIENTED_EDGE('',*,*,#5150,.F.);
#3848=ORIENTED_EDGE('',*,*,#5153,.F.);
#3849=ORIENTED_EDGE('',*,*,#5156,.T.);
#3850=ORIENTED_EDGE('',*,*,#5217,.F.);
#3851=ORIENTED_EDGE('',*,*,#4900,.T.);
#3852=ORIENTED_EDGE('',*,*,#4904,.F.);
#3853=ORIENTED_EDGE('',*,*,#4907,.F.);
#3854=ORIENTED_EDGE('',*,*,#4910,.T.);
#3855=ORIENTED_EDGE('',*,*,#4913,.T.);
#3856=ORIENTED_EDGE('',*,*,#4916,.F.);
#3857=ORIENTED_EDGE('',*,*,#4919,.F.);
#3858=ORIENTED_EDGE('',*,*,#4922,.T.);
#3859=ORIENTED_EDGE('',*,*,#4925,.F.);
#3860=ORIENTED_EDGE('',*,*,#5214,.T.);
#3861=ORIENTED_EDGE('',*,*,#4772,.T.);
#3862=ORIENTED_EDGE('',*,*,#5232,.F.);
#3863=ORIENTED_EDGE('',*,*,#5233,.F.);
#3864=ORIENTED_EDGE('',*,*,#5234,.T.);
#3865=ORIENTED_EDGE('',*,*,#4771,.T.);
#3866=ORIENTED_EDGE('',*,*,#5235,.F.);
#3867=ORIENTED_EDGE('',*,*,#5236,.F.);
#3868=ORIENTED_EDGE('',*,*,#5232,.T.);
#3869=ORIENTED_EDGE('',*,*,#4770,.T.);
#3870=ORIENTED_EDGE('',*,*,#4786,.T.);
#3871=ORIENTED_EDGE('',*,*,#5237,.F.);
#3872=ORIENTED_EDGE('',*,*,#5238,.F.);
#3873=ORIENTED_EDGE('',*,*,#5235,.T.);
#3874=ORIENTED_EDGE('',*,*,#4785,.T.);
#3875=ORIENTED_EDGE('',*,*,#5239,.F.);
#3876=ORIENTED_EDGE('',*,*,#5240,.F.);
#3877=ORIENTED_EDGE('',*,*,#5237,.T.);
#3878=ORIENTED_EDGE('',*,*,#4784,.T.);
#3879=ORIENTED_EDGE('',*,*,#5241,.F.);
#3880=ORIENTED_EDGE('',*,*,#5242,.F.);
#3881=ORIENTED_EDGE('',*,*,#5239,.T.);
#3882=ORIENTED_EDGE('',*,*,#4783,.T.);
#3883=ORIENTED_EDGE('',*,*,#5243,.F.);
#3884=ORIENTED_EDGE('',*,*,#5244,.F.);
#3885=ORIENTED_EDGE('',*,*,#5241,.T.);
#3886=ORIENTED_EDGE('',*,*,#4782,.T.);
#3887=ORIENTED_EDGE('',*,*,#4778,.T.);
#3888=ORIENTED_EDGE('',*,*,#5245,.F.);
#3889=ORIENTED_EDGE('',*,*,#5246,.F.);
#3890=ORIENTED_EDGE('',*,*,#5243,.T.);
#3891=ORIENTED_EDGE('',*,*,#4777,.T.);
#3892=ORIENTED_EDGE('',*,*,#5247,.F.);
#3893=ORIENTED_EDGE('',*,*,#5248,.F.);
#3894=ORIENTED_EDGE('',*,*,#5245,.T.);
#3895=ORIENTED_EDGE('',*,*,#4776,.T.);
#3896=ORIENTED_EDGE('',*,*,#5249,.F.);
#3897=ORIENTED_EDGE('',*,*,#5250,.F.);
#3898=ORIENTED_EDGE('',*,*,#5247,.T.);
#3899=ORIENTED_EDGE('',*,*,#4775,.T.);
#3900=ORIENTED_EDGE('',*,*,#5251,.F.);
#3901=ORIENTED_EDGE('',*,*,#5252,.F.);
#3902=ORIENTED_EDGE('',*,*,#5249,.T.);
#3903=ORIENTED_EDGE('',*,*,#4774,.T.);
#3904=ORIENTED_EDGE('',*,*,#4761,.T.);
#3905=ORIENTED_EDGE('',*,*,#5253,.F.);
#3906=ORIENTED_EDGE('',*,*,#5254,.F.);
#3907=ORIENTED_EDGE('',*,*,#5251,.T.);
#3908=ORIENTED_EDGE('',*,*,#4760,.T.);
#3909=ORIENTED_EDGE('',*,*,#5255,.F.);
#3910=ORIENTED_EDGE('',*,*,#5256,.F.);
#3911=ORIENTED_EDGE('',*,*,#5253,.T.);
#3912=ORIENTED_EDGE('',*,*,#4759,.T.);
#3913=ORIENTED_EDGE('',*,*,#5257,.F.);
#3914=ORIENTED_EDGE('',*,*,#5258,.F.);
#3915=ORIENTED_EDGE('',*,*,#5255,.T.);
#3916=ORIENTED_EDGE('',*,*,#4758,.T.);
#3917=ORIENTED_EDGE('',*,*,#5259,.F.);
#3918=ORIENTED_EDGE('',*,*,#5260,.F.);
#3919=ORIENTED_EDGE('',*,*,#5257,.T.);
#3920=ORIENTED_EDGE('',*,*,#4765,.T.);
#3921=ORIENTED_EDGE('',*,*,#4766,.T.);
#3922=ORIENTED_EDGE('',*,*,#5261,.F.);
#3923=ORIENTED_EDGE('',*,*,#5262,.F.);
#3924=ORIENTED_EDGE('',*,*,#5259,.T.);
#3925=ORIENTED_EDGE('',*,*,#4773,.T.);
#3926=ORIENTED_EDGE('',*,*,#5234,.F.);
#3927=ORIENTED_EDGE('',*,*,#5263,.F.);
#3928=ORIENTED_EDGE('',*,*,#5261,.T.);
#3929=ORIENTED_EDGE('',*,*,#5233,.T.);
#3930=ORIENTED_EDGE('',*,*,#5236,.T.);
#3931=ORIENTED_EDGE('',*,*,#5238,.T.);
#3932=ORIENTED_EDGE('',*,*,#5240,.T.);
#3933=ORIENTED_EDGE('',*,*,#5242,.T.);
#3934=ORIENTED_EDGE('',*,*,#5244,.T.);
#3935=ORIENTED_EDGE('',*,*,#5246,.T.);
#3936=ORIENTED_EDGE('',*,*,#5248,.T.);
#3937=ORIENTED_EDGE('',*,*,#5250,.T.);
#3938=ORIENTED_EDGE('',*,*,#5252,.T.);
#3939=ORIENTED_EDGE('',*,*,#5254,.T.);
#3940=ORIENTED_EDGE('',*,*,#5256,.T.);
#3941=ORIENTED_EDGE('',*,*,#5258,.T.);
#3942=ORIENTED_EDGE('',*,*,#5260,.T.);
#3943=ORIENTED_EDGE('',*,*,#5262,.T.);
#3944=ORIENTED_EDGE('',*,*,#5263,.T.);
#3945=ORIENTED_EDGE('',*,*,#5264,.F.);
#3946=ORIENTED_EDGE('',*,*,#4942,.T.);
#3947=ORIENTED_EDGE('',*,*,#5264,.T.);
#3948=ORIENTED_EDGE('',*,*,#5265,.F.);
#3949=ORIENTED_EDGE('',*,*,#4941,.T.);
#3950=ORIENTED_EDGE('',*,*,#5265,.T.);
#3951=ORIENTED_EDGE('',*,*,#5266,.F.);
#3952=ORIENTED_EDGE('',*,*,#4940,.T.);
#3953=ORIENTED_EDGE('',*,*,#5266,.T.);
#3954=ORIENTED_EDGE('',*,*,#5267,.F.);
#3955=ORIENTED_EDGE('',*,*,#4939,.T.);
#3956=ORIENTED_EDGE('',*,*,#5267,.T.);
#3957=ORIENTED_EDGE('',*,*,#5268,.T.);
#3958=ORIENTED_EDGE('',*,*,#5269,.T.);
#3959=ORIENTED_EDGE('',*,*,#5270,.T.);
#3960=ORIENTED_EDGE('',*,*,#5271,.T.);
#3961=ORIENTED_EDGE('',*,*,#5272,.T.);
#3962=ORIENTED_EDGE('',*,*,#5273,.T.);
#3963=ORIENTED_EDGE('',*,*,#5274,.T.);
#3964=ORIENTED_EDGE('',*,*,#5275,.T.);
#3965=ORIENTED_EDGE('',*,*,#5276,.T.);
#3966=ORIENTED_EDGE('',*,*,#5277,.T.);
#3967=ORIENTED_EDGE('',*,*,#5278,.T.);
#3968=ORIENTED_EDGE('',*,*,#5279,.T.);
#3969=ORIENTED_EDGE('',*,*,#5280,.T.);
#3970=ORIENTED_EDGE('',*,*,#5281,.T.);
#3971=ORIENTED_EDGE('',*,*,#5282,.T.);
#3972=ORIENTED_EDGE('',*,*,#5283,.T.);
#3973=ORIENTED_EDGE('',*,*,#5284,.T.);
#3974=ORIENTED_EDGE('',*,*,#5285,.T.);
#3975=ORIENTED_EDGE('',*,*,#5286,.T.);
#3976=ORIENTED_EDGE('',*,*,#5287,.T.);
#3977=ORIENTED_EDGE('',*,*,#5288,.T.);
#3978=ORIENTED_EDGE('',*,*,#5289,.T.);
#3979=ORIENTED_EDGE('',*,*,#5290,.T.);
#3980=ORIENTED_EDGE('',*,*,#5291,.T.);
#3981=ORIENTED_EDGE('',*,*,#5292,.T.);
#3982=ORIENTED_EDGE('',*,*,#5293,.T.);
#3983=ORIENTED_EDGE('',*,*,#5294,.T.);
#3984=ORIENTED_EDGE('',*,*,#5295,.T.);
#3985=ORIENTED_EDGE('',*,*,#5296,.T.);
#3986=ORIENTED_EDGE('',*,*,#5297,.T.);
#3987=ORIENTED_EDGE('',*,*,#5298,.T.);
#3988=ORIENTED_EDGE('',*,*,#5299,.T.);
#3989=ORIENTED_EDGE('',*,*,#5300,.T.);
#3990=ORIENTED_EDGE('',*,*,#5301,.T.);
#3991=ORIENTED_EDGE('',*,*,#5302,.T.);
#3992=ORIENTED_EDGE('',*,*,#5303,.T.);
#3993=ORIENTED_EDGE('',*,*,#5304,.T.);
#3994=ORIENTED_EDGE('',*,*,#5305,.T.);
#3995=ORIENTED_EDGE('',*,*,#5306,.T.);
#3996=ORIENTED_EDGE('',*,*,#5307,.T.);
#3997=ORIENTED_EDGE('',*,*,#5308,.T.);
#3998=ORIENTED_EDGE('',*,*,#5309,.T.);
#3999=ORIENTED_EDGE('',*,*,#5310,.T.);
#4000=ORIENTED_EDGE('',*,*,#5311,.T.);
#4001=ORIENTED_EDGE('',*,*,#5312,.T.);
#4002=ORIENTED_EDGE('',*,*,#5313,.T.);
#4003=ORIENTED_EDGE('',*,*,#5314,.T.);
#4004=ORIENTED_EDGE('',*,*,#5315,.T.);
#4005=ORIENTED_EDGE('',*,*,#5316,.T.);
#4006=ORIENTED_EDGE('',*,*,#5317,.T.);
#4007=ORIENTED_EDGE('',*,*,#5318,.T.);
#4008=ORIENTED_EDGE('',*,*,#5319,.T.);
#4009=ORIENTED_EDGE('',*,*,#5320,.T.);
#4010=ORIENTED_EDGE('',*,*,#5321,.T.);
#4011=ORIENTED_EDGE('',*,*,#5322,.T.);
#4012=ORIENTED_EDGE('',*,*,#5323,.T.);
#4013=ORIENTED_EDGE('',*,*,#5324,.T.);
#4014=ORIENTED_EDGE('',*,*,#5325,.T.);
#4015=ORIENTED_EDGE('',*,*,#5326,.T.);
#4016=ORIENTED_EDGE('',*,*,#5327,.T.);
#4017=ORIENTED_EDGE('',*,*,#5328,.T.);
#4018=ORIENTED_EDGE('',*,*,#5329,.T.);
#4019=ORIENTED_EDGE('',*,*,#5330,.F.);
#4020=ORIENTED_EDGE('',*,*,#5331,.F.);
#4021=ORIENTED_EDGE('',*,*,#5332,.T.);
#4022=ORIENTED_EDGE('',*,*,#5333,.T.);
#4023=ORIENTED_EDGE('',*,*,#5334,.F.);
#4024=ORIENTED_EDGE('',*,*,#5335,.F.);
#4025=ORIENTED_EDGE('',*,*,#5330,.T.);
#4026=ORIENTED_EDGE('',*,*,#5336,.T.);
#4027=ORIENTED_EDGE('',*,*,#5337,.F.);
#4028=ORIENTED_EDGE('',*,*,#5338,.F.);
#4029=ORIENTED_EDGE('',*,*,#5334,.T.);
#4030=ORIENTED_EDGE('',*,*,#5339,.T.);
#4031=ORIENTED_EDGE('',*,*,#5332,.F.);
#4032=ORIENTED_EDGE('',*,*,#5340,.F.);
#4033=ORIENTED_EDGE('',*,*,#5337,.T.);
#4034=ORIENTED_EDGE('',*,*,#5341,.F.);
#4035=ORIENTED_EDGE('',*,*,#5331,.T.);
#4036=ORIENTED_EDGE('',*,*,#5335,.T.);
#4037=ORIENTED_EDGE('',*,*,#5338,.T.);
#4038=ORIENTED_EDGE('',*,*,#5340,.T.);
#4039=ORIENTED_EDGE('',*,*,#5329,.F.);
#4040=ORIENTED_EDGE('',*,*,#5339,.F.);
#4041=ORIENTED_EDGE('',*,*,#5336,.F.);
#4042=ORIENTED_EDGE('',*,*,#5333,.F.);
#4043=ORIENTED_EDGE('',*,*,#5328,.F.);
#4044=ORIENTED_EDGE('',*,*,#5341,.T.);
#4045=ORIENTED_EDGE('',*,*,#5342,.F.);
#4046=ORIENTED_EDGE('',*,*,#5343,.F.);
#4047=ORIENTED_EDGE('',*,*,#5344,.F.);
#4048=ORIENTED_EDGE('',*,*,#5345,.F.);
#4049=ORIENTED_EDGE('',*,*,#5346,.F.);
#4050=ORIENTED_EDGE('',*,*,#5347,.F.);
#4051=ORIENTED_EDGE('',*,*,#5348,.F.);
#4052=ORIENTED_EDGE('',*,*,#5349,.F.);
#4053=ORIENTED_EDGE('',*,*,#5350,.F.);
#4054=ORIENTED_EDGE('',*,*,#5351,.F.);
#4055=ORIENTED_EDGE('',*,*,#5352,.F.);
#4056=ORIENTED_EDGE('',*,*,#5353,.F.);
#4057=ORIENTED_EDGE('',*,*,#5354,.F.);
#4058=ORIENTED_EDGE('',*,*,#5355,.F.);
#4059=ORIENTED_EDGE('',*,*,#5356,.F.);
#4060=ORIENTED_EDGE('',*,*,#5357,.F.);
#4061=ORIENTED_EDGE('',*,*,#5317,.F.);
#4062=ORIENTED_EDGE('',*,*,#5358,.F.);
#4063=ORIENTED_EDGE('',*,*,#5342,.T.);
#4064=ORIENTED_EDGE('',*,*,#5359,.T.);
#4065=ORIENTED_EDGE('',*,*,#5327,.F.);
#4066=ORIENTED_EDGE('',*,*,#5360,.F.);
#4067=ORIENTED_EDGE('',*,*,#5343,.T.);
#4068=ORIENTED_EDGE('',*,*,#5358,.T.);
#4069=ORIENTED_EDGE('',*,*,#5326,.F.);
#4070=ORIENTED_EDGE('',*,*,#5361,.F.);
#4071=ORIENTED_EDGE('',*,*,#5344,.T.);
#4072=ORIENTED_EDGE('',*,*,#5360,.T.);
#4073=ORIENTED_EDGE('',*,*,#5325,.F.);
#4074=ORIENTED_EDGE('',*,*,#5362,.F.);
#4075=ORIENTED_EDGE('',*,*,#5345,.T.);
#4076=ORIENTED_EDGE('',*,*,#5361,.T.);
#4077=ORIENTED_EDGE('',*,*,#5324,.F.);
#4078=ORIENTED_EDGE('',*,*,#5363,.F.);
#4079=ORIENTED_EDGE('',*,*,#5346,.T.);
#4080=ORIENTED_EDGE('',*,*,#5362,.T.);
#4081=ORIENTED_EDGE('',*,*,#5323,.F.);
#4082=ORIENTED_EDGE('',*,*,#5364,.F.);
#4083=ORIENTED_EDGE('',*,*,#5347,.T.);
#4084=ORIENTED_EDGE('',*,*,#5363,.T.);
#4085=ORIENTED_EDGE('',*,*,#5322,.F.);
#4086=ORIENTED_EDGE('',*,*,#5365,.F.);
#4087=ORIENTED_EDGE('',*,*,#5348,.T.);
#4088=ORIENTED_EDGE('',*,*,#5364,.T.);
#4089=ORIENTED_EDGE('',*,*,#5321,.F.);
#4090=ORIENTED_EDGE('',*,*,#5366,.F.);
#4091=ORIENTED_EDGE('',*,*,#5349,.T.);
#4092=ORIENTED_EDGE('',*,*,#5365,.T.);
#4093=ORIENTED_EDGE('',*,*,#5320,.F.);
#4094=ORIENTED_EDGE('',*,*,#5367,.F.);
#4095=ORIENTED_EDGE('',*,*,#5350,.T.);
#4096=ORIENTED_EDGE('',*,*,#5366,.T.);
#4097=ORIENTED_EDGE('',*,*,#5319,.F.);
#4098=ORIENTED_EDGE('',*,*,#5368,.F.);
#4099=ORIENTED_EDGE('',*,*,#5351,.T.);
#4100=ORIENTED_EDGE('',*,*,#5367,.T.);
#4101=ORIENTED_EDGE('',*,*,#5318,.F.);
#4102=ORIENTED_EDGE('',*,*,#5359,.F.);
#4103=ORIENTED_EDGE('',*,*,#5352,.T.);
#4104=ORIENTED_EDGE('',*,*,#5368,.T.);
#4105=ORIENTED_EDGE('',*,*,#5369,.F.);
#4106=ORIENTED_EDGE('',*,*,#5370,.F.);
#4107=ORIENTED_EDGE('',*,*,#5354,.T.);
#4108=ORIENTED_EDGE('',*,*,#5371,.T.);
#4109=ORIENTED_EDGE('',*,*,#5372,.F.);
#4110=ORIENTED_EDGE('',*,*,#5371,.F.);
#4111=ORIENTED_EDGE('',*,*,#5353,.T.);
#4112=ORIENTED_EDGE('',*,*,#5373,.T.);
#4113=ORIENTED_EDGE('',*,*,#5374,.F.);
#4114=ORIENTED_EDGE('',*,*,#5373,.F.);
#4115=ORIENTED_EDGE('',*,*,#5357,.T.);
#4116=ORIENTED_EDGE('',*,*,#5375,.T.);
#4117=ORIENTED_EDGE('',*,*,#5376,.F.);
#4118=ORIENTED_EDGE('',*,*,#5375,.F.);
#4119=ORIENTED_EDGE('',*,*,#5356,.T.);
#4120=ORIENTED_EDGE('',*,*,#5377,.T.);
#4121=ORIENTED_EDGE('',*,*,#5378,.F.);
#4122=ORIENTED_EDGE('',*,*,#5377,.F.);
#4123=ORIENTED_EDGE('',*,*,#5355,.T.);
#4124=ORIENTED_EDGE('',*,*,#5370,.T.);
#4125=ORIENTED_EDGE('',*,*,#5369,.T.);
#4126=ORIENTED_EDGE('',*,*,#5372,.T.);
#4127=ORIENTED_EDGE('',*,*,#5374,.T.);
#4128=ORIENTED_EDGE('',*,*,#5376,.T.);
#4129=ORIENTED_EDGE('',*,*,#5378,.T.);
#4130=ORIENTED_EDGE('',*,*,#5305,.F.);
#4131=ORIENTED_EDGE('',*,*,#5379,.F.);
#4132=ORIENTED_EDGE('',*,*,#5380,.T.);
#4133=ORIENTED_EDGE('',*,*,#5381,.T.);
#4134=ORIENTED_EDGE('',*,*,#5316,.F.);
#4135=ORIENTED_EDGE('',*,*,#5382,.F.);
#4136=ORIENTED_EDGE('',*,*,#5383,.T.);
#4137=ORIENTED_EDGE('',*,*,#5379,.T.);
#4138=ORIENTED_EDGE('',*,*,#5315,.F.);
#4139=ORIENTED_EDGE('',*,*,#5384,.F.);
#4140=ORIENTED_EDGE('',*,*,#5385,.T.);
#4141=ORIENTED_EDGE('',*,*,#5382,.T.);
#4142=ORIENTED_EDGE('',*,*,#5314,.F.);
#4143=ORIENTED_EDGE('',*,*,#5386,.F.);
#4144=ORIENTED_EDGE('',*,*,#5387,.T.);
#4145=ORIENTED_EDGE('',*,*,#5384,.T.);
#4146=ORIENTED_EDGE('',*,*,#5313,.F.);
#4147=ORIENTED_EDGE('',*,*,#5388,.F.);
#4148=ORIENTED_EDGE('',*,*,#5389,.T.);
#4149=ORIENTED_EDGE('',*,*,#5386,.T.);
#4150=ORIENTED_EDGE('',*,*,#5312,.F.);
#4151=ORIENTED_EDGE('',*,*,#5390,.F.);
#4152=ORIENTED_EDGE('',*,*,#5391,.T.);
#4153=ORIENTED_EDGE('',*,*,#5388,.T.);
#4154=ORIENTED_EDGE('',*,*,#5311,.F.);
#4155=ORIENTED_EDGE('',*,*,#5392,.F.);
#4156=ORIENTED_EDGE('',*,*,#5393,.T.);
#4157=ORIENTED_EDGE('',*,*,#5390,.T.);
#4158=ORIENTED_EDGE('',*,*,#5310,.F.);
#4159=ORIENTED_EDGE('',*,*,#5394,.F.);
#4160=ORIENTED_EDGE('',*,*,#5395,.T.);
#4161=ORIENTED_EDGE('',*,*,#5392,.T.);
#4162=ORIENTED_EDGE('',*,*,#5309,.F.);
#4163=ORIENTED_EDGE('',*,*,#5396,.F.);
#4164=ORIENTED_EDGE('',*,*,#5397,.T.);
#4165=ORIENTED_EDGE('',*,*,#5394,.T.);
#4166=ORIENTED_EDGE('',*,*,#5308,.F.);
#4167=ORIENTED_EDGE('',*,*,#5398,.F.);
#4168=ORIENTED_EDGE('',*,*,#5399,.T.);
#4169=ORIENTED_EDGE('',*,*,#5396,.T.);
#4170=ORIENTED_EDGE('',*,*,#5307,.F.);
#4171=ORIENTED_EDGE('',*,*,#5400,.F.);
#4172=ORIENTED_EDGE('',*,*,#5401,.T.);
#4173=ORIENTED_EDGE('',*,*,#5398,.T.);
#4174=ORIENTED_EDGE('',*,*,#5306,.F.);
#4175=ORIENTED_EDGE('',*,*,#5381,.F.);
#4176=ORIENTED_EDGE('',*,*,#5402,.T.);
#4177=ORIENTED_EDGE('',*,*,#5400,.T.);
#4178=ORIENTED_EDGE('',*,*,#5380,.F.);
#4179=ORIENTED_EDGE('',*,*,#5383,.F.);
#4180=ORIENTED_EDGE('',*,*,#5385,.F.);
#4181=ORIENTED_EDGE('',*,*,#5387,.F.);
#4182=ORIENTED_EDGE('',*,*,#5389,.F.);
#4183=ORIENTED_EDGE('',*,*,#5391,.F.);
#4184=ORIENTED_EDGE('',*,*,#5393,.F.);
#4185=ORIENTED_EDGE('',*,*,#5395,.F.);
#4186=ORIENTED_EDGE('',*,*,#5397,.F.);
#4187=ORIENTED_EDGE('',*,*,#5399,.F.);
#4188=ORIENTED_EDGE('',*,*,#5401,.F.);
#4189=ORIENTED_EDGE('',*,*,#5402,.F.);
#4190=ORIENTED_EDGE('',*,*,#5292,.F.);
#4191=ORIENTED_EDGE('',*,*,#5403,.F.);
#4192=ORIENTED_EDGE('',*,*,#5404,.T.);
#4193=ORIENTED_EDGE('',*,*,#5405,.T.);
#4194=ORIENTED_EDGE('',*,*,#5304,.F.);
#4195=ORIENTED_EDGE('',*,*,#5406,.F.);
#4196=ORIENTED_EDGE('',*,*,#5407,.T.);
#4197=ORIENTED_EDGE('',*,*,#5403,.T.);
#4198=ORIENTED_EDGE('',*,*,#5303,.F.);
#4199=ORIENTED_EDGE('',*,*,#5408,.F.);
#4200=ORIENTED_EDGE('',*,*,#5409,.T.);
#4201=ORIENTED_EDGE('',*,*,#5406,.T.);
#4202=ORIENTED_EDGE('',*,*,#5302,.F.);
#4203=ORIENTED_EDGE('',*,*,#5410,.F.);
#4204=ORIENTED_EDGE('',*,*,#5411,.T.);
#4205=ORIENTED_EDGE('',*,*,#5408,.T.);
#4206=ORIENTED_EDGE('',*,*,#5301,.F.);
#4207=ORIENTED_EDGE('',*,*,#5412,.F.);
#4208=ORIENTED_EDGE('',*,*,#5413,.T.);
#4209=ORIENTED_EDGE('',*,*,#5410,.T.);
#4210=ORIENTED_EDGE('',*,*,#5300,.F.);
#4211=ORIENTED_EDGE('',*,*,#5414,.F.);
#4212=ORIENTED_EDGE('',*,*,#5415,.T.);
#4213=ORIENTED_EDGE('',*,*,#5412,.T.);
#4214=ORIENTED_EDGE('',*,*,#5299,.F.);
#4215=ORIENTED_EDGE('',*,*,#5416,.F.);
#4216=ORIENTED_EDGE('',*,*,#5417,.T.);
#4217=ORIENTED_EDGE('',*,*,#5414,.T.);
#4218=ORIENTED_EDGE('',*,*,#5298,.F.);
#4219=ORIENTED_EDGE('',*,*,#5418,.F.);
#4220=ORIENTED_EDGE('',*,*,#5419,.T.);
#4221=ORIENTED_EDGE('',*,*,#5416,.T.);
#4222=ORIENTED_EDGE('',*,*,#5297,.F.);
#4223=ORIENTED_EDGE('',*,*,#5420,.F.);
#4224=ORIENTED_EDGE('',*,*,#5421,.T.);
#4225=ORIENTED_EDGE('',*,*,#5418,.T.);
#4226=ORIENTED_EDGE('',*,*,#5296,.F.);
#4227=ORIENTED_EDGE('',*,*,#5422,.F.);
#4228=ORIENTED_EDGE('',*,*,#5423,.T.);
#4229=ORIENTED_EDGE('',*,*,#5420,.T.);
#4230=ORIENTED_EDGE('',*,*,#5295,.F.);
#4231=ORIENTED_EDGE('',*,*,#5424,.F.);
#4232=ORIENTED_EDGE('',*,*,#5425,.T.);
#4233=ORIENTED_EDGE('',*,*,#5422,.T.);
#4234=ORIENTED_EDGE('',*,*,#5294,.F.);
#4235=ORIENTED_EDGE('',*,*,#5426,.F.);
#4236=ORIENTED_EDGE('',*,*,#5427,.T.);
#4237=ORIENTED_EDGE('',*,*,#5424,.T.);
#4238=ORIENTED_EDGE('',*,*,#5293,.F.);
#4239=ORIENTED_EDGE('',*,*,#5405,.F.);
#4240=ORIENTED_EDGE('',*,*,#5428,.T.);
#4241=ORIENTED_EDGE('',*,*,#5426,.T.);
#4242=ORIENTED_EDGE('',*,*,#5404,.F.);
#4243=ORIENTED_EDGE('',*,*,#5407,.F.);
#4244=ORIENTED_EDGE('',*,*,#5409,.F.);
#4245=ORIENTED_EDGE('',*,*,#5411,.F.);
#4246=ORIENTED_EDGE('',*,*,#5413,.F.);
#4247=ORIENTED_EDGE('',*,*,#5415,.F.);
#4248=ORIENTED_EDGE('',*,*,#5417,.F.);
#4249=ORIENTED_EDGE('',*,*,#5419,.F.);
#4250=ORIENTED_EDGE('',*,*,#5421,.F.);
#4251=ORIENTED_EDGE('',*,*,#5423,.F.);
#4252=ORIENTED_EDGE('',*,*,#5425,.F.);
#4253=ORIENTED_EDGE('',*,*,#5427,.F.);
#4254=ORIENTED_EDGE('',*,*,#5428,.F.);
#4255=ORIENTED_EDGE('',*,*,#5282,.F.);
#4256=ORIENTED_EDGE('',*,*,#5429,.F.);
#4257=ORIENTED_EDGE('',*,*,#5430,.T.);
#4258=ORIENTED_EDGE('',*,*,#5431,.T.);
#4259=ORIENTED_EDGE('',*,*,#5291,.F.);
#4260=ORIENTED_EDGE('',*,*,#5432,.F.);
#4261=ORIENTED_EDGE('',*,*,#5433,.T.);
#4262=ORIENTED_EDGE('',*,*,#5429,.T.);
#4263=ORIENTED_EDGE('',*,*,#5290,.F.);
#4264=ORIENTED_EDGE('',*,*,#5434,.F.);
#4265=ORIENTED_EDGE('',*,*,#5435,.T.);
#4266=ORIENTED_EDGE('',*,*,#5432,.T.);
#4267=ORIENTED_EDGE('',*,*,#5289,.F.);
#4268=ORIENTED_EDGE('',*,*,#5436,.F.);
#4269=ORIENTED_EDGE('',*,*,#5437,.T.);
#4270=ORIENTED_EDGE('',*,*,#5434,.T.);
#4271=ORIENTED_EDGE('',*,*,#5288,.F.);
#4272=ORIENTED_EDGE('',*,*,#5438,.F.);
#4273=ORIENTED_EDGE('',*,*,#5439,.T.);
#4274=ORIENTED_EDGE('',*,*,#5436,.T.);
#4275=ORIENTED_EDGE('',*,*,#5287,.F.);
#4276=ORIENTED_EDGE('',*,*,#5440,.F.);
#4277=ORIENTED_EDGE('',*,*,#5441,.T.);
#4278=ORIENTED_EDGE('',*,*,#5438,.T.);
#4279=ORIENTED_EDGE('',*,*,#5286,.F.);
#4280=ORIENTED_EDGE('',*,*,#5442,.F.);
#4281=ORIENTED_EDGE('',*,*,#5443,.T.);
#4282=ORIENTED_EDGE('',*,*,#5440,.T.);
#4283=ORIENTED_EDGE('',*,*,#5285,.F.);
#4284=ORIENTED_EDGE('',*,*,#5444,.F.);
#4285=ORIENTED_EDGE('',*,*,#5445,.T.);
#4286=ORIENTED_EDGE('',*,*,#5442,.T.);
#4287=ORIENTED_EDGE('',*,*,#5284,.F.);
#4288=ORIENTED_EDGE('',*,*,#5446,.F.);
#4289=ORIENTED_EDGE('',*,*,#5447,.T.);
#4290=ORIENTED_EDGE('',*,*,#5444,.T.);
#4291=ORIENTED_EDGE('',*,*,#5283,.F.);
#4292=ORIENTED_EDGE('',*,*,#5431,.F.);
#4293=ORIENTED_EDGE('',*,*,#5448,.T.);
#4294=ORIENTED_EDGE('',*,*,#5446,.T.);
#4295=ORIENTED_EDGE('',*,*,#5430,.F.);
#4296=ORIENTED_EDGE('',*,*,#5433,.F.);
#4297=ORIENTED_EDGE('',*,*,#5435,.F.);
#4298=ORIENTED_EDGE('',*,*,#5437,.F.);
#4299=ORIENTED_EDGE('',*,*,#5439,.F.);
#4300=ORIENTED_EDGE('',*,*,#5441,.F.);
#4301=ORIENTED_EDGE('',*,*,#5443,.F.);
#4302=ORIENTED_EDGE('',*,*,#5445,.F.);
#4303=ORIENTED_EDGE('',*,*,#5447,.F.);
#4304=ORIENTED_EDGE('',*,*,#5448,.F.);
#4305=ORIENTED_EDGE('',*,*,#5449,.F.);
#4306=ORIENTED_EDGE('',*,*,#5450,.F.);
#4307=ORIENTED_EDGE('',*,*,#5451,.F.);
#4308=ORIENTED_EDGE('',*,*,#5452,.F.);
#4309=ORIENTED_EDGE('',*,*,#5453,.F.);
#4310=ORIENTED_EDGE('',*,*,#5454,.F.);
#4311=ORIENTED_EDGE('',*,*,#5455,.F.);
#4312=ORIENTED_EDGE('',*,*,#5456,.F.);
#4313=ORIENTED_EDGE('',*,*,#5457,.F.);
#4314=ORIENTED_EDGE('',*,*,#5458,.F.);
#4315=ORIENTED_EDGE('',*,*,#5459,.F.);
#4316=ORIENTED_EDGE('',*,*,#5274,.F.);
#4317=ORIENTED_EDGE('',*,*,#5460,.F.);
#4318=ORIENTED_EDGE('',*,*,#5449,.T.);
#4319=ORIENTED_EDGE('',*,*,#5461,.T.);
#4320=ORIENTED_EDGE('',*,*,#5281,.F.);
#4321=ORIENTED_EDGE('',*,*,#5462,.F.);
#4322=ORIENTED_EDGE('',*,*,#5450,.T.);
#4323=ORIENTED_EDGE('',*,*,#5460,.T.);
#4324=ORIENTED_EDGE('',*,*,#5280,.F.);
#4325=ORIENTED_EDGE('',*,*,#5463,.F.);
#4326=ORIENTED_EDGE('',*,*,#5451,.T.);
#4327=ORIENTED_EDGE('',*,*,#5462,.T.);
#4328=ORIENTED_EDGE('',*,*,#5279,.F.);
#4329=ORIENTED_EDGE('',*,*,#5464,.F.);
#4330=ORIENTED_EDGE('',*,*,#5452,.T.);
#4331=ORIENTED_EDGE('',*,*,#5463,.T.);
#4332=ORIENTED_EDGE('',*,*,#5278,.F.);
#4333=ORIENTED_EDGE('',*,*,#5465,.F.);
#4334=ORIENTED_EDGE('',*,*,#5453,.T.);
#4335=ORIENTED_EDGE('',*,*,#5464,.T.);
#4336=ORIENTED_EDGE('',*,*,#5277,.F.);
#4337=ORIENTED_EDGE('',*,*,#5466,.F.);
#4338=ORIENTED_EDGE('',*,*,#5454,.T.);
#4339=ORIENTED_EDGE('',*,*,#5465,.T.);
#4340=ORIENTED_EDGE('',*,*,#5276,.F.);
#4341=ORIENTED_EDGE('',*,*,#5467,.F.);
#4342=ORIENTED_EDGE('',*,*,#5455,.T.);
#4343=ORIENTED_EDGE('',*,*,#5466,.T.);
#4344=ORIENTED_EDGE('',*,*,#5275,.F.);
#4345=ORIENTED_EDGE('',*,*,#5461,.F.);
#4346=ORIENTED_EDGE('',*,*,#5456,.T.);
#4347=ORIENTED_EDGE('',*,*,#5467,.T.);
#4348=ORIENTED_EDGE('',*,*,#5468,.F.);
#4349=ORIENTED_EDGE('',*,*,#5469,.F.);
#4350=ORIENTED_EDGE('',*,*,#5458,.T.);
#4351=ORIENTED_EDGE('',*,*,#5470,.T.);
#4352=ORIENTED_EDGE('',*,*,#5471,.F.);
#4353=ORIENTED_EDGE('',*,*,#5470,.F.);
#4354=ORIENTED_EDGE('',*,*,#5457,.T.);
#4355=ORIENTED_EDGE('',*,*,#5472,.T.);
#4356=ORIENTED_EDGE('',*,*,#5473,.F.);
#4357=ORIENTED_EDGE('',*,*,#5472,.F.);
#4358=ORIENTED_EDGE('',*,*,#5459,.T.);
#4359=ORIENTED_EDGE('',*,*,#5469,.T.);
#4360=ORIENTED_EDGE('',*,*,#5468,.T.);
#4361=ORIENTED_EDGE('',*,*,#5471,.T.);
#4362=ORIENTED_EDGE('',*,*,#5473,.T.);
#4363=ORIENTED_EDGE('',*,*,#5474,.F.);
#4364=ORIENTED_EDGE('',*,*,#5475,.F.);
#4365=ORIENTED_EDGE('',*,*,#5476,.F.);
#4366=ORIENTED_EDGE('',*,*,#5477,.F.);
#4367=ORIENTED_EDGE('',*,*,#5478,.F.);
#4368=ORIENTED_EDGE('',*,*,#5479,.F.);
#4369=ORIENTED_EDGE('',*,*,#5480,.F.);
#4370=ORIENTED_EDGE('',*,*,#5481,.F.);
#4371=ORIENTED_EDGE('',*,*,#5482,.F.);
#4372=ORIENTED_EDGE('',*,*,#5483,.F.);
#4373=ORIENTED_EDGE('',*,*,#5484,.F.);
#4374=ORIENTED_EDGE('',*,*,#5485,.F.);
#4375=ORIENTED_EDGE('',*,*,#5486,.F.);
#4376=ORIENTED_EDGE('',*,*,#5268,.F.);
#4377=ORIENTED_EDGE('',*,*,#5487,.F.);
#4378=ORIENTED_EDGE('',*,*,#5474,.T.);
#4379=ORIENTED_EDGE('',*,*,#5488,.T.);
#4380=ORIENTED_EDGE('',*,*,#5273,.F.);
#4381=ORIENTED_EDGE('',*,*,#5489,.F.);
#4382=ORIENTED_EDGE('',*,*,#5475,.T.);
#4383=ORIENTED_EDGE('',*,*,#5487,.T.);
#4384=ORIENTED_EDGE('',*,*,#5272,.F.);
#4385=ORIENTED_EDGE('',*,*,#5490,.F.);
#4386=ORIENTED_EDGE('',*,*,#5476,.T.);
#4387=ORIENTED_EDGE('',*,*,#5489,.T.);
#4388=ORIENTED_EDGE('',*,*,#5271,.F.);
#4389=ORIENTED_EDGE('',*,*,#5491,.F.);
#4390=ORIENTED_EDGE('',*,*,#5477,.T.);
#4391=ORIENTED_EDGE('',*,*,#5490,.T.);
#4392=ORIENTED_EDGE('',*,*,#5270,.F.);
#4393=ORIENTED_EDGE('',*,*,#5492,.F.);
#4394=ORIENTED_EDGE('',*,*,#5478,.T.);
#4395=ORIENTED_EDGE('',*,*,#5491,.T.);
#4396=ORIENTED_EDGE('',*,*,#5269,.F.);
#4397=ORIENTED_EDGE('',*,*,#5488,.F.);
#4398=ORIENTED_EDGE('',*,*,#5479,.T.);
#4399=ORIENTED_EDGE('',*,*,#5492,.T.);
#4400=ORIENTED_EDGE('',*,*,#5493,.F.);
#4401=ORIENTED_EDGE('',*,*,#5494,.F.);
#4402=ORIENTED_EDGE('',*,*,#5481,.T.);
#4403=ORIENTED_EDGE('',*,*,#5495,.T.);
#4404=ORIENTED_EDGE('',*,*,#5496,.F.);
#4405=ORIENTED_EDGE('',*,*,#5495,.F.);
#4406=ORIENTED_EDGE('',*,*,#5480,.T.);
#4407=ORIENTED_EDGE('',*,*,#5497,.T.);
#4408=ORIENTED_EDGE('',*,*,#5498,.F.);
#4409=ORIENTED_EDGE('',*,*,#5497,.F.);
#4410=ORIENTED_EDGE('',*,*,#5486,.T.);
#4411=ORIENTED_EDGE('',*,*,#5499,.T.);
#4412=ORIENTED_EDGE('',*,*,#5500,.F.);
#4413=ORIENTED_EDGE('',*,*,#5499,.F.);
#4414=ORIENTED_EDGE('',*,*,#5485,.T.);
#4415=ORIENTED_EDGE('',*,*,#5501,.T.);
#4416=ORIENTED_EDGE('',*,*,#5502,.F.);
#4417=ORIENTED_EDGE('',*,*,#5501,.F.);
#4418=ORIENTED_EDGE('',*,*,#5484,.T.);
#4419=ORIENTED_EDGE('',*,*,#5503,.T.);
#4420=ORIENTED_EDGE('',*,*,#5504,.F.);
#4421=ORIENTED_EDGE('',*,*,#5503,.F.);
#4422=ORIENTED_EDGE('',*,*,#5483,.T.);
#4423=ORIENTED_EDGE('',*,*,#5505,.T.);
#4424=ORIENTED_EDGE('',*,*,#5506,.F.);
#4425=ORIENTED_EDGE('',*,*,#5505,.F.);
#4426=ORIENTED_EDGE('',*,*,#5482,.T.);
#4427=ORIENTED_EDGE('',*,*,#5494,.T.);
#4428=ORIENTED_EDGE('',*,*,#5493,.T.);
#4429=ORIENTED_EDGE('',*,*,#5496,.T.);
#4430=ORIENTED_EDGE('',*,*,#5498,.T.);
#4431=ORIENTED_EDGE('',*,*,#5500,.T.);
#4432=ORIENTED_EDGE('',*,*,#5502,.T.);
#4433=ORIENTED_EDGE('',*,*,#5504,.T.);
#4434=ORIENTED_EDGE('',*,*,#5506,.T.);
#4435=EDGE_CURVE('',#5507,#5507,#6235,.T.);
#4436=EDGE_CURVE('',#5508,#5508,#6236,.T.);
#4437=EDGE_CURVE('',#5509,#5509,#6237,.T.);
#4438=EDGE_CURVE('',#5510,#5510,#6238,.T.);
#4439=EDGE_CURVE('',#5511,#5511,#6239,.T.);
#4440=EDGE_CURVE('',#5512,#5512,#6240,.T.);
#4441=EDGE_CURVE('',#5513,#5513,#6241,.T.);
#4442=EDGE_CURVE('',#5514,#5514,#6242,.T.);
#4443=EDGE_CURVE('',#5515,#5515,#6243,.T.);
#4444=EDGE_CURVE('',#5516,#5516,#6244,.T.);
#4445=EDGE_CURVE('',#5517,#5517,#6245,.F.);
#4446=EDGE_CURVE('',#5518,#5518,#6246,.T.);
#4447=EDGE_CURVE('',#5519,#5519,#6247,.T.);
#4448=EDGE_CURVE('',#5520,#5520,#6248,.T.);
#4449=EDGE_CURVE('',#5521,#5521,#6249,.T.);
#4450=EDGE_CURVE('',#5522,#5522,#6250,.T.);
#4451=EDGE_CURVE('',#5523,#5523,#6251,.T.);
#4452=EDGE_CURVE('',#5524,#5525,#6252,.T.);
#4453=EDGE_CURVE('',#5526,#5525,#81,.T.);
#4454=EDGE_CURVE('',#5527,#5526,#6253,.T.);
#4455=EDGE_CURVE('',#5527,#5524,#82,.T.);
#4456=EDGE_CURVE('',#5525,#5528,#83,.T.);
#4457=EDGE_CURVE('',#5529,#5528,#84,.T.);
#4458=EDGE_CURVE('',#5526,#5529,#85,.T.);
#4459=EDGE_CURVE('',#5528,#5530,#6254,.T.);
#4460=EDGE_CURVE('',#5531,#5530,#86,.T.);
#4461=EDGE_CURVE('',#5529,#5531,#6255,.T.);
#4462=EDGE_CURVE('',#5530,#5532,#87,.T.);
#4463=EDGE_CURVE('',#5533,#5532,#88,.T.);
#4464=EDGE_CURVE('',#5531,#5533,#89,.T.);
#4465=EDGE_CURVE('',#5532,#5534,#6256,.T.);
#4466=EDGE_CURVE('',#5535,#5534,#90,.T.);
#4467=EDGE_CURVE('',#5533,#5535,#6257,.T.);
#4468=EDGE_CURVE('',#5534,#5536,#91,.T.);
#4469=EDGE_CURVE('',#5537,#5536,#92,.T.);
#4470=EDGE_CURVE('',#5535,#5537,#93,.T.);
#4471=EDGE_CURVE('',#5536,#5538,#6258,.T.);
#4472=EDGE_CURVE('',#5539,#5538,#94,.T.);
#4473=EDGE_CURVE('',#5537,#5539,#6259,.T.);
#4474=EDGE_CURVE('',#5538,#5524,#95,.T.);
#4475=EDGE_CURVE('',#5539,#5527,#96,.T.);
#4476=EDGE_CURVE('',#5540,#5540,#6260,.T.);
#4477=EDGE_CURVE('',#5541,#5541,#6261,.T.);
#4478=EDGE_CURVE('',#5542,#5543,#97,.T.);
#4479=EDGE_CURVE('',#5544,#5543,#98,.T.);
#4480=EDGE_CURVE('',#5545,#5544,#99,.T.);
#4481=EDGE_CURVE('',#5545,#5542,#100,.T.);
#4482=EDGE_CURVE('',#5543,#5546,#101,.T.);
#4483=EDGE_CURVE('',#5547,#5546,#102,.T.);
#4484=EDGE_CURVE('',#5544,#5547,#103,.T.);
#4485=EDGE_CURVE('',#5546,#5548,#104,.T.);
#4486=EDGE_CURVE('',#5549,#5548,#105,.T.);
#4487=EDGE_CURVE('',#5547,#5549,#106,.T.);
#4488=EDGE_CURVE('',#5548,#5542,#107,.T.);
#4489=EDGE_CURVE('',#5549,#5545,#108,.T.);
#4490=EDGE_CURVE('',#5550,#5551,#109,.T.);
#4491=EDGE_CURVE('',#5552,#5551,#110,.T.);
#4492=EDGE_CURVE('',#5553,#5552,#111,.T.);
#4493=EDGE_CURVE('',#5553,#5550,#112,.T.);
#4494=EDGE_CURVE('',#5551,#5554,#113,.T.);
#4495=EDGE_CURVE('',#5555,#5554,#114,.T.);
#4496=EDGE_CURVE('',#5552,#5555,#115,.T.);
#4497=EDGE_CURVE('',#5554,#5556,#116,.T.);
#4498=EDGE_CURVE('',#5557,#5556,#117,.T.);
#4499=EDGE_CURVE('',#5555,#5557,#118,.T.);
#4500=EDGE_CURVE('',#5556,#5550,#119,.T.);
#4501=EDGE_CURVE('',#5557,#5553,#120,.T.);
#4502=EDGE_CURVE('',#5558,#5559,#121,.T.);
#4503=EDGE_CURVE('',#5560,#5559,#122,.T.);
#4504=EDGE_CURVE('',#5561,#5560,#123,.T.);
#4505=EDGE_CURVE('',#5561,#5558,#124,.T.);
#4506=EDGE_CURVE('',#5559,#5562,#125,.T.);
#4507=EDGE_CURVE('',#5563,#5562,#126,.T.);
#4508=EDGE_CURVE('',#5560,#5563,#127,.T.);
#4509=EDGE_CURVE('',#5562,#5564,#128,.T.);
#4510=EDGE_CURVE('',#5565,#5564,#129,.T.);
#4511=EDGE_CURVE('',#5563,#5565,#130,.T.);
#4512=EDGE_CURVE('',#5564,#5558,#131,.T.);
#4513=EDGE_CURVE('',#5565,#5561,#132,.T.);
#4514=EDGE_CURVE('',#5566,#5567,#133,.T.);
#4515=EDGE_CURVE('',#5568,#5567,#134,.T.);
#4516=EDGE_CURVE('',#5569,#5568,#135,.T.);
#4517=EDGE_CURVE('',#5569,#5566,#136,.T.);
#4518=EDGE_CURVE('',#5567,#5570,#137,.T.);
#4519=EDGE_CURVE('',#5571,#5570,#138,.T.);
#4520=EDGE_CURVE('',#5568,#5571,#139,.T.);
#4521=EDGE_CURVE('',#5570,#5572,#140,.T.);
#4522=EDGE_CURVE('',#5573,#5572,#141,.T.);
#4523=EDGE_CURVE('',#5571,#5573,#142,.T.);
#4524=EDGE_CURVE('',#5572,#5566,#143,.T.);
#4525=EDGE_CURVE('',#5573,#5569,#144,.T.);
#4526=EDGE_CURVE('',#5574,#5575,#145,.T.);
#4527=EDGE_CURVE('',#5576,#5575,#146,.T.);
#4528=EDGE_CURVE('',#5577,#5576,#147,.T.);
#4529=EDGE_CURVE('',#5577,#5574,#148,.T.);
#4530=EDGE_CURVE('',#5575,#5578,#149,.T.);
#4531=EDGE_CURVE('',#5579,#5578,#150,.T.);
#4532=EDGE_CURVE('',#5576,#5579,#151,.T.);
#4533=EDGE_CURVE('',#5578,#5580,#152,.T.);
#4534=EDGE_CURVE('',#5581,#5580,#153,.T.);
#4535=EDGE_CURVE('',#5579,#5581,#154,.T.);
#4536=EDGE_CURVE('',#5580,#5574,#155,.T.);
#4537=EDGE_CURVE('',#5581,#5577,#156,.T.);
#4538=EDGE_CURVE('',#5582,#5583,#157,.T.);
#4539=EDGE_CURVE('',#5584,#5583,#158,.T.);
#4540=EDGE_CURVE('',#5585,#5584,#159,.T.);
#4541=EDGE_CURVE('',#5585,#5582,#160,.T.);
#4542=EDGE_CURVE('',#5583,#5586,#161,.T.);
#4543=EDGE_CURVE('',#5587,#5586,#162,.T.);
#4544=EDGE_CURVE('',#5584,#5587,#163,.T.);
#4545=EDGE_CURVE('',#5586,#5588,#164,.T.);
#4546=EDGE_CURVE('',#5589,#5588,#165,.T.);
#4547=EDGE_CURVE('',#5587,#5589,#166,.T.);
#4548=EDGE_CURVE('',#5588,#5582,#167,.T.);
#4549=EDGE_CURVE('',#5589,#5585,#168,.T.);
#4550=EDGE_CURVE('',#5590,#5591,#169,.T.);
#4551=EDGE_CURVE('',#5592,#5591,#170,.T.);
#4552=EDGE_CURVE('',#5593,#5592,#171,.T.);
#4553=EDGE_CURVE('',#5593,#5590,#172,.T.);
#4554=EDGE_CURVE('',#5591,#5594,#173,.T.);
#4555=EDGE_CURVE('',#5595,#5594,#174,.T.);
#4556=EDGE_CURVE('',#5592,#5595,#175,.T.);
#4557=EDGE_CURVE('',#5594,#5596,#176,.T.);
#4558=EDGE_CURVE('',#5597,#5596,#177,.T.);
#4559=EDGE_CURVE('',#5595,#5597,#178,.T.);
#4560=EDGE_CURVE('',#5596,#5590,#179,.T.);
#4561=EDGE_CURVE('',#5597,#5593,#180,.T.);
#4562=EDGE_CURVE('',#5598,#5598,#6262,.T.);
#4563=EDGE_CURVE('',#5599,#5600,#6263,.T.);
#4564=EDGE_CURVE('',#5600,#5599,#6264,.T.);
#4565=EDGE_CURVE('',#5601,#5601,#6265,.T.);
#4566=EDGE_CURVE('',#5602,#5602,#6266,.T.);
#4567=EDGE_CURVE('',#5603,#5604,#181,.T.);
#4568=EDGE_CURVE('',#5605,#5603,#182,.T.);
#4569=EDGE_CURVE('',#5606,#5605,#183,.T.);
#4570=EDGE_CURVE('',#5604,#5606,#184,.T.);
#4571=EDGE_CURVE('',#5607,#5608,#6267,.T.);
#4572=EDGE_CURVE('',#5608,#5609,#185,.T.);
#4573=EDGE_CURVE('',#5609,#5610,#6268,.T.);
#4574=EDGE_CURVE('',#5610,#5611,#186,.T.);
#4575=EDGE_CURVE('',#5611,#5612,#6269,.T.);
#4576=EDGE_CURVE('',#5612,#5613,#187,.T.);
#4577=EDGE_CURVE('',#5613,#5614,#6270,.T.);
#4578=EDGE_CURVE('',#5614,#5607,#188,.T.);
#4579=EDGE_CURVE('',#5615,#5616,#189,.T.);
#4580=EDGE_CURVE('',#5617,#5615,#190,.T.);
#4581=EDGE_CURVE('',#5618,#5617,#191,.T.);
#4582=EDGE_CURVE('',#5616,#5618,#192,.T.);
#4583=EDGE_CURVE('',#5619,#5620,#193,.T.);
#4584=EDGE_CURVE('',#5621,#5619,#194,.T.);
#4585=EDGE_CURVE('',#5622,#5621,#195,.T.);
#4586=EDGE_CURVE('',#5620,#5622,#196,.T.);
#4587=EDGE_CURVE('',#5623,#5624,#197,.T.);
#4588=EDGE_CURVE('',#5625,#5623,#198,.T.);
#4589=EDGE_CURVE('',#5626,#5625,#199,.T.);
#4590=EDGE_CURVE('',#5624,#5626,#200,.T.);
#4591=EDGE_CURVE('',#5627,#5628,#201,.T.);
#4592=EDGE_CURVE('',#5629,#5627,#202,.T.);
#4593=EDGE_CURVE('',#5630,#5629,#203,.T.);
#4594=EDGE_CURVE('',#5628,#5630,#204,.T.);
#4595=EDGE_CURVE('',#5631,#5632,#205,.T.);
#4596=EDGE_CURVE('',#5633,#5631,#206,.T.);
#4597=EDGE_CURVE('',#5634,#5633,#207,.T.);
#4598=EDGE_CURVE('',#5632,#5634,#208,.T.);
#4599=EDGE_CURVE('',#5635,#5636,#209,.T.);
#4600=EDGE_CURVE('',#5636,#5637,#210,.T.);
#4601=EDGE_CURVE('',#5637,#5638,#211,.T.);
#4602=EDGE_CURVE('',#5638,#5635,#212,.T.);
#4603=EDGE_CURVE('',#5639,#5640,#213,.T.);
#4604=EDGE_CURVE('',#5641,#5639,#214,.T.);
#4605=EDGE_CURVE('',#5642,#5641,#215,.T.);
#4606=EDGE_CURVE('',#5640,#5642,#216,.T.);
#4607=EDGE_CURVE('',#5643,#5644,#217,.T.);
#4608=EDGE_CURVE('',#5645,#5643,#218,.T.);
#4609=EDGE_CURVE('',#5646,#5645,#219,.T.);
#4610=EDGE_CURVE('',#5644,#5646,#220,.T.);
#4611=EDGE_CURVE('',#5647,#5648,#221,.T.);
#4612=EDGE_CURVE('',#5648,#5649,#222,.T.);
#4613=EDGE_CURVE('',#5649,#5650,#223,.T.);
#4614=EDGE_CURVE('',#5650,#5647,#224,.T.);
#4615=EDGE_CURVE('',#5651,#5652,#225,.T.);
#4616=EDGE_CURVE('',#5653,#5651,#226,.T.);
#4617=EDGE_CURVE('',#5654,#5653,#227,.T.);
#4618=EDGE_CURVE('',#5652,#5654,#228,.T.);
#4619=EDGE_CURVE('',#5655,#5656,#229,.T.);
#4620=EDGE_CURVE('',#5657,#5655,#230,.T.);
#4621=EDGE_CURVE('',#5658,#5657,#231,.T.);
#4622=EDGE_CURVE('',#5656,#5658,#232,.T.);
#4623=EDGE_CURVE('',#5659,#5660,#233,.T.);
#4624=EDGE_CURVE('',#5661,#5659,#234,.T.);
#4625=EDGE_CURVE('',#5662,#5661,#235,.T.);
#4626=EDGE_CURVE('',#5660,#5662,#236,.T.);
#4627=EDGE_CURVE('',#5663,#5664,#6271,.T.);
#4628=EDGE_CURVE('',#5608,#5664,#237,.T.);
#4629=EDGE_CURVE('',#5607,#5663,#238,.T.);
#4630=EDGE_CURVE('',#5664,#5665,#239,.T.);
#4631=EDGE_CURVE('',#5609,#5665,#240,.T.);
#4632=EDGE_CURVE('',#5665,#5666,#6272,.T.);
#4633=EDGE_CURVE('',#5610,#5666,#241,.T.);
#4634=EDGE_CURVE('',#5666,#5667,#242,.T.);
#4635=EDGE_CURVE('',#5611,#5667,#243,.T.);
#4636=EDGE_CURVE('',#5667,#5668,#6273,.T.);
#4637=EDGE_CURVE('',#5612,#5668,#244,.T.);
#4638=EDGE_CURVE('',#5668,#5669,#245,.T.);
#4639=EDGE_CURVE('',#5613,#5669,#246,.T.);
#4640=EDGE_CURVE('',#5669,#5670,#6274,.T.);
#4641=EDGE_CURVE('',#5614,#5670,#247,.T.);
#4642=EDGE_CURVE('',#5670,#5663,#248,.T.);
#4643=EDGE_CURVE('',#5671,#5672,#249,.T.);
#4644=EDGE_CURVE('',#5672,#5673,#250,.T.);
#4645=EDGE_CURVE('',#5673,#5674,#251,.T.);
#4646=EDGE_CURVE('',#5674,#5671,#252,.T.);
#4647=EDGE_CURVE('',#5675,#5676,#253,.T.);
#4648=EDGE_CURVE('',#5677,#5675,#254,.T.);
#4649=EDGE_CURVE('',#5678,#5677,#255,.T.);
#4650=EDGE_CURVE('',#5676,#5678,#256,.T.);
#4651=EDGE_CURVE('',#5672,#5603,#257,.T.);
#4652=EDGE_CURVE('',#5671,#5605,#258,.T.);
#4653=EDGE_CURVE('',#5673,#5604,#259,.T.);
#4654=EDGE_CURVE('',#5674,#5606,#260,.T.);
#4655=EDGE_CURVE('',#5677,#5647,#261,.T.);
#4656=EDGE_CURVE('',#5675,#5648,#262,.T.);
#4657=EDGE_CURVE('',#5676,#5649,#263,.T.);
#4658=EDGE_CURVE('',#5678,#5650,#264,.T.);
#4659=EDGE_CURVE('',#5679,#5680,#265,.T.);
#4660=EDGE_CURVE('',#5680,#5681,#266,.T.);
#4661=EDGE_CURVE('',#5681,#5682,#267,.T.);
#4662=EDGE_CURVE('',#5682,#5679,#268,.T.);
#4663=EDGE_CURVE('',#5683,#5684,#269,.T.);
#4664=EDGE_CURVE('',#5685,#5683,#270,.T.);
#4665=EDGE_CURVE('',#5686,#5685,#271,.T.);
#4666=EDGE_CURVE('',#5684,#5686,#272,.T.);
#4667=EDGE_CURVE('',#5680,#5615,#273,.T.);
#4668=EDGE_CURVE('',#5679,#5617,#274,.T.);
#4669=EDGE_CURVE('',#5681,#5616,#275,.T.);
#4670=EDGE_CURVE('',#5682,#5618,#276,.T.);
#4671=EDGE_CURVE('',#5685,#5635,#277,.T.);
#4672=EDGE_CURVE('',#5683,#5636,#278,.T.);
#4673=EDGE_CURVE('',#5684,#5637,#279,.T.);
#4674=EDGE_CURVE('',#5686,#5638,#280,.T.);
#4675=EDGE_CURVE('',#5687,#5651,#281,.T.);
#4676=EDGE_CURVE('',#5688,#5687,#282,.T.);
#4677=EDGE_CURVE('',#5688,#5653,#283,.T.);
#4678=EDGE_CURVE('',#5689,#5652,#284,.T.);
#4679=EDGE_CURVE('',#5687,#5689,#285,.T.);
#4680=EDGE_CURVE('',#5690,#5654,#286,.T.);
#4681=EDGE_CURVE('',#5689,#5690,#287,.T.);
#4682=EDGE_CURVE('',#5690,#5688,#288,.T.);
#4683=EDGE_CURVE('',#5691,#5639,#289,.T.);
#4684=EDGE_CURVE('',#5692,#5691,#290,.T.);
#4685=EDGE_CURVE('',#5692,#5641,#291,.T.);
#4686=EDGE_CURVE('',#5693,#5640,#292,.T.);
#4687=EDGE_CURVE('',#5691,#5693,#293,.T.);
#4688=EDGE_CURVE('',#5694,#5642,#294,.T.);
#4689=EDGE_CURVE('',#5693,#5694,#295,.T.);
#4690=EDGE_CURVE('',#5694,#5692,#296,.T.);
#4691=EDGE_CURVE('',#5695,#5655,#297,.T.);
#4692=EDGE_CURVE('',#5696,#5695,#298,.T.);
#4693=EDGE_CURVE('',#5696,#5657,#299,.T.);
#4694=EDGE_CURVE('',#5697,#5656,#300,.T.);
#4695=EDGE_CURVE('',#5695,#5697,#301,.T.);
#4696=EDGE_CURVE('',#5698,#5658,#302,.T.);
#4697=EDGE_CURVE('',#5697,#5698,#303,.T.);
#4698=EDGE_CURVE('',#5698,#5696,#304,.T.);
#4699=EDGE_CURVE('',#5699,#5659,#305,.T.);
#4700=EDGE_CURVE('',#5700,#5699,#306,.T.);
#4701=EDGE_CURVE('',#5700,#5661,#307,.T.);
#4702=EDGE_CURVE('',#5701,#5660,#308,.T.);
#4703=EDGE_CURVE('',#5699,#5701,#309,.T.);
#4704=EDGE_CURVE('',#5702,#5662,#310,.T.);
#4705=EDGE_CURVE('',#5701,#5702,#311,.T.);
#4706=EDGE_CURVE('',#5702,#5700,#312,.T.);
#4707=EDGE_CURVE('',#5703,#5643,#313,.T.);
#4708=EDGE_CURVE('',#5704,#5703,#314,.T.);
#4709=EDGE_CURVE('',#5704,#5645,#315,.T.);
#4710=EDGE_CURVE('',#5705,#5644,#316,.T.);
#4711=EDGE_CURVE('',#5703,#5705,#317,.T.);
#4712=EDGE_CURVE('',#5706,#5646,#318,.T.);
#4713=EDGE_CURVE('',#5705,#5706,#319,.T.);
#4714=EDGE_CURVE('',#5706,#5704,#320,.T.);
#4715=EDGE_CURVE('',#5707,#5707,#6275,.F.);
#4716=EDGE_CURVE('',#5599,#5600,#38,.T.);
#4717=EDGE_CURVE('',#5708,#5708,#6276,.T.);
#4718=EDGE_CURVE('',#5709,#5709,#6277,.T.);
#4719=EDGE_CURVE('',#5710,#5710,#6278,.T.);
#4720=EDGE_CURVE('',#5711,#5711,#6279,.T.);
#4721=EDGE_CURVE('',#5712,#5712,#6280,.T.);
#4722=EDGE_CURVE('',#5713,#5619,#321,.T.);
#4723=EDGE_CURVE('',#5714,#5713,#322,.T.);
#4724=EDGE_CURVE('',#5714,#5621,#323,.T.);
#4725=EDGE_CURVE('',#5715,#5620,#324,.T.);
#4726=EDGE_CURVE('',#5713,#5715,#325,.T.);
#4727=EDGE_CURVE('',#5716,#5622,#326,.T.);
#4728=EDGE_CURVE('',#5715,#5716,#327,.T.);
#4729=EDGE_CURVE('',#5716,#5714,#328,.T.);
#4730=EDGE_CURVE('',#5717,#5623,#329,.T.);
#4731=EDGE_CURVE('',#5718,#5717,#330,.T.);
#4732=EDGE_CURVE('',#5718,#5625,#331,.T.);
#4733=EDGE_CURVE('',#5719,#5624,#332,.T.);
#4734=EDGE_CURVE('',#5717,#5719,#333,.T.);
#4735=EDGE_CURVE('',#5720,#5626,#334,.T.);
#4736=EDGE_CURVE('',#5719,#5720,#335,.T.);
#4737=EDGE_CURVE('',#5720,#5718,#336,.T.);
#4738=EDGE_CURVE('',#5721,#5627,#337,.T.);
#4739=EDGE_CURVE('',#5722,#5721,#338,.T.);
#4740=EDGE_CURVE('',#5722,#5629,#339,.T.);
#4741=EDGE_CURVE('',#5723,#5628,#340,.T.);
#4742=EDGE_CURVE('',#5721,#5723,#341,.T.);
#4743=EDGE_CURVE('',#5724,#5630,#342,.T.);
#4744=EDGE_CURVE('',#5723,#5724,#343,.T.);
#4745=EDGE_CURVE('',#5724,#5722,#344,.T.);
#4746=EDGE_CURVE('',#5725,#5631,#345,.T.);
#4747=EDGE_CURVE('',#5726,#5725,#346,.T.);
#4748=EDGE_CURVE('',#5726,#5633,#347,.T.);
#4749=EDGE_CURVE('',#5727,#5632,#348,.T.);
#4750=EDGE_CURVE('',#5725,#5727,#349,.T.);
#4751=EDGE_CURVE('',#5728,#5634,#350,.T.);
#4752=EDGE_CURVE('',#5727,#5728,#351,.T.);
#4753=EDGE_CURVE('',#5728,#5726,#352,.T.);
#4754=EDGE_CURVE('',#5729,#5729,#6281,.T.);
#4755=EDGE_CURVE('',#5730,#5730,#6282,.T.);
#4756=EDGE_CURVE('',#5731,#5731,#6283,.T.);
#4757=EDGE_CURVE('',#5732,#5732,#6284,.T.);
#4758=EDGE_CURVE('',#5733,#5734,#353,.T.);
#4759=EDGE_CURVE('',#5735,#5733,#6285,.T.);
#4760=EDGE_CURVE('',#5736,#5735,#354,.T.);
#4761=EDGE_CURVE('',#5737,#5736,#6286,.T.);
#4762=EDGE_CURVE('',#5737,#5738,#355,.T.);
#4763=EDGE_CURVE('',#5738,#5739,#6287,.T.);
#4764=EDGE_CURVE('',#5739,#5740,#356,.T.);
#4765=EDGE_CURVE('',#5734,#5740,#6288,.T.);
#4766=EDGE_CURVE('',#5740,#5741,#6289,.T.);
#4767=EDGE_CURVE('',#5740,#5742,#357,.T.);
#4768=EDGE_CURVE('',#5742,#5743,#6290,.T.);
#4769=EDGE_CURVE('',#5743,#5744,#358,.T.);
#4770=EDGE_CURVE('',#5745,#5744,#6291,.T.);
#4771=EDGE_CURVE('',#5746,#5745,#359,.T.);
#4772=EDGE_CURVE('',#5747,#5746,#6292,.T.);
#4773=EDGE_CURVE('',#5741,#5747,#360,.T.);
#4774=EDGE_CURVE('',#5748,#5737,#6293,.T.);
#4775=EDGE_CURVE('',#5749,#5748,#361,.T.);
#4776=EDGE_CURVE('',#5750,#5749,#6294,.T.);
#4777=EDGE_CURVE('',#5751,#5750,#362,.T.);
#4778=EDGE_CURVE('',#5752,#5751,#6295,.T.);
#4779=EDGE_CURVE('',#5752,#5753,#363,.T.);
#4780=EDGE_CURVE('',#5753,#5754,#6296,.T.);
#4781=EDGE_CURVE('',#5754,#5737,#364,.T.);
#4782=EDGE_CURVE('',#5755,#5752,#6297,.T.);
#4783=EDGE_CURVE('',#5756,#5755,#365,.T.);
#4784=EDGE_CURVE('',#5757,#5756,#6298,.T.);
#4785=EDGE_CURVE('',#5758,#5757,#366,.T.);
#4786=EDGE_CURVE('',#5744,#5758,#6299,.T.);
#4787=EDGE_CURVE('',#5744,#5759,#367,.T.);
#4788=EDGE_CURVE('',#5759,#5760,#6300,.T.);
#4789=EDGE_CURVE('',#5760,#5752,#368,.T.);
#4790=EDGE_CURVE('',#5761,#5762,#369,.T.);
#4791=EDGE_CURVE('',#5761,#5763,#370,.T.);
#4792=EDGE_CURVE('',#5763,#5764,#371,.T.);
#4793=EDGE_CURVE('',#5765,#5764,#372,.T.);
#4794=EDGE_CURVE('',#5766,#5765,#373,.T.);
#4795=EDGE_CURVE('',#5766,#5767,#374,.T.);
#4796=EDGE_CURVE('',#5768,#5767,#375,.T.);
#4797=EDGE_CURVE('',#5769,#5768,#376,.T.);
#4798=EDGE_CURVE('',#5769,#5770,#377,.T.);
#4799=EDGE_CURVE('',#5770,#5771,#378,.T.);
#4800=EDGE_CURVE('',#5772,#5771,#379,.T.);
#4801=EDGE_CURVE('',#5773,#5772,#380,.T.);
#4802=EDGE_CURVE('',#5773,#5774,#381,.T.);
#4803=EDGE_CURVE('',#5774,#5775,#382,.T.);
#4804=EDGE_CURVE('',#5776,#5775,#383,.T.);
#4805=EDGE_CURVE('',#5777,#5776,#384,.T.);
#4806=EDGE_CURVE('',#5777,#5778,#385,.T.);
#4807=EDGE_CURVE('',#5778,#5779,#386,.T.);
#4808=EDGE_CURVE('',#5780,#5779,#387,.T.);
#4809=EDGE_CURVE('',#5781,#5780,#388,.T.);
#4810=EDGE_CURVE('',#5781,#5782,#389,.T.);
#4811=EDGE_CURVE('',#5782,#5783,#390,.T.);
#4812=EDGE_CURVE('',#5784,#5783,#391,.T.);
#4813=EDGE_CURVE('',#5785,#5784,#392,.T.);
#4814=EDGE_CURVE('',#5785,#5786,#393,.T.);
#4815=EDGE_CURVE('',#5787,#5786,#394,.T.);
#4816=EDGE_CURVE('',#5788,#5787,#395,.T.);
#4817=EDGE_CURVE('',#5789,#5788,#396,.T.);
#4818=EDGE_CURVE('',#5789,#5790,#397,.T.);
#4819=EDGE_CURVE('',#5791,#5790,#398,.T.);
#4820=EDGE_CURVE('',#5792,#5791,#399,.T.);
#4821=EDGE_CURVE('',#5793,#5792,#400,.T.);
#4822=EDGE_CURVE('',#5793,#5794,#401,.T.);
#4823=EDGE_CURVE('',#5795,#5794,#402,.T.);
#4824=EDGE_CURVE('',#5796,#5795,#403,.T.);
#4825=EDGE_CURVE('',#5797,#5796,#404,.T.);
#4826=EDGE_CURVE('',#5797,#5798,#405,.T.);
#4827=EDGE_CURVE('',#5799,#5798,#406,.T.);
#4828=EDGE_CURVE('',#5800,#5799,#407,.T.);
#4829=EDGE_CURVE('',#5801,#5800,#408,.T.);
#4830=EDGE_CURVE('',#5801,#5802,#409,.T.);
#4831=EDGE_CURVE('',#5802,#5803,#410,.T.);
#4832=EDGE_CURVE('',#5803,#5804,#411,.T.);
#4833=EDGE_CURVE('',#5805,#5804,#412,.T.);
#4834=EDGE_CURVE('',#5805,#5806,#413,.T.);
#4835=EDGE_CURVE('',#5806,#5807,#414,.T.);
#4836=EDGE_CURVE('',#5807,#5808,#415,.T.);
#4837=EDGE_CURVE('',#5809,#5808,#416,.T.);
#4838=EDGE_CURVE('',#5809,#5810,#417,.T.);
#4839=EDGE_CURVE('',#5810,#5811,#418,.T.);
#4840=EDGE_CURVE('',#5811,#5812,#419,.T.);
#4841=EDGE_CURVE('',#5813,#5812,#420,.T.);
#4842=EDGE_CURVE('',#5813,#5814,#421,.T.);
#4843=EDGE_CURVE('',#5814,#5815,#422,.T.);
#4844=EDGE_CURVE('',#5815,#5816,#423,.T.);
#4845=EDGE_CURVE('',#5817,#5816,#424,.T.);
#4846=EDGE_CURVE('',#5817,#5818,#425,.T.);
#4847=EDGE_CURVE('',#5818,#5819,#426,.T.);
#4848=EDGE_CURVE('',#5820,#5819,#427,.T.);
#4849=EDGE_CURVE('',#5821,#5820,#428,.T.);
#4850=EDGE_CURVE('',#5821,#5822,#429,.T.);
#4851=EDGE_CURVE('',#5822,#5823,#430,.T.);
#4852=EDGE_CURVE('',#5824,#5823,#431,.T.);
#4853=EDGE_CURVE('',#5825,#5824,#432,.T.);
#4854=EDGE_CURVE('',#5825,#5826,#433,.T.);
#4855=EDGE_CURVE('',#5826,#5827,#434,.T.);
#4856=EDGE_CURVE('',#5828,#5827,#435,.T.);
#4857=EDGE_CURVE('',#5829,#5828,#436,.T.);
#4858=EDGE_CURVE('',#5829,#5830,#437,.T.);
#4859=EDGE_CURVE('',#5830,#5831,#438,.T.);
#4860=EDGE_CURVE('',#5832,#5831,#439,.T.);
#4861=EDGE_CURVE('',#5833,#5832,#440,.T.);
#4862=EDGE_CURVE('',#5833,#5834,#441,.T.);
#4863=EDGE_CURVE('',#5834,#5835,#442,.T.);
#4864=EDGE_CURVE('',#5835,#5836,#443,.T.);
#4865=EDGE_CURVE('',#5836,#5837,#444,.T.);
#4866=EDGE_CURVE('',#5838,#5837,#445,.T.);
#4867=EDGE_CURVE('',#5838,#5839,#446,.T.);
#4868=EDGE_CURVE('',#5839,#5840,#447,.T.);
#4869=EDGE_CURVE('',#5840,#5841,#448,.T.);
#4870=EDGE_CURVE('',#5842,#5841,#449,.T.);
#4871=EDGE_CURVE('',#5842,#5843,#450,.T.);
#4872=EDGE_CURVE('',#5843,#5844,#451,.T.);
#4873=EDGE_CURVE('',#5844,#5845,#452,.T.);
#4874=EDGE_CURVE('',#5846,#5845,#453,.T.);
#4875=EDGE_CURVE('',#5846,#5847,#454,.T.);
#4876=EDGE_CURVE('',#5847,#5848,#455,.T.);
#4877=EDGE_CURVE('',#5848,#5849,#456,.T.);
#4878=EDGE_CURVE('',#5850,#5849,#457,.T.);
#4879=EDGE_CURVE('',#5850,#5851,#458,.T.);
#4880=EDGE_CURVE('',#5851,#5852,#459,.T.);
#4881=EDGE_CURVE('',#5853,#5852,#460,.T.);
#4882=EDGE_CURVE('',#5854,#5853,#461,.T.);
#4883=EDGE_CURVE('',#5854,#5855,#462,.T.);
#4884=EDGE_CURVE('',#5855,#5856,#463,.T.);
#4885=EDGE_CURVE('',#5857,#5856,#464,.T.);
#4886=EDGE_CURVE('',#5858,#5857,#465,.T.);
#4887=EDGE_CURVE('',#5858,#5859,#466,.T.);
#4888=EDGE_CURVE('',#5859,#5860,#467,.T.);
#4889=EDGE_CURVE('',#5762,#5860,#468,.T.);
#4890=EDGE_CURVE('',#5861,#5862,#469,.T.);
#4891=EDGE_CURVE('',#5863,#5861,#6301,.T.);
#4892=EDGE_CURVE('',#5864,#5863,#470,.T.);
#4893=EDGE_CURVE('',#5865,#5864,#6302,.T.);
#4894=EDGE_CURVE('',#5866,#5865,#471,.T.);
#4895=EDGE_CURVE('',#5867,#5866,#6303,.T.);
#4896=EDGE_CURVE('',#5868,#5867,#472,.T.);
#4897=EDGE_CURVE('',#5862,#5868,#6304,.T.);
#4898=EDGE_CURVE('',#5869,#5870,#6305,.T.);
#4899=EDGE_CURVE('',#5871,#5870,#473,.T.);
#4900=EDGE_CURVE('',#5872,#5871,#6306,.T.);
#4901=EDGE_CURVE('',#5872,#5869,#474,.T.);
#4902=EDGE_CURVE('',#5873,#5870,#475,.T.);
#4903=EDGE_CURVE('',#5874,#5873,#476,.T.);
#4904=EDGE_CURVE('',#5874,#5871,#477,.T.);
#4905=EDGE_CURVE('',#5875,#5873,#478,.T.);
#4906=EDGE_CURVE('',#5876,#5875,#479,.T.);
#4907=EDGE_CURVE('',#5876,#5874,#480,.T.);
#4908=EDGE_CURVE('',#5875,#5877,#6307,.T.);
#4909=EDGE_CURVE('',#5878,#5877,#481,.T.);
#4910=EDGE_CURVE('',#5876,#5878,#6308,.T.);
#4911=EDGE_CURVE('',#5877,#5879,#482,.T.);
#4912=EDGE_CURVE('',#5880,#5879,#483,.T.);
#4913=EDGE_CURVE('',#5878,#5880,#484,.T.);
#4914=EDGE_CURVE('',#5881,#5879,#6309,.T.);
#4915=EDGE_CURVE('',#5882,#5881,#485,.T.);
#4916=EDGE_CURVE('',#5882,#5880,#6310,.T.);
#4917=EDGE_CURVE('',#5883,#5881,#486,.T.);
#4918=EDGE_CURVE('',#5884,#5883,#487,.T.);
#4919=EDGE_CURVE('',#5884,#5882,#488,.T.);
#4920=EDGE_CURVE('',#5883,#5885,#6311,.T.);
#4921=EDGE_CURVE('',#5886,#5885,#489,.T.);
#4922=EDGE_CURVE('',#5884,#5886,#6312,.T.);
#4923=EDGE_CURVE('',#5887,#5885,#490,.T.);
#4924=EDGE_CURVE('',#5888,#5887,#491,.T.);
#4925=EDGE_CURVE('',#5888,#5886,#492,.T.);
#4926=EDGE_CURVE('',#5889,#5890,#493,.T.);
#4927=EDGE_CURVE('',#5761,#5889,#494,.T.);
#4928=EDGE_CURVE('',#5762,#5890,#495,.T.);
#4929=EDGE_CURVE('',#5889,#5891,#496,.T.);
#4930=EDGE_CURVE('',#5763,#5891,#497,.T.);
#4931=EDGE_CURVE('',#5891,#5892,#498,.T.);
#4932=EDGE_CURVE('',#5764,#5892,#499,.T.);
#4933=EDGE_CURVE('',#5893,#5892,#500,.T.);
#4934=EDGE_CURVE('',#5765,#5893,#501,.T.);
#4935=EDGE_CURVE('',#5894,#5893,#502,.T.);
#4936=EDGE_CURVE('',#5766,#5894,#503,.T.);
#4937=EDGE_CURVE('',#5894,#5895,#504,.T.);
#4938=EDGE_CURVE('',#5767,#5895,#505,.T.);
#4939=EDGE_CURVE('',#5896,#5896,#6313,.T.);
#4940=EDGE_CURVE('',#5897,#5897,#6314,.T.);
#4941=EDGE_CURVE('',#5898,#5898,#6315,.T.);
#4942=EDGE_CURVE('',#5899,#5899,#6316,.T.);
#4943=EDGE_CURVE('',#5900,#5895,#506,.T.);
#4944=EDGE_CURVE('',#5768,#5900,#507,.T.);
#4945=EDGE_CURVE('',#5901,#5900,#508,.T.);
#4946=EDGE_CURVE('',#5769,#5901,#509,.T.);
#4947=EDGE_CURVE('',#5901,#5902,#510,.T.);
#4948=EDGE_CURVE('',#5770,#5902,#511,.T.);
#4949=EDGE_CURVE('',#5902,#5903,#512,.T.);
#4950=EDGE_CURVE('',#5771,#5903,#513,.T.);
#4951=EDGE_CURVE('',#5904,#5903,#514,.T.);
#4952=EDGE_CURVE('',#5772,#5904,#515,.T.);
#4953=EDGE_CURVE('',#5905,#5904,#516,.T.);
#4954=EDGE_CURVE('',#5773,#5905,#517,.T.);
#4955=EDGE_CURVE('',#5905,#5906,#518,.T.);
#4956=EDGE_CURVE('',#5774,#5906,#519,.T.);
#4957=EDGE_CURVE('',#5906,#5907,#520,.T.);
#4958=EDGE_CURVE('',#5775,#5907,#521,.T.);
#4959=EDGE_CURVE('',#5908,#5907,#522,.T.);
#4960=EDGE_CURVE('',#5776,#5908,#523,.T.);
#4961=EDGE_CURVE('',#5909,#5908,#524,.T.);
#4962=EDGE_CURVE('',#5777,#5909,#525,.T.);
#4963=EDGE_CURVE('',#5909,#5910,#526,.T.);
#4964=EDGE_CURVE('',#5778,#5910,#527,.T.);
#4965=EDGE_CURVE('',#5910,#5911,#528,.T.);
#4966=EDGE_CURVE('',#5779,#5911,#529,.T.);
#4967=EDGE_CURVE('',#5912,#5911,#530,.T.);
#4968=EDGE_CURVE('',#5780,#5912,#531,.T.);
#4969=EDGE_CURVE('',#5913,#5912,#532,.T.);
#4970=EDGE_CURVE('',#5781,#5913,#533,.T.);
#4971=EDGE_CURVE('',#5913,#5914,#534,.T.);
#4972=EDGE_CURVE('',#5782,#5914,#535,.T.);
#4973=EDGE_CURVE('',#5914,#5915,#536,.T.);
#4974=EDGE_CURVE('',#5783,#5915,#537,.T.);
#4975=EDGE_CURVE('',#5916,#5915,#538,.T.);
#4976=EDGE_CURVE('',#5784,#5916,#539,.T.);
#4977=EDGE_CURVE('',#5917,#5916,#540,.T.);
#4978=EDGE_CURVE('',#5785,#5917,#541,.T.);
#4979=EDGE_CURVE('',#5917,#5918,#542,.T.);
#4980=EDGE_CURVE('',#5786,#5918,#543,.T.);
#4981=EDGE_CURVE('',#5919,#5918,#544,.T.);
#4982=EDGE_CURVE('',#5787,#5919,#545,.T.);
#4983=EDGE_CURVE('',#5920,#5919,#546,.T.);
#4984=EDGE_CURVE('',#5788,#5920,#547,.T.);
#4985=EDGE_CURVE('',#5921,#5920,#548,.T.);
#4986=EDGE_CURVE('',#5789,#5921,#549,.T.);
#4987=EDGE_CURVE('',#5921,#5922,#550,.T.);
#4988=EDGE_CURVE('',#5790,#5922,#551,.T.);
#4989=EDGE_CURVE('',#5923,#5922,#552,.T.);
#4990=EDGE_CURVE('',#5791,#5923,#553,.T.);
#4991=EDGE_CURVE('',#5924,#5923,#554,.T.);
#4992=EDGE_CURVE('',#5792,#5924,#555,.T.);
#4993=EDGE_CURVE('',#5925,#5924,#556,.T.);
#4994=EDGE_CURVE('',#5793,#5925,#557,.T.);
#4995=EDGE_CURVE('',#5925,#5926,#558,.T.);
#4996=EDGE_CURVE('',#5794,#5926,#559,.T.);
#4997=EDGE_CURVE('',#5927,#5926,#560,.T.);
#4998=EDGE_CURVE('',#5795,#5927,#561,.T.);
#4999=EDGE_CURVE('',#5928,#5927,#562,.T.);
#5000=EDGE_CURVE('',#5796,#5928,#563,.T.);
#5001=EDGE_CURVE('',#5929,#5928,#564,.T.);
#5002=EDGE_CURVE('',#5797,#5929,#565,.T.);
#5003=EDGE_CURVE('',#5929,#5930,#566,.T.);
#5004=EDGE_CURVE('',#5798,#5930,#567,.T.);
#5005=EDGE_CURVE('',#5931,#5930,#568,.T.);
#5006=EDGE_CURVE('',#5799,#5931,#569,.T.);
#5007=EDGE_CURVE('',#5932,#5931,#570,.T.);
#5008=EDGE_CURVE('',#5800,#5932,#571,.T.);
#5009=EDGE_CURVE('',#5933,#5932,#572,.T.);
#5010=EDGE_CURVE('',#5801,#5933,#573,.T.);
#5011=EDGE_CURVE('',#5933,#5934,#574,.T.);
#5012=EDGE_CURVE('',#5802,#5934,#575,.T.);
#5013=EDGE_CURVE('',#5934,#5935,#576,.T.);
#5014=EDGE_CURVE('',#5803,#5935,#577,.T.);
#5015=EDGE_CURVE('',#5935,#5936,#578,.T.);
#5016=EDGE_CURVE('',#5804,#5936,#579,.T.);
#5017=EDGE_CURVE('',#5937,#5936,#580,.T.);
#5018=EDGE_CURVE('',#5805,#5937,#581,.T.);
#5019=EDGE_CURVE('',#5937,#5938,#582,.T.);
#5020=EDGE_CURVE('',#5806,#5938,#583,.T.);
#5021=EDGE_CURVE('',#5938,#5939,#584,.T.);
#5022=EDGE_CURVE('',#5807,#5939,#585,.T.);
#5023=EDGE_CURVE('',#5939,#5940,#586,.T.);
#5024=EDGE_CURVE('',#5808,#5940,#587,.T.);
#5025=EDGE_CURVE('',#5941,#5940,#588,.T.);
#5026=EDGE_CURVE('',#5809,#5941,#589,.T.);
#5027=EDGE_CURVE('',#5941,#5942,#590,.T.);
#5028=EDGE_CURVE('',#5810,#5942,#591,.T.);
#5029=EDGE_CURVE('',#5942,#5943,#592,.T.);
#5030=EDGE_CURVE('',#5811,#5943,#593,.T.);
#5031=EDGE_CURVE('',#5943,#5944,#594,.T.);
#5032=EDGE_CURVE('',#5812,#5944,#595,.T.);
#5033=EDGE_CURVE('',#5945,#5944,#596,.T.);
#5034=EDGE_CURVE('',#5813,#5945,#597,.T.);
#5035=EDGE_CURVE('',#5945,#5946,#598,.T.);
#5036=EDGE_CURVE('',#5814,#5946,#599,.T.);
#5037=EDGE_CURVE('',#5946,#5947,#600,.T.);
#5038=EDGE_CURVE('',#5815,#5947,#601,.T.);
#5039=EDGE_CURVE('',#5947,#5948,#602,.T.);
#5040=EDGE_CURVE('',#5816,#5948,#603,.T.);
#5041=EDGE_CURVE('',#5949,#5948,#604,.T.);
#5042=EDGE_CURVE('',#5817,#5949,#605,.T.);
#5043=EDGE_CURVE('',#5949,#5950,#606,.T.);
#5044=EDGE_CURVE('',#5818,#5950,#607,.T.);
#5045=EDGE_CURVE('',#5950,#5951,#608,.T.);
#5046=EDGE_CURVE('',#5819,#5951,#609,.T.);
#5047=EDGE_CURVE('',#5952,#5951,#610,.T.);
#5048=EDGE_CURVE('',#5820,#5952,#611,.T.);
#5049=EDGE_CURVE('',#5953,#5952,#612,.T.);
#5050=EDGE_CURVE('',#5821,#5953,#613,.T.);
#5051=EDGE_CURVE('',#5953,#5954,#614,.T.);
#5052=EDGE_CURVE('',#5822,#5954,#615,.T.);
#5053=EDGE_CURVE('',#5954,#5955,#616,.T.);
#5054=EDGE_CURVE('',#5823,#5955,#617,.T.);
#5055=EDGE_CURVE('',#5956,#5955,#618,.T.);
#5056=EDGE_CURVE('',#5824,#5956,#619,.T.);
#5057=EDGE_CURVE('',#5957,#5956,#620,.T.);
#5058=EDGE_CURVE('',#5825,#5957,#621,.T.);
#5059=EDGE_CURVE('',#5957,#5958,#622,.T.);
#5060=EDGE_CURVE('',#5826,#5958,#623,.T.);
#5061=EDGE_CURVE('',#5958,#5959,#624,.T.);
#5062=EDGE_CURVE('',#5827,#5959,#625,.T.);
#5063=EDGE_CURVE('',#5960,#5959,#626,.T.);
#5064=EDGE_CURVE('',#5828,#5960,#627,.T.);
#5065=EDGE_CURVE('',#5961,#5960,#628,.T.);
#5066=EDGE_CURVE('',#5829,#5961,#629,.T.);
#5067=EDGE_CURVE('',#5961,#5962,#630,.T.);
#5068=EDGE_CURVE('',#5830,#5962,#631,.T.);
#5069=EDGE_CURVE('',#5962,#5963,#632,.T.);
#5070=EDGE_CURVE('',#5831,#5963,#633,.T.);
#5071=EDGE_CURVE('',#5964,#5963,#634,.T.);
#5072=EDGE_CURVE('',#5832,#5964,#635,.T.);
#5073=EDGE_CURVE('',#5965,#5964,#636,.T.);
#5074=EDGE_CURVE('',#5833,#5965,#637,.T.);
#5075=EDGE_CURVE('',#5965,#5966,#638,.T.);
#5076=EDGE_CURVE('',#5834,#5966,#639,.T.);
#5077=EDGE_CURVE('',#5966,#5967,#640,.T.);
#5078=EDGE_CURVE('',#5835,#5967,#641,.T.);
#5079=EDGE_CURVE('',#5967,#5968,#642,.T.);
#5080=EDGE_CURVE('',#5836,#5968,#643,.T.);
#5081=EDGE_CURVE('',#5968,#5969,#644,.T.);
#5082=EDGE_CURVE('',#5837,#5969,#645,.T.);
#5083=EDGE_CURVE('',#5970,#5969,#646,.T.);
#5084=EDGE_CURVE('',#5838,#5970,#647,.T.);
#5085=EDGE_CURVE('',#5970,#5971,#648,.T.);
#5086=EDGE_CURVE('',#5839,#5971,#649,.T.);
#5087=EDGE_CURVE('',#5971,#5972,#650,.T.);
#5088=EDGE_CURVE('',#5840,#5972,#651,.T.);
#5089=EDGE_CURVE('',#5972,#5973,#652,.T.);
#5090=EDGE_CURVE('',#5841,#5973,#653,.T.);
#5091=EDGE_CURVE('',#5974,#5973,#654,.T.);
#5092=EDGE_CURVE('',#5842,#5974,#655,.T.);
#5093=EDGE_CURVE('',#5974,#5975,#656,.T.);
#5094=EDGE_CURVE('',#5843,#5975,#657,.T.);
#5095=EDGE_CURVE('',#5975,#5976,#658,.T.);
#5096=EDGE_CURVE('',#5844,#5976,#659,.T.);
#5097=EDGE_CURVE('',#5976,#5977,#660,.T.);
#5098=EDGE_CURVE('',#5845,#5977,#661,.T.);
#5099=EDGE_CURVE('',#5978,#5977,#662,.T.);
#5100=EDGE_CURVE('',#5846,#5978,#663,.T.);
#5101=EDGE_CURVE('',#5978,#5979,#664,.T.);
#5102=EDGE_CURVE('',#5847,#5979,#665,.T.);
#5103=EDGE_CURVE('',#5979,#5980,#666,.T.);
#5104=EDGE_CURVE('',#5848,#5980,#667,.T.);
#5105=EDGE_CURVE('',#5980,#5981,#668,.T.);
#5106=EDGE_CURVE('',#5849,#5981,#669,.T.);
#5107=EDGE_CURVE('',#5982,#5981,#670,.T.);
#5108=EDGE_CURVE('',#5850,#5982,#671,.T.);
#5109=EDGE_CURVE('',#5982,#5983,#672,.T.);
#5110=EDGE_CURVE('',#5851,#5983,#673,.T.);
#5111=EDGE_CURVE('',#5983,#5984,#674,.T.);
#5112=EDGE_CURVE('',#5852,#5984,#675,.T.);
#5113=EDGE_CURVE('',#5985,#5984,#676,.T.);
#5114=EDGE_CURVE('',#5853,#5985,#677,.T.);
#5115=EDGE_CURVE('',#5986,#5985,#678,.T.);
#5116=EDGE_CURVE('',#5854,#5986,#679,.T.);
#5117=EDGE_CURVE('',#5986,#5987,#680,.T.);
#5118=EDGE_CURVE('',#5855,#5987,#681,.T.);
#5119=EDGE_CURVE('',#5987,#5988,#682,.T.);
#5120=EDGE_CURVE('',#5856,#5988,#683,.T.);
#5121=EDGE_CURVE('',#5989,#5988,#684,.T.);
#5122=EDGE_CURVE('',#5857,#5989,#685,.T.);
#5123=EDGE_CURVE('',#5990,#5989,#686,.T.);
#5124=EDGE_CURVE('',#5858,#5990,#687,.T.);
#5125=EDGE_CURVE('',#5990,#5991,#688,.T.);
#5126=EDGE_CURVE('',#5859,#5991,#689,.T.);
#5127=EDGE_CURVE('',#5991,#5992,#690,.T.);
#5128=EDGE_CURVE('',#5860,#5992,#691,.T.);
#5129=EDGE_CURVE('',#5993,#5994,#692,.T.);
#5130=EDGE_CURVE('',#5995,#5994,#693,.T.);
#5131=EDGE_CURVE('',#5996,#5995,#694,.T.);
#5132=EDGE_CURVE('',#5996,#5993,#695,.T.);
#5133=EDGE_CURVE('',#5994,#5997,#6317,.T.);
#5134=EDGE_CURVE('',#5998,#5997,#696,.T.);
#5135=EDGE_CURVE('',#5995,#5998,#6318,.T.);
#5136=EDGE_CURVE('',#5999,#5997,#697,.T.);
#5137=EDGE_CURVE('',#6000,#5999,#698,.T.);
#5138=EDGE_CURVE('',#6000,#5998,#699,.T.);
#5139=EDGE_CURVE('',#5999,#6001,#700,.T.);
#5140=EDGE_CURVE('',#6002,#6001,#701,.T.);
#5141=EDGE_CURVE('',#6000,#6002,#702,.T.);
#5142=EDGE_CURVE('',#6001,#6003,#6319,.T.);
#5143=EDGE_CURVE('',#6004,#6003,#703,.T.);
#5144=EDGE_CURVE('',#6002,#6004,#6320,.T.);
#5145=EDGE_CURVE('',#6003,#6005,#704,.T.);
#5146=EDGE_CURVE('',#6006,#6005,#705,.T.);
#5147=EDGE_CURVE('',#6004,#6006,#706,.T.);
#5148=EDGE_CURVE('',#6007,#6005,#6321,.T.);
#5149=EDGE_CURVE('',#6008,#6007,#707,.T.);
#5150=EDGE_CURVE('',#6008,#6006,#6322,.T.);
#5151=EDGE_CURVE('',#6009,#6007,#708,.T.);
#5152=EDGE_CURVE('',#6010,#6009,#709,.T.);
#5153=EDGE_CURVE('',#6010,#6008,#710,.T.);
#5154=EDGE_CURVE('',#6009,#6011,#6323,.T.);
#5155=EDGE_CURVE('',#6012,#6011,#711,.T.);
#5156=EDGE_CURVE('',#6010,#6012,#6324,.T.);
#5157=EDGE_CURVE('',#6013,#6014,#712,.T.);
#5158=EDGE_CURVE('',#6015,#6014,#713,.T.);
#5159=EDGE_CURVE('',#6016,#6015,#714,.T.);
#5160=EDGE_CURVE('',#6016,#6013,#715,.T.);
#5161=EDGE_CURVE('',#6014,#6017,#6325,.T.);
#5162=EDGE_CURVE('',#6018,#6017,#716,.T.);
#5163=EDGE_CURVE('',#6015,#6018,#6326,.T.);
#5164=EDGE_CURVE('',#6019,#6017,#717,.T.);
#5165=EDGE_CURVE('',#6020,#6019,#718,.T.);
#5166=EDGE_CURVE('',#6020,#6018,#719,.T.);
#5167=EDGE_CURVE('',#6019,#6021,#720,.T.);
#5168=EDGE_CURVE('',#6022,#6021,#721,.T.);
#5169=EDGE_CURVE('',#6020,#6022,#722,.T.);
#5170=EDGE_CURVE('',#6021,#6023,#6327,.T.);
#5171=EDGE_CURVE('',#6024,#6023,#723,.T.);
#5172=EDGE_CURVE('',#6022,#6024,#6328,.T.);
#5173=EDGE_CURVE('',#6023,#6025,#724,.T.);
#5174=EDGE_CURVE('',#6026,#6025,#725,.T.);
#5175=EDGE_CURVE('',#6024,#6026,#726,.T.);
#5176=EDGE_CURVE('',#6027,#6025,#6329,.T.);
#5177=EDGE_CURVE('',#6028,#6027,#727,.T.);
#5178=EDGE_CURVE('',#6028,#6026,#6330,.T.);
#5179=EDGE_CURVE('',#6029,#6027,#728,.T.);
#5180=EDGE_CURVE('',#6030,#6029,#729,.T.);
#5181=EDGE_CURVE('',#6030,#6028,#730,.T.);
#5182=EDGE_CURVE('',#6029,#6031,#6331,.T.);
#5183=EDGE_CURVE('',#6032,#6031,#731,.T.);
#5184=EDGE_CURVE('',#6030,#6032,#6332,.T.);
#5185=EDGE_CURVE('',#6033,#6034,#732,.T.);
#5186=EDGE_CURVE('',#6035,#6034,#733,.T.);
#5187=EDGE_CURVE('',#6036,#6035,#734,.T.);
#5188=EDGE_CURVE('',#6036,#6033,#735,.T.);
#5189=EDGE_CURVE('',#6034,#6037,#6333,.T.);
#5190=EDGE_CURVE('',#6038,#6037,#736,.T.);
#5191=EDGE_CURVE('',#6035,#6038,#6334,.T.);
#5192=EDGE_CURVE('',#6039,#6037,#737,.T.);
#5193=EDGE_CURVE('',#6040,#6039,#738,.T.);
#5194=EDGE_CURVE('',#6040,#6038,#739,.T.);
#5195=EDGE_CURVE('',#6041,#6039,#740,.T.);
#5196=EDGE_CURVE('',#6042,#6041,#741,.T.);
#5197=EDGE_CURVE('',#6042,#6040,#742,.T.);
#5198=EDGE_CURVE('',#6041,#6043,#6335,.T.);
#5199=EDGE_CURVE('',#6044,#6043,#743,.T.);
#5200=EDGE_CURVE('',#6042,#6044,#6336,.T.);
#5201=EDGE_CURVE('',#6043,#6045,#744,.T.);
#5202=EDGE_CURVE('',#6046,#6045,#745,.T.);
#5203=EDGE_CURVE('',#6044,#6046,#746,.T.);
#5204=EDGE_CURVE('',#6047,#6045,#6337,.T.);
#5205=EDGE_CURVE('',#6048,#6047,#747,.T.);
#5206=EDGE_CURVE('',#6048,#6046,#6338,.T.);
#5207=EDGE_CURVE('',#6049,#6047,#748,.T.);
#5208=EDGE_CURVE('',#6050,#6049,#749,.T.);
#5209=EDGE_CURVE('',#6050,#6048,#750,.T.);
#5210=EDGE_CURVE('',#6049,#6051,#6339,.T.);
#5211=EDGE_CURVE('',#6052,#6051,#751,.T.);
#5212=EDGE_CURVE('',#6050,#6052,#6340,.T.);
#5213=EDGE_CURVE('',#5887,#5869,#752,.T.);
#5214=EDGE_CURVE('',#5888,#5872,#753,.T.);
#5215=EDGE_CURVE('',#5890,#5992,#754,.T.);
#5216=EDGE_CURVE('',#5993,#6011,#755,.T.);
#5217=EDGE_CURVE('',#5996,#6012,#756,.T.);
#5218=EDGE_CURVE('',#6031,#6013,#757,.T.);
#5219=EDGE_CURVE('',#6032,#6016,#758,.T.);
#5220=EDGE_CURVE('',#6051,#6033,#759,.T.);
#5221=EDGE_CURVE('',#6052,#6036,#760,.T.);
#5222=EDGE_CURVE('',#6053,#6053,#6341,.T.);
#5223=EDGE_CURVE('',#6054,#6054,#6342,.T.);
#5224=EDGE_CURVE('',#5759,#5863,#761,.T.);
#5225=EDGE_CURVE('',#5743,#5864,#762,.T.);
#5226=EDGE_CURVE('',#5742,#5865,#763,.T.);
#5227=EDGE_CURVE('',#5739,#5866,#764,.T.);
#5228=EDGE_CURVE('',#5738,#5867,#765,.T.);
#5229=EDGE_CURVE('',#5754,#5868,#766,.T.);
#5230=EDGE_CURVE('',#5753,#5862,#767,.T.);
#5231=EDGE_CURVE('',#5760,#5861,#768,.T.);
#5232=EDGE_CURVE('',#6055,#5746,#769,.T.);
#5233=EDGE_CURVE('',#6056,#6055,#6343,.T.);
#5234=EDGE_CURVE('',#6056,#5747,#770,.T.);
#5235=EDGE_CURVE('',#6057,#5745,#771,.T.);
#5236=EDGE_CURVE('',#6055,#6057,#772,.T.);
#5237=EDGE_CURVE('',#6058,#5758,#773,.T.);
#5238=EDGE_CURVE('',#6057,#6058,#6344,.T.);
#5239=EDGE_CURVE('',#6059,#5757,#774,.T.);
#5240=EDGE_CURVE('',#6058,#6059,#775,.T.);
#5241=EDGE_CURVE('',#6060,#5756,#776,.T.);
#5242=EDGE_CURVE('',#6059,#6060,#6345,.T.);
#5243=EDGE_CURVE('',#6061,#5755,#777,.T.);
#5244=EDGE_CURVE('',#6060,#6061,#778,.T.);
#5245=EDGE_CURVE('',#6062,#5751,#779,.T.);
#5246=EDGE_CURVE('',#6061,#6062,#6346,.T.);
#5247=EDGE_CURVE('',#6063,#5750,#780,.T.);
#5248=EDGE_CURVE('',#6062,#6063,#781,.T.);
#5249=EDGE_CURVE('',#6064,#5749,#782,.T.);
#5250=EDGE_CURVE('',#6063,#6064,#6347,.T.);
#5251=EDGE_CURVE('',#6065,#5748,#783,.T.);
#5252=EDGE_CURVE('',#6064,#6065,#784,.T.);
#5253=EDGE_CURVE('',#6066,#5736,#785,.T.);
#5254=EDGE_CURVE('',#6065,#6066,#6348,.T.);
#5255=EDGE_CURVE('',#6067,#5735,#786,.T.);
#5256=EDGE_CURVE('',#6066,#6067,#787,.T.);
#5257=EDGE_CURVE('',#6068,#5733,#788,.T.);
#5258=EDGE_CURVE('',#6067,#6068,#6349,.T.);
#5259=EDGE_CURVE('',#6069,#5734,#789,.T.);
#5260=EDGE_CURVE('',#6068,#6069,#790,.T.);
#5261=EDGE_CURVE('',#6070,#5741,#791,.T.);
#5262=EDGE_CURVE('',#6069,#6070,#6350,.T.);
#5263=EDGE_CURVE('',#6070,#6056,#792,.T.);
#5264=EDGE_CURVE('',#6071,#6071,#6351,.T.);
#5265=EDGE_CURVE('',#6072,#6072,#6352,.T.);
#5266=EDGE_CURVE('',#6073,#6073,#6353,.T.);
#5267=EDGE_CURVE('',#6074,#6074,#6354,.T.);
#5268=EDGE_CURVE('',#6075,#6076,#793,.T.);
#5269=EDGE_CURVE('',#6076,#6077,#794,.T.);
#5270=EDGE_CURVE('',#6077,#6078,#795,.T.);
#5271=EDGE_CURVE('',#6078,#6079,#39,.T.);
#5272=EDGE_CURVE('',#6079,#6080,#40,.T.);
#5273=EDGE_CURVE('',#6080,#6075,#41,.T.);
#5274=EDGE_CURVE('',#6081,#6082,#796,.T.);
#5275=EDGE_CURVE('',#6082,#6083,#797,.T.);
#5276=EDGE_CURVE('',#6083,#6084,#798,.T.);
#5277=EDGE_CURVE('',#6084,#6085,#799,.T.);
#5278=EDGE_CURVE('',#6085,#6086,#800,.T.);
#5279=EDGE_CURVE('',#6086,#6087,#801,.T.);
#5280=EDGE_CURVE('',#6087,#6088,#802,.T.);
#5281=EDGE_CURVE('',#6088,#6081,#803,.T.);
#5282=EDGE_CURVE('',#6089,#6090,#804,.T.);
#5283=EDGE_CURVE('',#6090,#6091,#805,.T.);
#5284=EDGE_CURVE('',#6091,#6092,#806,.T.);
#5285=EDGE_CURVE('',#6092,#6093,#807,.T.);
#5286=EDGE_CURVE('',#6093,#6094,#808,.T.);
#5287=EDGE_CURVE('',#6094,#6095,#809,.T.);
#5288=EDGE_CURVE('',#6095,#6096,#810,.T.);
#5289=EDGE_CURVE('',#6096,#6097,#811,.T.);
#5290=EDGE_CURVE('',#6097,#6098,#812,.T.);
#5291=EDGE_CURVE('',#6098,#6089,#813,.T.);
#5292=EDGE_CURVE('',#6099,#6100,#42,.T.);
#5293=EDGE_CURVE('',#6100,#6101,#814,.T.);
#5294=EDGE_CURVE('',#6101,#6102,#43,.T.);
#5295=EDGE_CURVE('',#6102,#6103,#44,.T.);
#5296=EDGE_CURVE('',#6103,#6104,#45,.T.);
#5297=EDGE_CURVE('',#6104,#6105,#46,.T.);
#5298=EDGE_CURVE('',#6105,#6106,#815,.T.);
#5299=EDGE_CURVE('',#6106,#6107,#816,.T.);
#5300=EDGE_CURVE('',#6107,#6108,#817,.T.);
#5301=EDGE_CURVE('',#6108,#6109,#47,.T.);
#5302=EDGE_CURVE('',#6109,#6110,#48,.T.);
#5303=EDGE_CURVE('',#6110,#6111,#49,.T.);
#5304=EDGE_CURVE('',#6111,#6099,#50,.T.);
#5305=EDGE_CURVE('',#6112,#6113,#818,.T.);
#5306=EDGE_CURVE('',#6113,#6114,#819,.T.);
#5307=EDGE_CURVE('',#6114,#6115,#820,.T.);
#5308=EDGE_CURVE('',#6115,#6116,#821,.T.);
#5309=EDGE_CURVE('',#6116,#6117,#822,.T.);
#5310=EDGE_CURVE('',#6117,#6118,#823,.T.);
#5311=EDGE_CURVE('',#6118,#6119,#824,.T.);
#5312=EDGE_CURVE('',#6119,#6120,#825,.T.);
#5313=EDGE_CURVE('',#6120,#6121,#826,.T.);
#5314=EDGE_CURVE('',#6121,#6122,#827,.T.);
#5315=EDGE_CURVE('',#6122,#6123,#828,.T.);
#5316=EDGE_CURVE('',#6123,#6112,#829,.T.);
#5317=EDGE_CURVE('',#6124,#6125,#830,.T.);
#5318=EDGE_CURVE('',#6125,#6126,#831,.T.);
#5319=EDGE_CURVE('',#6126,#6127,#51,.T.);
#5320=EDGE_CURVE('',#6127,#6128,#52,.T.);
#5321=EDGE_CURVE('',#6128,#6129,#53,.T.);
#5322=EDGE_CURVE('',#6129,#6130,#832,.T.);
#5323=EDGE_CURVE('',#6130,#6131,#833,.T.);
#5324=EDGE_CURVE('',#6131,#6132,#834,.T.);
#5325=EDGE_CURVE('',#6132,#6133,#835,.T.);
#5326=EDGE_CURVE('',#6133,#6134,#836,.T.);
#5327=EDGE_CURVE('',#6134,#6124,#837,.T.);
#5328=EDGE_CURVE('',#6135,#6135,#32,.T.);
#5329=EDGE_CURVE('',#6136,#6137,#838,.T.);
#5330=EDGE_CURVE('',#6138,#6137,#839,.T.);
#5331=EDGE_CURVE('',#6139,#6138,#840,.T.);
#5332=EDGE_CURVE('',#6139,#6136,#841,.T.);
#5333=EDGE_CURVE('',#6137,#6140,#842,.T.);
#5334=EDGE_CURVE('',#6141,#6140,#843,.T.);
#5335=EDGE_CURVE('',#6138,#6141,#844,.T.);
#5336=EDGE_CURVE('',#6140,#6142,#845,.T.);
#5337=EDGE_CURVE('',#6143,#6142,#846,.T.);
#5338=EDGE_CURVE('',#6141,#6143,#847,.T.);
#5339=EDGE_CURVE('',#6142,#6136,#848,.T.);
#5340=EDGE_CURVE('',#6143,#6139,#849,.T.);
#5341=EDGE_CURVE('',#6144,#6144,#33,.T.);
#5342=EDGE_CURVE('',#6145,#6146,#850,.T.);
#5343=EDGE_CURVE('',#6147,#6145,#851,.T.);
#5344=EDGE_CURVE('',#6148,#6147,#852,.T.);
#5345=EDGE_CURVE('',#6149,#6148,#853,.T.);
#5346=EDGE_CURVE('',#6150,#6149,#854,.T.);
#5347=EDGE_CURVE('',#6151,#6150,#855,.T.);
#5348=EDGE_CURVE('',#6152,#6151,#856,.T.);
#5349=EDGE_CURVE('',#6153,#6152,#54,.T.);
#5350=EDGE_CURVE('',#6154,#6153,#55,.T.);
#5351=EDGE_CURVE('',#6155,#6154,#56,.T.);
#5352=EDGE_CURVE('',#6146,#6155,#857,.T.);
#5353=EDGE_CURVE('',#6156,#6157,#858,.T.);
#5354=EDGE_CURVE('',#6158,#6156,#859,.T.);
#5355=EDGE_CURVE('',#6159,#6158,#57,.T.);
#5356=EDGE_CURVE('',#6160,#6159,#58,.T.);
#5357=EDGE_CURVE('',#6157,#6160,#860,.T.);
#5358=EDGE_CURVE('',#6145,#6124,#861,.T.);
#5359=EDGE_CURVE('',#6146,#6125,#862,.T.);
#5360=EDGE_CURVE('',#6147,#6134,#863,.T.);
#5361=EDGE_CURVE('',#6148,#6133,#864,.T.);
#5362=EDGE_CURVE('',#6149,#6132,#865,.T.);
#5363=EDGE_CURVE('',#6150,#6131,#866,.T.);
#5364=EDGE_CURVE('',#6151,#6130,#867,.T.);
#5365=EDGE_CURVE('',#6152,#6129,#868,.T.);
#5366=EDGE_CURVE('',#6153,#6128,#869,.T.);
#5367=EDGE_CURVE('',#6154,#6127,#870,.T.);
#5368=EDGE_CURVE('',#6155,#6126,#871,.T.);
#5369=EDGE_CURVE('',#6161,#6162,#872,.T.);
#5370=EDGE_CURVE('',#6158,#6161,#873,.T.);
#5371=EDGE_CURVE('',#6156,#6162,#874,.T.);
#5372=EDGE_CURVE('',#6162,#6163,#875,.T.);
#5373=EDGE_CURVE('',#6157,#6163,#876,.T.);
#5374=EDGE_CURVE('',#6163,#6164,#877,.T.);
#5375=EDGE_CURVE('',#6160,#6164,#878,.T.);
#5376=EDGE_CURVE('',#6164,#6165,#59,.T.);
#5377=EDGE_CURVE('',#6159,#6165,#879,.T.);
#5378=EDGE_CURVE('',#6165,#6161,#60,.T.);
#5379=EDGE_CURVE('',#6166,#6112,#880,.T.);
#5380=EDGE_CURVE('',#6166,#6167,#881,.T.);
#5381=EDGE_CURVE('',#6167,#6113,#882,.T.);
#5382=EDGE_CURVE('',#6168,#6123,#883,.T.);
#5383=EDGE_CURVE('',#6168,#6166,#884,.T.);
#5384=EDGE_CURVE('',#6169,#6122,#885,.T.);
#5385=EDGE_CURVE('',#6169,#6168,#886,.T.);
#5386=EDGE_CURVE('',#6170,#6121,#887,.T.);
#5387=EDGE_CURVE('',#6170,#6169,#888,.T.);
#5388=EDGE_CURVE('',#6171,#6120,#889,.T.);
#5389=EDGE_CURVE('',#6171,#6170,#890,.T.);
#5390=EDGE_CURVE('',#6172,#6119,#891,.T.);
#5391=EDGE_CURVE('',#6172,#6171,#892,.T.);
#5392=EDGE_CURVE('',#6173,#6118,#893,.T.);
#5393=EDGE_CURVE('',#6173,#6172,#894,.T.);
#5394=EDGE_CURVE('',#6174,#6117,#895,.T.);
#5395=EDGE_CURVE('',#6174,#6173,#896,.T.);
#5396=EDGE_CURVE('',#6175,#6116,#897,.T.);
#5397=EDGE_CURVE('',#6175,#6174,#898,.T.);
#5398=EDGE_CURVE('',#6176,#6115,#899,.T.);
#5399=EDGE_CURVE('',#6176,#6175,#900,.T.);
#5400=EDGE_CURVE('',#6177,#6114,#901,.T.);
#5401=EDGE_CURVE('',#6177,#6176,#902,.T.);
#5402=EDGE_CURVE('',#6167,#6177,#903,.T.);
#5403=EDGE_CURVE('',#6178,#6099,#904,.T.);
#5404=EDGE_CURVE('',#6178,#6179,#61,.T.);
#5405=EDGE_CURVE('',#6179,#6100,#905,.T.);
#5406=EDGE_CURVE('',#6180,#6111,#906,.T.);
#5407=EDGE_CURVE('',#6180,#6178,#62,.T.);
#5408=EDGE_CURVE('',#6181,#6110,#907,.T.);
#5409=EDGE_CURVE('',#6181,#6180,#63,.T.);
#5410=EDGE_CURVE('',#6182,#6109,#908,.T.);
#5411=EDGE_CURVE('',#6182,#6181,#64,.T.);
#5412=EDGE_CURVE('',#6183,#6108,#909,.T.);
#5413=EDGE_CURVE('',#6183,#6182,#65,.T.);
#5414=EDGE_CURVE('',#6184,#6107,#910,.T.);
#5415=EDGE_CURVE('',#6184,#6183,#911,.T.);
#5416=EDGE_CURVE('',#6185,#6106,#912,.T.);
#5417=EDGE_CURVE('',#6185,#6184,#913,.T.);
#5418=EDGE_CURVE('',#6186,#6105,#914,.T.);
#5419=EDGE_CURVE('',#6186,#6185,#915,.T.);
#5420=EDGE_CURVE('',#6187,#6104,#916,.T.);
#5421=EDGE_CURVE('',#6187,#6186,#66,.T.);
#5422=EDGE_CURVE('',#6188,#6103,#917,.T.);
#5423=EDGE_CURVE('',#6188,#6187,#67,.T.);
#5424=EDGE_CURVE('',#6189,#6102,#918,.T.);
#5425=EDGE_CURVE('',#6189,#6188,#68,.T.);
#5426=EDGE_CURVE('',#6190,#6101,#919,.T.);
#5427=EDGE_CURVE('',#6190,#6189,#69,.T.);
#5428=EDGE_CURVE('',#6179,#6190,#920,.T.);
#5429=EDGE_CURVE('',#6191,#6089,#921,.T.);
#5430=EDGE_CURVE('',#6191,#6192,#922,.T.);
#5431=EDGE_CURVE('',#6192,#6090,#923,.T.);
#5432=EDGE_CURVE('',#6193,#6098,#924,.T.);
#5433=EDGE_CURVE('',#6193,#6191,#925,.T.);
#5434=EDGE_CURVE('',#6194,#6097,#926,.T.);
#5435=EDGE_CURVE('',#6194,#6193,#927,.T.);
#5436=EDGE_CURVE('',#6195,#6096,#928,.T.);
#5437=EDGE_CURVE('',#6195,#6194,#929,.T.);
#5438=EDGE_CURVE('',#6196,#6095,#930,.T.);
#5439=EDGE_CURVE('',#6196,#6195,#931,.T.);
#5440=EDGE_CURVE('',#6197,#6094,#932,.T.);
#5441=EDGE_CURVE('',#6197,#6196,#933,.T.);
#5442=EDGE_CURVE('',#6198,#6093,#934,.T.);
#5443=EDGE_CURVE('',#6198,#6197,#935,.T.);
#5444=EDGE_CURVE('',#6199,#6092,#936,.T.);
#5445=EDGE_CURVE('',#6199,#6198,#937,.T.);
#5446=EDGE_CURVE('',#6200,#6091,#938,.T.);
#5447=EDGE_CURVE('',#6200,#6199,#939,.T.);
#5448=EDGE_CURVE('',#6192,#6200,#940,.T.);
#5449=EDGE_CURVE('',#6201,#6202,#941,.T.);
#5450=EDGE_CURVE('',#6203,#6201,#942,.T.);
#5451=EDGE_CURVE('',#6204,#6203,#943,.T.);
#5452=EDGE_CURVE('',#6205,#6204,#944,.T.);
#5453=EDGE_CURVE('',#6206,#6205,#945,.T.);
#5454=EDGE_CURVE('',#6207,#6206,#946,.T.);
#5455=EDGE_CURVE('',#6208,#6207,#947,.T.);
#5456=EDGE_CURVE('',#6202,#6208,#948,.T.);
#5457=EDGE_CURVE('',#6209,#6210,#949,.T.);
#5458=EDGE_CURVE('',#6211,#6209,#950,.T.);
#5459=EDGE_CURVE('',#6210,#6211,#951,.T.);
#5460=EDGE_CURVE('',#6201,#6081,#952,.T.);
#5461=EDGE_CURVE('',#6202,#6082,#953,.T.);
#5462=EDGE_CURVE('',#6203,#6088,#954,.T.);
#5463=EDGE_CURVE('',#6204,#6087,#955,.T.);
#5464=EDGE_CURVE('',#6205,#6086,#956,.T.);
#5465=EDGE_CURVE('',#6206,#6085,#957,.T.);
#5466=EDGE_CURVE('',#6207,#6084,#958,.T.);
#5467=EDGE_CURVE('',#6208,#6083,#959,.T.);
#5468=EDGE_CURVE('',#6212,#6213,#960,.T.);
#5469=EDGE_CURVE('',#6211,#6212,#961,.T.);
#5470=EDGE_CURVE('',#6209,#6213,#962,.T.);
#5471=EDGE_CURVE('',#6213,#6214,#963,.T.);
#5472=EDGE_CURVE('',#6210,#6214,#964,.T.);
#5473=EDGE_CURVE('',#6214,#6212,#965,.T.);
#5474=EDGE_CURVE('',#6215,#6216,#966,.T.);
#5475=EDGE_CURVE('',#6217,#6215,#70,.T.);
#5476=EDGE_CURVE('',#6218,#6217,#71,.T.);
#5477=EDGE_CURVE('',#6219,#6218,#72,.T.);
#5478=EDGE_CURVE('',#6220,#6219,#967,.T.);
#5479=EDGE_CURVE('',#6216,#6220,#968,.T.);
#5480=EDGE_CURVE('',#6221,#6222,#969,.T.);
#5481=EDGE_CURVE('',#6223,#6221,#970,.T.);
#5482=EDGE_CURVE('',#6224,#6223,#971,.T.);
#5483=EDGE_CURVE('',#6225,#6224,#73,.T.);
#5484=EDGE_CURVE('',#6226,#6225,#74,.T.);
#5485=EDGE_CURVE('',#6227,#6226,#75,.T.);
#5486=EDGE_CURVE('',#6222,#6227,#76,.T.);
#5487=EDGE_CURVE('',#6215,#6075,#972,.T.);
#5488=EDGE_CURVE('',#6216,#6076,#973,.T.);
#5489=EDGE_CURVE('',#6217,#6080,#974,.T.);
#5490=EDGE_CURVE('',#6218,#6079,#975,.T.);
#5491=EDGE_CURVE('',#6219,#6078,#976,.T.);
#5492=EDGE_CURVE('',#6220,#6077,#977,.T.);
#5493=EDGE_CURVE('',#6228,#6229,#978,.T.);
#5494=EDGE_CURVE('',#6223,#6228,#979,.T.);
#5495=EDGE_CURVE('',#6221,#6229,#980,.T.);
#5496=EDGE_CURVE('',#6229,#6230,#981,.T.);
#5497=EDGE_CURVE('',#6222,#6230,#982,.T.);
#5498=EDGE_CURVE('',#6230,#6231,#77,.T.);
#5499=EDGE_CURVE('',#6227,#6231,#983,.T.);
#5500=EDGE_CURVE('',#6231,#6232,#78,.T.);
#5501=EDGE_CURVE('',#6226,#6232,#984,.T.);
#5502=EDGE_CURVE('',#6232,#6233,#79,.T.);
#5503=EDGE_CURVE('',#6225,#6233,#985,.T.);
#5504=EDGE_CURVE('',#6233,#6234,#80,.T.);
#5505=EDGE_CURVE('',#6224,#6234,#986,.T.);
#5506=EDGE_CURVE('',#6234,#6228,#987,.T.);
#5507=VERTEX_POINT('',#12136);
#5508=VERTEX_POINT('',#12138);
#5509=VERTEX_POINT('',#12144);
#5510=VERTEX_POINT('',#12146);
#5511=VERTEX_POINT('',#12149);
#5512=VERTEX_POINT('',#12151);
#5513=VERTEX_POINT('',#12155);
#5514=VERTEX_POINT('',#12159);
#5515=VERTEX_POINT('',#12164);
#5516=VERTEX_POINT('',#12166);
#5517=VERTEX_POINT('',#12170);
#5518=VERTEX_POINT('',#12175);
#5519=VERTEX_POINT('',#12177);
#5520=VERTEX_POINT('',#12183);
#5521=VERTEX_POINT('',#12185);
#5522=VERTEX_POINT('',#12191);
#5523=VERTEX_POINT('',#12193);
#5524=VERTEX_POINT('',#12199);
#5525=VERTEX_POINT('',#12200);
#5526=VERTEX_POINT('',#12202);
#5527=VERTEX_POINT('',#12204);
#5528=VERTEX_POINT('',#12208);
#5529=VERTEX_POINT('',#12210);
#5530=VERTEX_POINT('',#12214);
#5531=VERTEX_POINT('',#12216);
#5532=VERTEX_POINT('',#12220);
#5533=VERTEX_POINT('',#12222);
#5534=VERTEX_POINT('',#12226);
#5535=VERTEX_POINT('',#12228);
#5536=VERTEX_POINT('',#12232);
#5537=VERTEX_POINT('',#12234);
#5538=VERTEX_POINT('',#12238);
#5539=VERTEX_POINT('',#12240);
#5540=VERTEX_POINT('',#12247);
#5541=VERTEX_POINT('',#12251);
#5542=VERTEX_POINT('',#12256);
#5543=VERTEX_POINT('',#12257);
#5544=VERTEX_POINT('',#12259);
#5545=VERTEX_POINT('',#12261);
#5546=VERTEX_POINT('',#12265);
#5547=VERTEX_POINT('',#12267);
#5548=VERTEX_POINT('',#12271);
#5549=VERTEX_POINT('',#12273);
#5550=VERTEX_POINT('',#12283);
#5551=VERTEX_POINT('',#12284);
#5552=VERTEX_POINT('',#12286);
#5553=VERTEX_POINT('',#12288);
#5554=VERTEX_POINT('',#12292);
#5555=VERTEX_POINT('',#12294);
#5556=VERTEX_POINT('',#12298);
#5557=VERTEX_POINT('',#12300);
#5558=VERTEX_POINT('',#12310);
#5559=VERTEX_POINT('',#12311);
#5560=VERTEX_POINT('',#12313);
#5561=VERTEX_POINT('',#12315);
#5562=VERTEX_POINT('',#12319);
#5563=VERTEX_POINT('',#12321);
#5564=VERTEX_POINT('',#12325);
#5565=VERTEX_POINT('',#12327);
#5566=VERTEX_POINT('',#12337);
#5567=VERTEX_POINT('',#12338);
#5568=VERTEX_POINT('',#12340);
#5569=VERTEX_POINT('',#12342);
#5570=VERTEX_POINT('',#12346);
#5571=VERTEX_POINT('',#12348);
#5572=VERTEX_POINT('',#12352);
#5573=VERTEX_POINT('',#12354);
#5574=VERTEX_POINT('',#12364);
#5575=VERTEX_POINT('',#12365);
#5576=VERTEX_POINT('',#12367);
#5577=VERTEX_POINT('',#12369);
#5578=VERTEX_POINT('',#12373);
#5579=VERTEX_POINT('',#12375);
#5580=VERTEX_POINT('',#12379);
#5581=VERTEX_POINT('',#12381);
#5582=VERTEX_POINT('',#12391);
#5583=VERTEX_POINT('',#12392);
#5584=VERTEX_POINT('',#12394);
#5585=VERTEX_POINT('',#12396);
#5586=VERTEX_POINT('',#12400);
#5587=VERTEX_POINT('',#12402);
#5588=VERTEX_POINT('',#12406);
#5589=VERTEX_POINT('',#12408);
#5590=VERTEX_POINT('',#12418);
#5591=VERTEX_POINT('',#12419);
#5592=VERTEX_POINT('',#12421);
#5593=VERTEX_POINT('',#12423);
#5594=VERTEX_POINT('',#12427);
#5595=VERTEX_POINT('',#12429);
#5596=VERTEX_POINT('',#12433);
#5597=VERTEX_POINT('',#12435);
#5598=VERTEX_POINT('',#12445);
#5599=VERTEX_POINT('',#12447);
#5600=VERTEX_POINT('',#12448);
#5601=VERTEX_POINT('',#12451);
#5602=VERTEX_POINT('',#12453);
#5603=VERTEX_POINT('',#12455);
#5604=VERTEX_POINT('',#12456);
#5605=VERTEX_POINT('',#12458);
#5606=VERTEX_POINT('',#12460);
#5607=VERTEX_POINT('',#12463);
#5608=VERTEX_POINT('',#12464);
#5609=VERTEX_POINT('',#12466);
#5610=VERTEX_POINT('',#12468);
#5611=VERTEX_POINT('',#12470);
#5612=VERTEX_POINT('',#12472);
#5613=VERTEX_POINT('',#12474);
#5614=VERTEX_POINT('',#12476);
#5615=VERTEX_POINT('',#12479);
#5616=VERTEX_POINT('',#12480);
#5617=VERTEX_POINT('',#12482);
#5618=VERTEX_POINT('',#12484);
#5619=VERTEX_POINT('',#12487);
#5620=VERTEX_POINT('',#12488);
#5621=VERTEX_POINT('',#12490);
#5622=VERTEX_POINT('',#12492);
#5623=VERTEX_POINT('',#12495);
#5624=VERTEX_POINT('',#12496);
#5625=VERTEX_POINT('',#12498);
#5626=VERTEX_POINT('',#12500);
#5627=VERTEX_POINT('',#12503);
#5628=VERTEX_POINT('',#12504);
#5629=VERTEX_POINT('',#12506);
#5630=VERTEX_POINT('',#12508);
#5631=VERTEX_POINT('',#12511);
#5632=VERTEX_POINT('',#12512);
#5633=VERTEX_POINT('',#12514);
#5634=VERTEX_POINT('',#12516);
#5635=VERTEX_POINT('',#12520);
#5636=VERTEX_POINT('',#12521);
#5637=VERTEX_POINT('',#12523);
#5638=VERTEX_POINT('',#12525);
#5639=VERTEX_POINT('',#12528);
#5640=VERTEX_POINT('',#12529);
#5641=VERTEX_POINT('',#12531);
#5642=VERTEX_POINT('',#12533);
#5643=VERTEX_POINT('',#12536);
#5644=VERTEX_POINT('',#12537);
#5645=VERTEX_POINT('',#12539);
#5646=VERTEX_POINT('',#12541);
#5647=VERTEX_POINT('',#12545);
#5648=VERTEX_POINT('',#12546);
#5649=VERTEX_POINT('',#12548);
#5650=VERTEX_POINT('',#12550);
#5651=VERTEX_POINT('',#12553);
#5652=VERTEX_POINT('',#12554);
#5653=VERTEX_POINT('',#12556);
#5654=VERTEX_POINT('',#12558);
#5655=VERTEX_POINT('',#12561);
#5656=VERTEX_POINT('',#12562);
#5657=VERTEX_POINT('',#12564);
#5658=VERTEX_POINT('',#12566);
#5659=VERTEX_POINT('',#12569);
#5660=VERTEX_POINT('',#12570);
#5661=VERTEX_POINT('',#12572);
#5662=VERTEX_POINT('',#12574);
#5663=VERTEX_POINT('',#12578);
#5664=VERTEX_POINT('',#12579);
#5665=VERTEX_POINT('',#12584);
#5666=VERTEX_POINT('',#12588);
#5667=VERTEX_POINT('',#12592);
#5668=VERTEX_POINT('',#12596);
#5669=VERTEX_POINT('',#12600);
#5670=VERTEX_POINT('',#12604);
#5671=VERTEX_POINT('',#12611);
#5672=VERTEX_POINT('',#12612);
#5673=VERTEX_POINT('',#12614);
#5674=VERTEX_POINT('',#12616);
#5675=VERTEX_POINT('',#12619);
#5676=VERTEX_POINT('',#12620);
#5677=VERTEX_POINT('',#12622);
#5678=VERTEX_POINT('',#12624);
#5679=VERTEX_POINT('',#12644);
#5680=VERTEX_POINT('',#12645);
#5681=VERTEX_POINT('',#12647);
#5682=VERTEX_POINT('',#12649);
#5683=VERTEX_POINT('',#12652);
#5684=VERTEX_POINT('',#12653);
#5685=VERTEX_POINT('',#12655);
#5686=VERTEX_POINT('',#12657);
#5687=VERTEX_POINT('',#12677);
#5688=VERTEX_POINT('',#12679);
#5689=VERTEX_POINT('',#12683);
#5690=VERTEX_POINT('',#12687);
#5691=VERTEX_POINT('',#12694);
#5692=VERTEX_POINT('',#12696);
#5693=VERTEX_POINT('',#12700);
#5694=VERTEX_POINT('',#12704);
#5695=VERTEX_POINT('',#12711);
#5696=VERTEX_POINT('',#12713);
#5697=VERTEX_POINT('',#12717);
#5698=VERTEX_POINT('',#12721);
#5699=VERTEX_POINT('',#12728);
#5700=VERTEX_POINT('',#12730);
#5701=VERTEX_POINT('',#12734);
#5702=VERTEX_POINT('',#12738);
#5703=VERTEX_POINT('',#12745);
#5704=VERTEX_POINT('',#12747);
#5705=VERTEX_POINT('',#12751);
#5706=VERTEX_POINT('',#12755);
#5707=VERTEX_POINT('',#12762);
#5708=VERTEX_POINT('',#12770);
#5709=VERTEX_POINT('',#12774);
#5710=VERTEX_POINT('',#12778);
#5711=VERTEX_POINT('',#12782);
#5712=VERTEX_POINT('',#12786);
#5713=VERTEX_POINT('',#12790);
#5714=VERTEX_POINT('',#12792);
#5715=VERTEX_POINT('',#12796);
#5716=VERTEX_POINT('',#12800);
#5717=VERTEX_POINT('',#12806);
#5718=VERTEX_POINT('',#12808);
#5719=VERTEX_POINT('',#12812);
#5720=VERTEX_POINT('',#12816);
#5721=VERTEX_POINT('',#12822);
#5722=VERTEX_POINT('',#12824);
#5723=VERTEX_POINT('',#12828);
#5724=VERTEX_POINT('',#12832);
#5725=VERTEX_POINT('',#12838);
#5726=VERTEX_POINT('',#12840);
#5727=VERTEX_POINT('',#12844);
#5728=VERTEX_POINT('',#12848);
#5729=VERTEX_POINT('',#12854);
#5730=VERTEX_POINT('',#12857);
#5731=VERTEX_POINT('',#12860);
#5732=VERTEX_POINT('',#12862);
#5733=VERTEX_POINT('',#12868);
#5734=VERTEX_POINT('',#12869);
#5735=VERTEX_POINT('',#12871);
#5736=VERTEX_POINT('',#12873);
#5737=VERTEX_POINT('',#12875);
#5738=VERTEX_POINT('',#12877);
#5739=VERTEX_POINT('',#12879);
#5740=VERTEX_POINT('',#12881);
#5741=VERTEX_POINT('',#12885);
#5742=VERTEX_POINT('',#12887);
#5743=VERTEX_POINT('',#12889);
#5744=VERTEX_POINT('',#12891);
#5745=VERTEX_POINT('',#12893);
#5746=VERTEX_POINT('',#12895);
#5747=VERTEX_POINT('',#12897);
#5748=VERTEX_POINT('',#12901);
#5749=VERTEX_POINT('',#12903);
#5750=VERTEX_POINT('',#12905);
#5751=VERTEX_POINT('',#12907);
#5752=VERTEX_POINT('',#12909);
#5753=VERTEX_POINT('',#12911);
#5754=VERTEX_POINT('',#12913);
#5755=VERTEX_POINT('',#12917);
#5756=VERTEX_POINT('',#12919);
#5757=VERTEX_POINT('',#12921);
#5758=VERTEX_POINT('',#12923);
#5759=VERTEX_POINT('',#12926);
#5760=VERTEX_POINT('',#12928);
#5761=VERTEX_POINT('',#12932);
#5762=VERTEX_POINT('',#12933);
#5763=VERTEX_POINT('',#12935);
#5764=VERTEX_POINT('',#12937);
#5765=VERTEX_POINT('',#12939);
#5766=VERTEX_POINT('',#12941);
#5767=VERTEX_POINT('',#12943);
#5768=VERTEX_POINT('',#12945);
#5769=VERTEX_POINT('',#12947);
#5770=VERTEX_POINT('',#12949);
#5771=VERTEX_POINT('',#12951);
#5772=VERTEX_POINT('',#12953);
#5773=VERTEX_POINT('',#12955);
#5774=VERTEX_POINT('',#12957);
#5775=VERTEX_POINT('',#12959);
#5776=VERTEX_POINT('',#12961);
#5777=VERTEX_POINT('',#12963);
#5778=VERTEX_POINT('',#12965);
#5779=VERTEX_POINT('',#12967);
#5780=VERTEX_POINT('',#12969);
#5781=VERTEX_POINT('',#12971);
#5782=VERTEX_POINT('',#12973);
#5783=VERTEX_POINT('',#12975);
#5784=VERTEX_POINT('',#12977);
#5785=VERTEX_POINT('',#12979);
#5786=VERTEX_POINT('',#12981);
#5787=VERTEX_POINT('',#12983);
#5788=VERTEX_POINT('',#12985);
#5789=VERTEX_POINT('',#12987);
#5790=VERTEX_POINT('',#12989);
#5791=VERTEX_POINT('',#12991);
#5792=VERTEX_POINT('',#12993);
#5793=VERTEX_POINT('',#12995);
#5794=VERTEX_POINT('',#12997);
#5795=VERTEX_POINT('',#12999);
#5796=VERTEX_POINT('',#13001);
#5797=VERTEX_POINT('',#13003);
#5798=VERTEX_POINT('',#13005);
#5799=VERTEX_POINT('',#13007);
#5800=VERTEX_POINT('',#13009);
#5801=VERTEX_POINT('',#13011);
#5802=VERTEX_POINT('',#13013);
#5803=VERTEX_POINT('',#13015);
#5804=VERTEX_POINT('',#13017);
#5805=VERTEX_POINT('',#13019);
#5806=VERTEX_POINT('',#13021);
#5807=VERTEX_POINT('',#13023);
#5808=VERTEX_POINT('',#13025);
#5809=VERTEX_POINT('',#13027);
#5810=VERTEX_POINT('',#13029);
#5811=VERTEX_POINT('',#13031);
#5812=VERTEX_POINT('',#13033);
#5813=VERTEX_POINT('',#13035);
#5814=VERTEX_POINT('',#13037);
#5815=VERTEX_POINT('',#13039);
#5816=VERTEX_POINT('',#13041);
#5817=VERTEX_POINT('',#13043);
#5818=VERTEX_POINT('',#13045);
#5819=VERTEX_POINT('',#13047);
#5820=VERTEX_POINT('',#13049);
#5821=VERTEX_POINT('',#13051);
#5822=VERTEX_POINT('',#13053);
#5823=VERTEX_POINT('',#13055);
#5824=VERTEX_POINT('',#13057);
#5825=VERTEX_POINT('',#13059);
#5826=VERTEX_POINT('',#13061);
#5827=VERTEX_POINT('',#13063);
#5828=VERTEX_POINT('',#13065);
#5829=VERTEX_POINT('',#13067);
#5830=VERTEX_POINT('',#13069);
#5831=VERTEX_POINT('',#13071);
#5832=VERTEX_POINT('',#13073);
#5833=VERTEX_POINT('',#13075);
#5834=VERTEX_POINT('',#13077);
#5835=VERTEX_POINT('',#13079);
#5836=VERTEX_POINT('',#13081);
#5837=VERTEX_POINT('',#13083);
#5838=VERTEX_POINT('',#13085);
#5839=VERTEX_POINT('',#13087);
#5840=VERTEX_POINT('',#13089);
#5841=VERTEX_POINT('',#13091);
#5842=VERTEX_POINT('',#13093);
#5843=VERTEX_POINT('',#13095);
#5844=VERTEX_POINT('',#13097);
#5845=VERTEX_POINT('',#13099);
#5846=VERTEX_POINT('',#13101);
#5847=VERTEX_POINT('',#13103);
#5848=VERTEX_POINT('',#13105);
#5849=VERTEX_POINT('',#13107);
#5850=VERTEX_POINT('',#13109);
#5851=VERTEX_POINT('',#13111);
#5852=VERTEX_POINT('',#13113);
#5853=VERTEX_POINT('',#13115);
#5854=VERTEX_POINT('',#13117);
#5855=VERTEX_POINT('',#13119);
#5856=VERTEX_POINT('',#13121);
#5857=VERTEX_POINT('',#13123);
#5858=VERTEX_POINT('',#13125);
#5859=VERTEX_POINT('',#13127);
#5860=VERTEX_POINT('',#13129);
#5861=VERTEX_POINT('',#13132);
#5862=VERTEX_POINT('',#13133);
#5863=VERTEX_POINT('',#13135);
#5864=VERTEX_POINT('',#13137);
#5865=VERTEX_POINT('',#13139);
#5866=VERTEX_POINT('',#13141);
#5867=VERTEX_POINT('',#13143);
#5868=VERTEX_POINT('',#13145);
#5869=VERTEX_POINT('',#13149);
#5870=VERTEX_POINT('',#13150);
#5871=VERTEX_POINT('',#13152);
#5872=VERTEX_POINT('',#13154);
#5873=VERTEX_POINT('',#13158);
#5874=VERTEX_POINT('',#13160);
#5875=VERTEX_POINT('',#13164);
#5876=VERTEX_POINT('',#13166);
#5877=VERTEX_POINT('',#13170);
#5878=VERTEX_POINT('',#13172);
#5879=VERTEX_POINT('',#13176);
#5880=VERTEX_POINT('',#13178);
#5881=VERTEX_POINT('',#13182);
#5882=VERTEX_POINT('',#13184);
#5883=VERTEX_POINT('',#13188);
#5884=VERTEX_POINT('',#13190);
#5885=VERTEX_POINT('',#13194);
#5886=VERTEX_POINT('',#13196);
#5887=VERTEX_POINT('',#13200);
#5888=VERTEX_POINT('',#13202);
#5889=VERTEX_POINT('',#13206);
#5890=VERTEX_POINT('',#13207);
#5891=VERTEX_POINT('',#13212);
#5892=VERTEX_POINT('',#13216);
#5893=VERTEX_POINT('',#13220);
#5894=VERTEX_POINT('',#13224);
#5895=VERTEX_POINT('',#13228);
#5896=VERTEX_POINT('',#13232);
#5897=VERTEX_POINT('',#13234);
#5898=VERTEX_POINT('',#13236);
#5899=VERTEX_POINT('',#13238);
#5900=VERTEX_POINT('',#13240);
#5901=VERTEX_POINT('',#13244);
#5902=VERTEX_POINT('',#13248);
#5903=VERTEX_POINT('',#13252);
#5904=VERTEX_POINT('',#13256);
#5905=VERTEX_POINT('',#13260);
#5906=VERTEX_POINT('',#13264);
#5907=VERTEX_POINT('',#13268);
#5908=VERTEX_POINT('',#13272);
#5909=VERTEX_POINT('',#13276);
#5910=VERTEX_POINT('',#13280);
#5911=VERTEX_POINT('',#13284);
#5912=VERTEX_POINT('',#13288);
#5913=VERTEX_POINT('',#13292);
#5914=VERTEX_POINT('',#13296);
#5915=VERTEX_POINT('',#13300);
#5916=VERTEX_POINT('',#13304);
#5917=VERTEX_POINT('',#13308);
#5918=VERTEX_POINT('',#13312);
#5919=VERTEX_POINT('',#13316);
#5920=VERTEX_POINT('',#13320);
#5921=VERTEX_POINT('',#13324);
#5922=VERTEX_POINT('',#13328);
#5923=VERTEX_POINT('',#13332);
#5924=VERTEX_POINT('',#13336);
#5925=VERTEX_POINT('',#13340);
#5926=VERTEX_POINT('',#13344);
#5927=VERTEX_POINT('',#13348);
#5928=VERTEX_POINT('',#13352);
#5929=VERTEX_POINT('',#13356);
#5930=VERTEX_POINT('',#13360);
#5931=VERTEX_POINT('',#13364);
#5932=VERTEX_POINT('',#13368);
#5933=VERTEX_POINT('',#13372);
#5934=VERTEX_POINT('',#13376);
#5935=VERTEX_POINT('',#13380);
#5936=VERTEX_POINT('',#13384);
#5937=VERTEX_POINT('',#13388);
#5938=VERTEX_POINT('',#13392);
#5939=VERTEX_POINT('',#13396);
#5940=VERTEX_POINT('',#13400);
#5941=VERTEX_POINT('',#13404);
#5942=VERTEX_POINT('',#13408);
#5943=VERTEX_POINT('',#13412);
#5944=VERTEX_POINT('',#13416);
#5945=VERTEX_POINT('',#13420);
#5946=VERTEX_POINT('',#13424);
#5947=VERTEX_POINT('',#13428);
#5948=VERTEX_POINT('',#13432);
#5949=VERTEX_POINT('',#13436);
#5950=VERTEX_POINT('',#13440);
#5951=VERTEX_POINT('',#13444);
#5952=VERTEX_POINT('',#13448);
#5953=VERTEX_POINT('',#13452);
#5954=VERTEX_POINT('',#13456);
#5955=VERTEX_POINT('',#13460);
#5956=VERTEX_POINT('',#13464);
#5957=VERTEX_POINT('',#13468);
#5958=VERTEX_POINT('',#13472);
#5959=VERTEX_POINT('',#13476);
#5960=VERTEX_POINT('',#13480);
#5961=VERTEX_POINT('',#13484);
#5962=VERTEX_POINT('',#13488);
#5963=VERTEX_POINT('',#13492);
#5964=VERTEX_POINT('',#13496);
#5965=VERTEX_POINT('',#13500);
#5966=VERTEX_POINT('',#13504);
#5967=VERTEX_POINT('',#13508);
#5968=VERTEX_POINT('',#13512);
#5969=VERTEX_POINT('',#13516);
#5970=VERTEX_POINT('',#13520);
#5971=VERTEX_POINT('',#13524);
#5972=VERTEX_POINT('',#13528);
#5973=VERTEX_POINT('',#13532);
#5974=VERTEX_POINT('',#13536);
#5975=VERTEX_POINT('',#13540);
#5976=VERTEX_POINT('',#13544);
#5977=VERTEX_POINT('',#13548);
#5978=VERTEX_POINT('',#13552);
#5979=VERTEX_POINT('',#13556);
#5980=VERTEX_POINT('',#13560);
#5981=VERTEX_POINT('',#13564);
#5982=VERTEX_POINT('',#13568);
#5983=VERTEX_POINT('',#13572);
#5984=VERTEX_POINT('',#13576);
#5985=VERTEX_POINT('',#13580);
#5986=VERTEX_POINT('',#13584);
#5987=VERTEX_POINT('',#13588);
#5988=VERTEX_POINT('',#13592);
#5989=VERTEX_POINT('',#13596);
#5990=VERTEX_POINT('',#13600);
#5991=VERTEX_POINT('',#13604);
#5992=VERTEX_POINT('',#13608);
#5993=VERTEX_POINT('',#13612);
#5994=VERTEX_POINT('',#13613);
#5995=VERTEX_POINT('',#13615);
#5996=VERTEX_POINT('',#13617);
#5997=VERTEX_POINT('',#13621);
#5998=VERTEX_POINT('',#13623);
#5999=VERTEX_POINT('',#13627);
#6000=VERTEX_POINT('',#13629);
#6001=VERTEX_POINT('',#13633);
#6002=VERTEX_POINT('',#13635);
#6003=VERTEX_POINT('',#13639);
#6004=VERTEX_POINT('',#13641);
#6005=VERTEX_POINT('',#13645);
#6006=VERTEX_POINT('',#13647);
#6007=VERTEX_POINT('',#13651);
#6008=VERTEX_POINT('',#13653);
#6009=VERTEX_POINT('',#13657);
#6010=VERTEX_POINT('',#13659);
#6011=VERTEX_POINT('',#13663);
#6012=VERTEX_POINT('',#13665);
#6013=VERTEX_POINT('',#13669);
#6014=VERTEX_POINT('',#13670);
#6015=VERTEX_POINT('',#13672);
#6016=VERTEX_POINT('',#13674);
#6017=VERTEX_POINT('',#13678);
#6018=VERTEX_POINT('',#13680);
#6019=VERTEX_POINT('',#13684);
#6020=VERTEX_POINT('',#13686);
#6021=VERTEX_POINT('',#13690);
#6022=VERTEX_POINT('',#13692);
#6023=VERTEX_POINT('',#13696);
#6024=VERTEX_POINT('',#13698);
#6025=VERTEX_POINT('',#13702);
#6026=VERTEX_POINT('',#13704);
#6027=VERTEX_POINT('',#13708);
#6028=VERTEX_POINT('',#13710);
#6029=VERTEX_POINT('',#13714);
#6030=VERTEX_POINT('',#13716);
#6031=VERTEX_POINT('',#13720);
#6032=VERTEX_POINT('',#13722);
#6033=VERTEX_POINT('',#13726);
#6034=VERTEX_POINT('',#13727);
#6035=VERTEX_POINT('',#13729);
#6036=VERTEX_POINT('',#13731);
#6037=VERTEX_POINT('',#13735);
#6038=VERTEX_POINT('',#13737);
#6039=VERTEX_POINT('',#13741);
#6040=VERTEX_POINT('',#13743);
#6041=VERTEX_POINT('',#13747);
#6042=VERTEX_POINT('',#13749);
#6043=VERTEX_POINT('',#13753);
#6044=VERTEX_POINT('',#13755);
#6045=VERTEX_POINT('',#13759);
#6046=VERTEX_POINT('',#13761);
#6047=VERTEX_POINT('',#13765);
#6048=VERTEX_POINT('',#13767);
#6049=VERTEX_POINT('',#13771);
#6050=VERTEX_POINT('',#13773);
#6051=VERTEX_POINT('',#13777);
#6052=VERTEX_POINT('',#13779);
#6053=VERTEX_POINT('',#13797);
#6054=VERTEX_POINT('',#13799);
#6055=VERTEX_POINT('',#13824);
#6056=VERTEX_POINT('',#13826);
#6057=VERTEX_POINT('',#13830);
#6058=VERTEX_POINT('',#13834);
#6059=VERTEX_POINT('',#13838);
#6060=VERTEX_POINT('',#13842);
#6061=VERTEX_POINT('',#13846);
#6062=VERTEX_POINT('',#13850);
#6063=VERTEX_POINT('',#13854);
#6064=VERTEX_POINT('',#13858);
#6065=VERTEX_POINT('',#13862);
#6066=VERTEX_POINT('',#13866);
#6067=VERTEX_POINT('',#13870);
#6068=VERTEX_POINT('',#13874);
#6069=VERTEX_POINT('',#13878);
#6070=VERTEX_POINT('',#13882);
#6071=VERTEX_POINT('',#13889);
#6072=VERTEX_POINT('',#13893);
#6073=VERTEX_POINT('',#13897);
#6074=VERTEX_POINT('',#13901);
#6075=VERTEX_POINT('',#13906);
#6076=VERTEX_POINT('',#13907);
#6077=VERTEX_POINT('',#13909);
#6078=VERTEX_POINT('',#13911);
#6079=VERTEX_POINT('',#13923);
#6080=VERTEX_POINT('',#13943);
#6081=VERTEX_POINT('',#13972);
#6082=VERTEX_POINT('',#13973);
#6083=VERTEX_POINT('',#13975);
#6084=VERTEX_POINT('',#13977);
#6085=VERTEX_POINT('',#13979);
#6086=VERTEX_POINT('',#13981);
#6087=VERTEX_POINT('',#13983);
#6088=VERTEX_POINT('',#13985);
#6089=VERTEX_POINT('',#13988);
#6090=VERTEX_POINT('',#13989);
#6091=VERTEX_POINT('',#13991);
#6092=VERTEX_POINT('',#13993);
#6093=VERTEX_POINT('',#13995);
#6094=VERTEX_POINT('',#13997);
#6095=VERTEX_POINT('',#13999);
#6096=VERTEX_POINT('',#14001);
#6097=VERTEX_POINT('',#14003);
#6098=VERTEX_POINT('',#14005);
#6099=VERTEX_POINT('',#14026);
#6100=VERTEX_POINT('',#14027);
#6101=VERTEX_POINT('',#14029);
#6102=VERTEX_POINT('',#14041);
#6103=VERTEX_POINT('',#14069);
#6104=VERTEX_POINT('',#14097);
#6105=VERTEX_POINT('',#14117);
#6106=VERTEX_POINT('',#14119);
#6107=VERTEX_POINT('',#14121);
#6108=VERTEX_POINT('',#14123);
#6109=VERTEX_POINT('',#14143);
#6110=VERTEX_POINT('',#14163);
#6111=VERTEX_POINT('',#14175);
#6112=VERTEX_POINT('',#14204);
#6113=VERTEX_POINT('',#14205);
#6114=VERTEX_POINT('',#14207);
#6115=VERTEX_POINT('',#14209);
#6116=VERTEX_POINT('',#14211);
#6117=VERTEX_POINT('',#14213);
#6118=VERTEX_POINT('',#14215);
#6119=VERTEX_POINT('',#14217);
#6120=VERTEX_POINT('',#14219);
#6121=VERTEX_POINT('',#14221);
#6122=VERTEX_POINT('',#14223);
#6123=VERTEX_POINT('',#14225);
#6124=VERTEX_POINT('',#14228);
#6125=VERTEX_POINT('',#14229);
#6126=VERTEX_POINT('',#14231);
#6127=VERTEX_POINT('',#14243);
#6128=VERTEX_POINT('',#14263);
#6129=VERTEX_POINT('',#14283);
#6130=VERTEX_POINT('',#14285);
#6131=VERTEX_POINT('',#14287);
#6132=VERTEX_POINT('',#14289);
#6133=VERTEX_POINT('',#14291);
#6134=VERTEX_POINT('',#14293);
#6135=VERTEX_POINT('',#14296);
#6136=VERTEX_POINT('',#14299);
#6137=VERTEX_POINT('',#14300);
#6138=VERTEX_POINT('',#14302);
#6139=VERTEX_POINT('',#14304);
#6140=VERTEX_POINT('',#14308);
#6141=VERTEX_POINT('',#14310);
#6142=VERTEX_POINT('',#14314);
#6143=VERTEX_POINT('',#14316);
#6144=VERTEX_POINT('',#14323);
#6145=VERTEX_POINT('',#14365);
#6146=VERTEX_POINT('',#14366);
#6147=VERTEX_POINT('',#14368);
#6148=VERTEX_POINT('',#14370);
#6149=VERTEX_POINT('',#14372);
#6150=VERTEX_POINT('',#14374);
#6151=VERTEX_POINT('',#14376);
#6152=VERTEX_POINT('',#14378);
#6153=VERTEX_POINT('',#14398);
#6154=VERTEX_POINT('',#14418);
#6155=VERTEX_POINT('',#14430);
#6156=VERTEX_POINT('',#14433);
#6157=VERTEX_POINT('',#14434);
#6158=VERTEX_POINT('',#14436);
#6159=VERTEX_POINT('',#14456);
#6160=VERTEX_POINT('',#14476);
#6161=VERTEX_POINT('',#14597);
#6162=VERTEX_POINT('',#14598);
#6163=VERTEX_POINT('',#14603);
#6164=VERTEX_POINT('',#14607);
#6165=VERTEX_POINT('',#14666);
#6166=VERTEX_POINT('',#14728);
#6167=VERTEX_POINT('',#14730);
#6168=VERTEX_POINT('',#14734);
#6169=VERTEX_POINT('',#14738);
#6170=VERTEX_POINT('',#14742);
#6171=VERTEX_POINT('',#14746);
#6172=VERTEX_POINT('',#14750);
#6173=VERTEX_POINT('',#14754);
#6174=VERTEX_POINT('',#14758);
#6175=VERTEX_POINT('',#14762);
#6176=VERTEX_POINT('',#14766);
#6177=VERTEX_POINT('',#14770);
#6178=VERTEX_POINT('',#14814);
#6179=VERTEX_POINT('',#14834);
#6180=VERTEX_POINT('',#14891);
#6181=VERTEX_POINT('',#14942);
#6182=VERTEX_POINT('',#14993);
#6183=VERTEX_POINT('',#15052);
#6184=VERTEX_POINT('',#15074);
#6185=VERTEX_POINT('',#15078);
#6186=VERTEX_POINT('',#15082);
#6187=VERTEX_POINT('',#15123);
#6188=VERTEX_POINT('',#15198);
#6189=VERTEX_POINT('',#15281);
#6190=VERTEX_POINT('',#15332);
#6191=VERTEX_POINT('',#15349);
#6192=VERTEX_POINT('',#15351);
#6193=VERTEX_POINT('',#15355);
#6194=VERTEX_POINT('',#15359);
#6195=VERTEX_POINT('',#15363);
#6196=VERTEX_POINT('',#15367);
#6197=VERTEX_POINT('',#15371);
#6198=VERTEX_POINT('',#15375);
#6199=VERTEX_POINT('',#15379);
#6200=VERTEX_POINT('',#15383);
#6201=VERTEX_POINT('',#15390);
#6202=VERTEX_POINT('',#15391);
#6203=VERTEX_POINT('',#15393);
#6204=VERTEX_POINT('',#15395);
#6205=VERTEX_POINT('',#15397);
#6206=VERTEX_POINT('',#15399);
#6207=VERTEX_POINT('',#15401);
#6208=VERTEX_POINT('',#15403);
#6209=VERTEX_POINT('',#15406);
#6210=VERTEX_POINT('',#15407);
#6211=VERTEX_POINT('',#15409);
#6212=VERTEX_POINT('',#15429);
#6213=VERTEX_POINT('',#15430);
#6214=VERTEX_POINT('',#15435);
#6215=VERTEX_POINT('',#15442);
#6216=VERTEX_POINT('',#15443);
#6217=VERTEX_POINT('',#15471);
#6218=VERTEX_POINT('',#15491);
#6219=VERTEX_POINT('',#15503);
#6220=VERTEX_POINT('',#15505);
#6221=VERTEX_POINT('',#15508);
#6222=VERTEX_POINT('',#15509);
#6223=VERTEX_POINT('',#15511);
#6224=VERTEX_POINT('',#15513);
#6225=VERTEX_POINT('',#15525);
#6226=VERTEX_POINT('',#15545);
#6227=VERTEX_POINT('',#15565);
#6228=VERTEX_POINT('',#15702);
#6229=VERTEX_POINT('',#15703);
#6230=VERTEX_POINT('',#15708);
#6231=VERTEX_POINT('',#15743);
#6232=VERTEX_POINT('',#15802);
#6233=VERTEX_POINT('',#15861);
#6234=VERTEX_POINT('',#15896);
#6235=CIRCLE('',#9554,0.0035);
#6236=CIRCLE('',#9555,0.0035);
#6237=CIRCLE('',#9560,0.004);
#6238=CIRCLE('',#9561,0.008);
#6239=CIRCLE('',#9563,0.008);
#6240=CIRCLE('',#9564,0.0025);
#6241=CIRCLE('',#9567,0.0025);
#6242=CIRCLE('',#9570,0.004);
#6243=CIRCLE('',#9574,0.009);
#6244=CIRCLE('',#9575,0.009);
#6245=CIRCLE('',#9578,0.0085);
#6246=CIRCLE('',#9582,0.0035);
#6247=CIRCLE('',#9583,0.0035);
#6248=CIRCLE('',#9588,0.0035);
#6249=CIRCLE('',#9589,0.0035);
#6250=CIRCLE('',#9594,0.0035);
#6251=CIRCLE('',#9595,0.0035);
#6252=CIRCLE('',#9600,0.0035);
#6253=CIRCLE('',#9601,0.0035);
#6254=CIRCLE('',#9604,0.0035);
#6255=CIRCLE('',#9605,0.0035);
#6256=CIRCLE('',#9608,0.0035);
#6257=CIRCLE('',#9609,0.0035);
#6258=CIRCLE('',#9612,0.0035);
#6259=CIRCLE('',#9613,0.0035);
#6260=CIRCLE('',#9616,0.013);
#6261=CIRCLE('',#9619,0.013);
#6262=CIRCLE('',#9672,0.0021);
#6263=CIRCLE('',#9673,0.0021);
#6264=CIRCLE('',#9674,0.0034);
#6265=CIRCLE('',#9675,0.0021);
#6266=CIRCLE('',#9676,0.0021);
#6267=CIRCLE('',#9677,0.0045);
#6268=CIRCLE('',#9678,0.0045);
#6269=CIRCLE('',#9679,0.0045);
#6270=CIRCLE('',#9680,0.0045);
#6271=CIRCLE('',#9684,0.0045);
#6272=CIRCLE('',#9687,0.0045);
#6273=CIRCLE('',#9690,0.0045);
#6274=CIRCLE('',#9693,0.0045);
#6275=CIRCLE('',#9740,0.0034);
#6276=CIRCLE('',#9742,0.0029);
#6277=CIRCLE('',#9745,0.00095);
#6278=CIRCLE('',#9748,0.00095);
#6279=CIRCLE('',#9751,0.00095);
#6280=CIRCLE('',#9754,0.00095);
#6281=CIRCLE('',#9773,0.00601195525227761);
#6282=CIRCLE('',#9775,0.00601195525227761);
#6283=CIRCLE('',#9777,0.01);
#6284=CIRCLE('',#9778,0.01);
#6285=CIRCLE('',#9783,0.0025);
#6286=CIRCLE('',#9784,0.015);
#6287=CIRCLE('',#9785,0.0035);
#6288=CIRCLE('',#9786,0.015);
#6289=CIRCLE('',#9788,0.015);
#6290=CIRCLE('',#9789,0.0035);
#6291=CIRCLE('',#9790,0.015);
#6292=CIRCLE('',#9791,0.0025);
#6293=CIRCLE('',#9793,0.015);
#6294=CIRCLE('',#9794,0.0025);
#6295=CIRCLE('',#9795,0.015);
#6296=CIRCLE('',#9796,0.0035);
#6297=CIRCLE('',#9798,0.015);
#6298=CIRCLE('',#9799,0.0025);
#6299=CIRCLE('',#9800,0.015);
#6300=CIRCLE('',#9801,0.0035);
#6301=CIRCLE('',#9803,0.0035);
#6302=CIRCLE('',#9804,0.0035);
#6303=CIRCLE('',#9805,0.0035);
#6304=CIRCLE('',#9806,0.0035);
#6305=CIRCLE('',#9808,0.012);
#6306=CIRCLE('',#9809,0.012);
#6307=CIRCLE('',#9813,0.002);
#6308=CIRCLE('',#9814,0.002);
#6309=CIRCLE('',#9817,0.001);
#6310=CIRCLE('',#9818,0.001);
#6311=CIRCLE('',#9821,0.002);
#6312=CIRCLE('',#9822,0.002);
#6313=CIRCLE('',#9831,0.00135);
#6314=CIRCLE('',#9832,0.00135);
#6315=CIRCLE('',#9833,0.00135);
#6316=CIRCLE('',#9834,0.00135);
#6317=CIRCLE('',#9929,0.012);
#6318=CIRCLE('',#9930,0.012);
#6319=CIRCLE('',#9934,0.002);
#6320=CIRCLE('',#9935,0.002);
#6321=CIRCLE('',#9938,0.001);
#6322=CIRCLE('',#9939,0.001);
#6323=CIRCLE('',#9942,0.002);
#6324=CIRCLE('',#9943,0.002);
#6325=CIRCLE('',#9946,0.012);
#6326=CIRCLE('',#9947,0.012);
#6327=CIRCLE('',#9951,0.002);
#6328=CIRCLE('',#9952,0.002);
#6329=CIRCLE('',#9955,0.001);
#6330=CIRCLE('',#9956,0.001);
#6331=CIRCLE('',#9959,0.002);
#6332=CIRCLE('',#9960,0.002);
#6333=CIRCLE('',#9963,0.012);
#6334=CIRCLE('',#9964,0.012);
#6335=CIRCLE('',#9968,0.002);
#6336=CIRCLE('',#9969,0.002);
#6337=CIRCLE('',#9972,0.001);
#6338=CIRCLE('',#9973,0.001);
#6339=CIRCLE('',#9976,0.002);
#6340=CIRCLE('',#9977,0.002);
#6341=CIRCLE('',#9984,0.009);
#6342=CIRCLE('',#9985,0.009);
#6343=CIRCLE('',#10001,0.0025);
#6344=CIRCLE('',#10004,0.015);
#6345=CIRCLE('',#10007,0.0025);
#6346=CIRCLE('',#10010,0.015);
#6347=CIRCLE('',#10013,0.0025);
#6348=CIRCLE('',#10016,0.015);
#6349=CIRCLE('',#10019,0.0025);
#6350=CIRCLE('',#10022,0.015);
#6351=CIRCLE('',#10026,0.00135);
#6352=CIRCLE('',#10029,0.00135);
#6353=CIRCLE('',#10032,0.00135);
#6354=CIRCLE('',#10035,0.00135);
#6355=EDGE_LOOP('',(#2291));
#6356=EDGE_LOOP('',(#2292));
#6357=EDGE_LOOP('',(#2293));
#6358=EDGE_LOOP('',(#2294));
#6359=EDGE_LOOP('',(#2295));
#6360=EDGE_LOOP('',(#2296));
#6361=EDGE_LOOP('',(#2297));
#6362=EDGE_LOOP('',(#2298));
#6363=EDGE_LOOP('',(#2299));
#6364=EDGE_LOOP('',(#2300));
#6365=EDGE_LOOP('',(#2301));
#6366=EDGE_LOOP('',(#2302));
#6367=EDGE_LOOP('',(#2303));
#6368=EDGE_LOOP('',(#2304));
#6369=EDGE_LOOP('',(#2305));
#6370=EDGE_LOOP('',(#2306));
#6371=EDGE_LOOP('',(#2307));
#6372=EDGE_LOOP('',(#2308));
#6373=EDGE_LOOP('',(#2309));
#6374=EDGE_LOOP('',(#2310));
#6375=EDGE_LOOP('',(#2311));
#6376=EDGE_LOOP('',(#2312));
#6377=EDGE_LOOP('',(#2313));
#6378=EDGE_LOOP('',(#2314));
#6379=EDGE_LOOP('',(#2315));
#6380=EDGE_LOOP('',(#2316));
#6381=EDGE_LOOP('',(#2317));
#6382=EDGE_LOOP('',(#2318));
#6383=EDGE_LOOP('',(#2319));
#6384=EDGE_LOOP('',(#2320));
#6385=EDGE_LOOP('',(#2321));
#6386=EDGE_LOOP('',(#2322));
#6387=EDGE_LOOP('',(#2323));
#6388=EDGE_LOOP('',(#2324));
#6389=EDGE_LOOP('',(#2325,#2326,#2327,#2328));
#6390=EDGE_LOOP('',(#2329,#2330,#2331,#2332));
#6391=EDGE_LOOP('',(#2333,#2334,#2335,#2336));
#6392=EDGE_LOOP('',(#2337,#2338,#2339,#2340));
#6393=EDGE_LOOP('',(#2341,#2342,#2343,#2344));
#6394=EDGE_LOOP('',(#2345,#2346,#2347,#2348));
#6395=EDGE_LOOP('',(#2349,#2350,#2351,#2352));
#6396=EDGE_LOOP('',(#2353,#2354,#2355,#2356));
#6397=EDGE_LOOP('',(#2357));
#6398=EDGE_LOOP('',(#2358,#2359,#2360,#2361,#2362,#2363,#2364,#2365));
#6399=EDGE_LOOP('',(#2366,#2367,#2368,#2369,#2370,#2371,#2372,#2373));
#6400=EDGE_LOOP('',(#2374));
#6401=EDGE_LOOP('',(#2375));
#6402=EDGE_LOOP('',(#2376));
#6403=EDGE_LOOP('',(#2377,#2378,#2379,#2380));
#6404=EDGE_LOOP('',(#2381,#2382,#2383,#2384));
#6405=EDGE_LOOP('',(#2385,#2386,#2387,#2388));
#6406=EDGE_LOOP('',(#2389,#2390,#2391,#2392));
#6407=EDGE_LOOP('',(#2393,#2394,#2395,#2396));
#6408=EDGE_LOOP('',(#2397,#2398,#2399,#2400));
#6409=EDGE_LOOP('',(#2401,#2402,#2403,#2404));
#6410=EDGE_LOOP('',(#2405,#2406,#2407,#2408));
#6411=EDGE_LOOP('',(#2409,#2410,#2411,#2412));
#6412=EDGE_LOOP('',(#2413,#2414,#2415,#2416));
#6413=EDGE_LOOP('',(#2417,#2418,#2419,#2420));
#6414=EDGE_LOOP('',(#2421,#2422,#2423,#2424));
#6415=EDGE_LOOP('',(#2425,#2426,#2427,#2428));
#6416=EDGE_LOOP('',(#2429,#2430,#2431,#2432));
#6417=EDGE_LOOP('',(#2433,#2434,#2435,#2436));
#6418=EDGE_LOOP('',(#2437,#2438,#2439,#2440));
#6419=EDGE_LOOP('',(#2441,#2442,#2443,#2444));
#6420=EDGE_LOOP('',(#2445,#2446,#2447,#2448));
#6421=EDGE_LOOP('',(#2449,#2450,#2451,#2452));
#6422=EDGE_LOOP('',(#2453,#2454,#2455,#2456));
#6423=EDGE_LOOP('',(#2457,#2458,#2459,#2460));
#6424=EDGE_LOOP('',(#2461,#2462,#2463,#2464));
#6425=EDGE_LOOP('',(#2465,#2466,#2467,#2468));
#6426=EDGE_LOOP('',(#2469,#2470,#2471,#2472));
#6427=EDGE_LOOP('',(#2473,#2474,#2475,#2476));
#6428=EDGE_LOOP('',(#2477,#2478,#2479,#2480));
#6429=EDGE_LOOP('',(#2481,#2482,#2483,#2484));
#6430=EDGE_LOOP('',(#2485,#2486,#2487,#2488));
#6431=EDGE_LOOP('',(#2489,#2490,#2491,#2492));
#6432=EDGE_LOOP('',(#2493,#2494,#2495,#2496));
#6433=EDGE_LOOP('',(#2497,#2498,#2499,#2500));
#6434=EDGE_LOOP('',(#2501,#2502,#2503,#2504));
#6435=EDGE_LOOP('',(#2505,#2506,#2507,#2508));
#6436=EDGE_LOOP('',(#2509,#2510,#2511,#2512));
#6437=EDGE_LOOP('',(#2513,#2514,#2515,#2516));
#6438=EDGE_LOOP('',(#2517,#2518,#2519,#2520));
#6439=EDGE_LOOP('',(#2521,#2522,#2523,#2524));
#6440=EDGE_LOOP('',(#2525,#2526,#2527,#2528));
#6441=EDGE_LOOP('',(#2529,#2530,#2531,#2532));
#6442=EDGE_LOOP('',(#2533,#2534,#2535,#2536));
#6443=EDGE_LOOP('',(#2537,#2538,#2539,#2540));
#6444=EDGE_LOOP('',(#2541,#2542,#2543,#2544));
#6445=EDGE_LOOP('',(#2545));
#6446=EDGE_LOOP('',(#2546,#2547));
#6447=EDGE_LOOP('',(#2548));
#6448=EDGE_LOOP('',(#2549));
#6449=EDGE_LOOP('',(#2550,#2551,#2552,#2553));
#6450=EDGE_LOOP('',(#2554,#2555,#2556,#2557,#2558,#2559,#2560,#2561));
#6451=EDGE_LOOP('',(#2562,#2563,#2564,#2565));
#6452=EDGE_LOOP('',(#2566,#2567,#2568,#2569));
#6453=EDGE_LOOP('',(#2570,#2571,#2572,#2573));
#6454=EDGE_LOOP('',(#2574,#2575,#2576,#2577));
#6455=EDGE_LOOP('',(#2578,#2579,#2580,#2581));
#6456=EDGE_LOOP('',(#2582,#2583,#2584,#2585));
#6457=EDGE_LOOP('',(#2586,#2587,#2588,#2589));
#6458=EDGE_LOOP('',(#2590,#2591,#2592,#2593));
#6459=EDGE_LOOP('',(#2594,#2595,#2596,#2597));
#6460=EDGE_LOOP('',(#2598,#2599,#2600,#2601));
#6461=EDGE_LOOP('',(#2602,#2603,#2604,#2605));
#6462=EDGE_LOOP('',(#2606,#2607,#2608,#2609));
#6463=EDGE_LOOP('',(#2610,#2611,#2612,#2613));
#6464=EDGE_LOOP('',(#2614,#2615,#2616,#2617));
#6465=EDGE_LOOP('',(#2618,#2619,#2620,#2621));
#6466=EDGE_LOOP('',(#2622,#2623,#2624,#2625));
#6467=EDGE_LOOP('',(#2626,#2627,#2628,#2629));
#6468=EDGE_LOOP('',(#2630,#2631,#2632,#2633));
#6469=EDGE_LOOP('',(#2634,#2635,#2636,#2637));
#6470=EDGE_LOOP('',(#2638,#2639,#2640,#2641));
#6471=EDGE_LOOP('',(#2642,#2643,#2644,#2645,#2646,#2647,#2648,#2649));
#6472=EDGE_LOOP('',(#2650,#2651,#2652,#2653));
#6473=EDGE_LOOP('',(#2654,#2655,#2656,#2657));
#6474=EDGE_LOOP('',(#2658,#2659,#2660,#2661));
#6475=EDGE_LOOP('',(#2662,#2663,#2664,#2665));
#6476=EDGE_LOOP('',(#2666,#2667,#2668,#2669));
#6477=EDGE_LOOP('',(#2670,#2671,#2672,#2673));
#6478=EDGE_LOOP('',(#2674,#2675,#2676,#2677));
#6479=EDGE_LOOP('',(#2678,#2679,#2680,#2681));
#6480=EDGE_LOOP('',(#2682,#2683,#2684,#2685));
#6481=EDGE_LOOP('',(#2686,#2687,#2688,#2689));
#6482=EDGE_LOOP('',(#2690,#2691,#2692,#2693));
#6483=EDGE_LOOP('',(#2694,#2695,#2696,#2697));
#6484=EDGE_LOOP('',(#2698,#2699,#2700,#2701));
#6485=EDGE_LOOP('',(#2702,#2703,#2704,#2705));
#6486=EDGE_LOOP('',(#2706,#2707,#2708,#2709));
#6487=EDGE_LOOP('',(#2710,#2711,#2712,#2713));
#6488=EDGE_LOOP('',(#2714,#2715,#2716,#2717));
#6489=EDGE_LOOP('',(#2718,#2719,#2720,#2721));
#6490=EDGE_LOOP('',(#2722,#2723,#2724,#2725));
#6491=EDGE_LOOP('',(#2726,#2727,#2728,#2729));
#6492=EDGE_LOOP('',(#2730,#2731,#2732,#2733));
#6493=EDGE_LOOP('',(#2734,#2735,#2736,#2737));
#6494=EDGE_LOOP('',(#2738,#2739,#2740,#2741));
#6495=EDGE_LOOP('',(#2742,#2743,#2744,#2745));
#6496=EDGE_LOOP('',(#2746,#2747,#2748,#2749));
#6497=EDGE_LOOP('',(#2750,#2751,#2752,#2753));
#6498=EDGE_LOOP('',(#2754,#2755,#2756,#2757));
#6499=EDGE_LOOP('',(#2758,#2759,#2760,#2761));
#6500=EDGE_LOOP('',(#2762,#2763,#2764,#2765));
#6501=EDGE_LOOP('',(#2766,#2767,#2768,#2769));
#6502=EDGE_LOOP('',(#2770,#2771,#2772,#2773));
#6503=EDGE_LOOP('',(#2774,#2775,#2776,#2777));
#6504=EDGE_LOOP('',(#2778,#2779,#2780,#2781));
#6505=EDGE_LOOP('',(#2782,#2783,#2784,#2785));
#6506=EDGE_LOOP('',(#2786,#2787,#2788,#2789));
#6507=EDGE_LOOP('',(#2790,#2791,#2792,#2793));
#6508=EDGE_LOOP('',(#2794,#2795,#2796,#2797));
#6509=EDGE_LOOP('',(#2798,#2799,#2800,#2801));
#6510=EDGE_LOOP('',(#2802,#2803,#2804,#2805));
#6511=EDGE_LOOP('',(#2806,#2807,#2808,#2809));
#6512=EDGE_LOOP('',(#2810,#2811,#2812,#2813));
#6513=EDGE_LOOP('',(#2814,#2815,#2816,#2817));
#6514=EDGE_LOOP('',(#2818,#2819,#2820,#2821));
#6515=EDGE_LOOP('',(#2822,#2823,#2824,#2825));
#6516=EDGE_LOOP('',(#2826,#2827,#2828,#2829));
#6517=EDGE_LOOP('',(#2830));
#6518=EDGE_LOOP('',(#2831,#2832));
#6519=EDGE_LOOP('',(#2833));
#6520=EDGE_LOOP('',(#2834));
#6521=EDGE_LOOP('',(#2835));
#6522=EDGE_LOOP('',(#2836));
#6523=EDGE_LOOP('',(#2837));
#6524=EDGE_LOOP('',(#2838));
#6525=EDGE_LOOP('',(#2839));
#6526=EDGE_LOOP('',(#2840));
#6527=EDGE_LOOP('',(#2841));
#6528=EDGE_LOOP('',(#2842));
#6529=EDGE_LOOP('',(#2843,#2844));
#6530=EDGE_LOOP('',(#2845));
#6531=EDGE_LOOP('',(#2846));
#6532=EDGE_LOOP('',(#2847));
#6533=EDGE_LOOP('',(#2848));
#6534=EDGE_LOOP('',(#2849,#2850,#2851,#2852));
#6535=EDGE_LOOP('',(#2853,#2854,#2855,#2856));
#6536=EDGE_LOOP('',(#2857,#2858,#2859,#2860));
#6537=EDGE_LOOP('',(#2861,#2862,#2863,#2864));
#6538=EDGE_LOOP('',(#2865,#2866,#2867,#2868));
#6539=EDGE_LOOP('',(#2869,#2870,#2871,#2872));
#6540=EDGE_LOOP('',(#2873,#2874,#2875,#2876));
#6541=EDGE_LOOP('',(#2877,#2878,#2879,#2880));
#6542=EDGE_LOOP('',(#2881,#2882,#2883,#2884));
#6543=EDGE_LOOP('',(#2885,#2886,#2887,#2888));
#6544=EDGE_LOOP('',(#2889,#2890,#2891,#2892));
#6545=EDGE_LOOP('',(#2893,#2894,#2895,#2896));
#6546=EDGE_LOOP('',(#2897,#2898,#2899,#2900));
#6547=EDGE_LOOP('',(#2901,#2902,#2903,#2904));
#6548=EDGE_LOOP('',(#2905,#2906,#2907,#2908));
#6549=EDGE_LOOP('',(#2909,#2910,#2911,#2912));
#6550=EDGE_LOOP('',(#2913));
#6551=EDGE_LOOP('',(#2914,#2915,#2916,#2917));
#6552=EDGE_LOOP('',(#2918,#2919,#2920,#2921));
#6553=EDGE_LOOP('',(#2922,#2923,#2924,#2925));
#6554=EDGE_LOOP('',(#2926,#2927,#2928,#2929));
#6555=EDGE_LOOP('',(#2930));
#6556=EDGE_LOOP('',(#2931));
#6557=EDGE_LOOP('',(#2932));
#6558=EDGE_LOOP('',(#2933));
#6559=EDGE_LOOP('',(#2934));
#6560=EDGE_LOOP('',(#2935));
#6561=EDGE_LOOP('',(#2936));
#6562=EDGE_LOOP('',(#2937,#2938,#2939,#2940,#2941,#2942,#2943,#2944));
#6563=EDGE_LOOP('',(#2945,#2946,#2947,#2948,#2949,#2950,#2951,#2952));
#6564=EDGE_LOOP('',(#2953,#2954,#2955,#2956,#2957,#2958,#2959,#2960));
#6565=EDGE_LOOP('',(#2961,#2962,#2963,#2964,#2965,#2966,#2967,#2968));
#6566=EDGE_LOOP('',(#2969,#2970,#2971,#2972,#2973,#2974,#2975,#2976,#2977,
#2978,#2979,#2980,#2981,#2982,#2983,#2984,#2985,#2986,#2987,#2988,#2989,
#2990,#2991,#2992,#2993,#2994,#2995,#2996,#2997,#2998,#2999,#3000,#3001,
#3002,#3003,#3004,#3005,#3006,#3007,#3008,#3009,#3010,#3011,#3012,#3013,
#3014,#3015,#3016,#3017,#3018,#3019,#3020,#3021,#3022,#3023,#3024,#3025,
#3026,#3027,#3028,#3029,#3030,#3031,#3032,#3033,#3034,#3035,#3036,#3037,
#3038,#3039,#3040,#3041,#3042,#3043,#3044,#3045,#3046,#3047,#3048,#3049,
#3050,#3051,#3052,#3053,#3054,#3055,#3056,#3057,#3058,#3059,#3060,#3061,
#3062,#3063,#3064,#3065,#3066,#3067,#3068));
#6567=EDGE_LOOP('',(#3069,#3070,#3071,#3072,#3073,#3074,#3075,#3076));
#6568=EDGE_LOOP('',(#3077,#3078,#3079,#3080));
#6569=EDGE_LOOP('',(#3081,#3082,#3083,#3084));
#6570=EDGE_LOOP('',(#3085,#3086,#3087,#3088));
#6571=EDGE_LOOP('',(#3089,#3090,#3091,#3092));
#6572=EDGE_LOOP('',(#3093,#3094,#3095,#3096));
#6573=EDGE_LOOP('',(#3097,#3098,#3099,#3100));
#6574=EDGE_LOOP('',(#3101,#3102,#3103,#3104));
#6575=EDGE_LOOP('',(#3105,#3106,#3107,#3108));
#6576=EDGE_LOOP('',(#3109,#3110,#3111,#3112));
#6577=EDGE_LOOP('',(#3113,#3114,#3115,#3116));
#6578=EDGE_LOOP('',(#3117,#3118,#3119,#3120));
#6579=EDGE_LOOP('',(#3121,#3122,#3123,#3124));
#6580=EDGE_LOOP('',(#3125,#3126,#3127,#3128));
#6581=EDGE_LOOP('',(#3129,#3130,#3131,#3132));
#6582=EDGE_LOOP('',(#3133,#3134,#3135,#3136));
#6583=EDGE_LOOP('',(#3137));
#6584=EDGE_LOOP('',(#3138));
#6585=EDGE_LOOP('',(#3139));
#6586=EDGE_LOOP('',(#3140));
#6587=EDGE_LOOP('',(#3141,#3142,#3143,#3144));
#6588=EDGE_LOOP('',(#3145,#3146,#3147,#3148));
#6589=EDGE_LOOP('',(#3149,#3150,#3151,#3152));
#6590=EDGE_LOOP('',(#3153,#3154,#3155,#3156));
#6591=EDGE_LOOP('',(#3157,#3158,#3159,#3160));
#6592=EDGE_LOOP('',(#3161,#3162,#3163,#3164));
#6593=EDGE_LOOP('',(#3165,#3166,#3167,#3168));
#6594=EDGE_LOOP('',(#3169,#3170,#3171,#3172));
#6595=EDGE_LOOP('',(#3173,#3174,#3175,#3176));
#6596=EDGE_LOOP('',(#3177,#3178,#3179,#3180));
#6597=EDGE_LOOP('',(#3181,#3182,#3183,#3184));
#6598=EDGE_LOOP('',(#3185,#3186,#3187,#3188));
#6599=EDGE_LOOP('',(#3189,#3190,#3191,#3192));
#6600=EDGE_LOOP('',(#3193,#3194,#3195,#3196));
#6601=EDGE_LOOP('',(#3197,#3198,#3199,#3200));
#6602=EDGE_LOOP('',(#3201,#3202,#3203,#3204));
#6603=EDGE_LOOP('',(#3205,#3206,#3207,#3208));
#6604=EDGE_LOOP('',(#3209,#3210,#3211,#3212));
#6605=EDGE_LOOP('',(#3213,#3214,#3215,#3216));
#6606=EDGE_LOOP('',(#3217,#3218,#3219,#3220));
#6607=EDGE_LOOP('',(#3221,#3222,#3223,#3224));
#6608=EDGE_LOOP('',(#3225,#3226,#3227,#3228));
#6609=EDGE_LOOP('',(#3229,#3230,#3231,#3232));
#6610=EDGE_LOOP('',(#3233,#3234,#3235,#3236));
#6611=EDGE_LOOP('',(#3237,#3238,#3239,#3240));
#6612=EDGE_LOOP('',(#3241,#3242,#3243,#3244));
#6613=EDGE_LOOP('',(#3245,#3246,#3247,#3248));
#6614=EDGE_LOOP('',(#3249,#3250,#3251,#3252));
#6615=EDGE_LOOP('',(#3253,#3254,#3255,#3256));
#6616=EDGE_LOOP('',(#3257,#3258,#3259,#3260));
#6617=EDGE_LOOP('',(#3261,#3262,#3263,#3264));
#6618=EDGE_LOOP('',(#3265,#3266,#3267,#3268));
#6619=EDGE_LOOP('',(#3269,#3270,#3271,#3272));
#6620=EDGE_LOOP('',(#3273,#3274,#3275,#3276));
#6621=EDGE_LOOP('',(#3277,#3278,#3279,#3280));
#6622=EDGE_LOOP('',(#3281,#3282,#3283,#3284));
#6623=EDGE_LOOP('',(#3285,#3286,#3287,#3288));
#6624=EDGE_LOOP('',(#3289,#3290,#3291,#3292));
#6625=EDGE_LOOP('',(#3293,#3294,#3295,#3296));
#6626=EDGE_LOOP('',(#3297,#3298,#3299,#3300));
#6627=EDGE_LOOP('',(#3301,#3302,#3303,#3304));
#6628=EDGE_LOOP('',(#3305,#3306,#3307,#3308));
#6629=EDGE_LOOP('',(#3309,#3310,#3311,#3312));
#6630=EDGE_LOOP('',(#3313,#3314,#3315,#3316));
#6631=EDGE_LOOP('',(#3317,#3318,#3319,#3320));
#6632=EDGE_LOOP('',(#3321,#3322,#3323,#3324));
#6633=EDGE_LOOP('',(#3325,#3326,#3327,#3328));
#6634=EDGE_LOOP('',(#3329,#3330,#3331,#3332));
#6635=EDGE_LOOP('',(#3333,#3334,#3335,#3336));
#6636=EDGE_LOOP('',(#3337,#3338,#3339,#3340));
#6637=EDGE_LOOP('',(#3341,#3342,#3343,#3344));
#6638=EDGE_LOOP('',(#3345,#3346,#3347,#3348));
#6639=EDGE_LOOP('',(#3349,#3350,#3351,#3352));
#6640=EDGE_LOOP('',(#3353,#3354,#3355,#3356));
#6641=EDGE_LOOP('',(#3357,#3358,#3359,#3360));
#6642=EDGE_LOOP('',(#3361,#3362,#3363,#3364));
#6643=EDGE_LOOP('',(#3365,#3366,#3367,#3368));
#6644=EDGE_LOOP('',(#3369,#3370,#3371,#3372));
#6645=EDGE_LOOP('',(#3373,#3374,#3375,#3376));
#6646=EDGE_LOOP('',(#3377,#3378,#3379,#3380));
#6647=EDGE_LOOP('',(#3381,#3382,#3383,#3384));
#6648=EDGE_LOOP('',(#3385,#3386,#3387,#3388));
#6649=EDGE_LOOP('',(#3389,#3390,#3391,#3392));
#6650=EDGE_LOOP('',(#3393,#3394,#3395,#3396));
#6651=EDGE_LOOP('',(#3397,#3398,#3399,#3400));
#6652=EDGE_LOOP('',(#3401,#3402,#3403,#3404));
#6653=EDGE_LOOP('',(#3405,#3406,#3407,#3408));
#6654=EDGE_LOOP('',(#3409,#3410,#3411,#3412));
#6655=EDGE_LOOP('',(#3413,#3414,#3415,#3416));
#6656=EDGE_LOOP('',(#3417,#3418,#3419,#3420));
#6657=EDGE_LOOP('',(#3421,#3422,#3423,#3424));
#6658=EDGE_LOOP('',(#3425,#3426,#3427,#3428));
#6659=EDGE_LOOP('',(#3429,#3430,#3431,#3432));
#6660=EDGE_LOOP('',(#3433,#3434,#3435,#3436));
#6661=EDGE_LOOP('',(#3437,#3438,#3439,#3440));
#6662=EDGE_LOOP('',(#3441,#3442,#3443,#3444));
#6663=EDGE_LOOP('',(#3445,#3446,#3447,#3448));
#6664=EDGE_LOOP('',(#3449,#3450,#3451,#3452));
#6665=EDGE_LOOP('',(#3453,#3454,#3455,#3456));
#6666=EDGE_LOOP('',(#3457,#3458,#3459,#3460));
#6667=EDGE_LOOP('',(#3461,#3462,#3463,#3464));
#6668=EDGE_LOOP('',(#3465,#3466,#3467,#3468));
#6669=EDGE_LOOP('',(#3469,#3470,#3471,#3472));
#6670=EDGE_LOOP('',(#3473,#3474,#3475,#3476));
#6671=EDGE_LOOP('',(#3477,#3478,#3479,#3480));
#6672=EDGE_LOOP('',(#3481,#3482,#3483,#3484));
#6673=EDGE_LOOP('',(#3485,#3486,#3487,#3488));
#6674=EDGE_LOOP('',(#3489,#3490,#3491,#3492));
#6675=EDGE_LOOP('',(#3493,#3494,#3495,#3496));
#6676=EDGE_LOOP('',(#3497,#3498,#3499,#3500));
#6677=EDGE_LOOP('',(#3501,#3502,#3503,#3504));
#6678=EDGE_LOOP('',(#3505,#3506,#3507,#3508));
#6679=EDGE_LOOP('',(#3509,#3510,#3511,#3512));
#6680=EDGE_LOOP('',(#3513,#3514,#3515,#3516));
#6681=EDGE_LOOP('',(#3517,#3518,#3519,#3520));
#6682=EDGE_LOOP('',(#3521,#3522,#3523,#3524));
#6683=EDGE_LOOP('',(#3525,#3526,#3527,#3528));
#6684=EDGE_LOOP('',(#3529,#3530,#3531,#3532));
#6685=EDGE_LOOP('',(#3533,#3534,#3535,#3536));
#6686=EDGE_LOOP('',(#3537,#3538,#3539,#3540));
#6687=EDGE_LOOP('',(#3541,#3542,#3543,#3544));
#6688=EDGE_LOOP('',(#3545,#3546,#3547,#3548));
#6689=EDGE_LOOP('',(#3549,#3550,#3551,#3552));
#6690=EDGE_LOOP('',(#3553,#3554,#3555,#3556));
#6691=EDGE_LOOP('',(#3557,#3558,#3559,#3560));
#6692=EDGE_LOOP('',(#3561,#3562,#3563,#3564));
#6693=EDGE_LOOP('',(#3565,#3566,#3567,#3568));
#6694=EDGE_LOOP('',(#3569,#3570,#3571,#3572));
#6695=EDGE_LOOP('',(#3573,#3574,#3575,#3576));
#6696=EDGE_LOOP('',(#3577,#3578,#3579,#3580));
#6697=EDGE_LOOP('',(#3581,#3582,#3583,#3584));
#6698=EDGE_LOOP('',(#3585,#3586,#3587,#3588));
#6699=EDGE_LOOP('',(#3589,#3590,#3591,#3592));
#6700=EDGE_LOOP('',(#3593,#3594,#3595,#3596));
#6701=EDGE_LOOP('',(#3597,#3598,#3599,#3600));
#6702=EDGE_LOOP('',(#3601,#3602,#3603,#3604));
#6703=EDGE_LOOP('',(#3605,#3606,#3607,#3608));
#6704=EDGE_LOOP('',(#3609,#3610,#3611,#3612));
#6705=EDGE_LOOP('',(#3613,#3614,#3615,#3616));
#6706=EDGE_LOOP('',(#3617,#3618,#3619,#3620));
#6707=EDGE_LOOP('',(#3621,#3622,#3623,#3624));
#6708=EDGE_LOOP('',(#3625,#3626,#3627,#3628));
#6709=EDGE_LOOP('',(#3629,#3630,#3631,#3632));
#6710=EDGE_LOOP('',(#3633,#3634,#3635,#3636));
#6711=EDGE_LOOP('',(#3637,#3638,#3639,#3640));
#6712=EDGE_LOOP('',(#3641));
#6713=EDGE_LOOP('',(#3642));
#6714=EDGE_LOOP('',(#3643,#3644,#3645,#3646,#3647,#3648,#3649,#3650,#3651,
#3652));
#6715=EDGE_LOOP('',(#3653,#3654,#3655,#3656,#3657,#3658,#3659,#3660,#3661,
#3662));
#6716=EDGE_LOOP('',(#3663,#3664,#3665,#3666,#3667,#3668,#3669,#3670,#3671,
#3672));
#6717=EDGE_LOOP('',(#3673,#3674,#3675,#3676,#3677,#3678,#3679,#3680,#3681,
#3682,#3683,#3684,#3685,#3686,#3687,#3688,#3689,#3690,#3691,#3692,#3693,
#3694,#3695,#3696,#3697,#3698,#3699,#3700,#3701,#3702,#3703,#3704,#3705,
#3706,#3707,#3708,#3709,#3710,#3711,#3712,#3713,#3714,#3715,#3716,#3717,
#3718,#3719,#3720,#3721,#3722,#3723,#3724,#3725,#3726,#3727,#3728,#3729,
#3730,#3731,#3732,#3733,#3734,#3735,#3736,#3737,#3738,#3739,#3740,#3741,
#3742,#3743,#3744,#3745,#3746,#3747,#3748,#3749,#3750,#3751,#3752,#3753,
#3754,#3755,#3756,#3757,#3758,#3759,#3760,#3761,#3762,#3763,#3764,#3765,
#3766,#3767,#3768,#3769,#3770,#3771,#3772));
#6718=EDGE_LOOP('',(#3773,#3774,#3775,#3776,#3777,#3778,#3779,#3780,#3781,
#3782));
#6719=EDGE_LOOP('',(#3783));
#6720=EDGE_LOOP('',(#3784,#3785,#3786,#3787,#3788));
#6721=EDGE_LOOP('',(#3789,#3790,#3791,#3792));
#6722=EDGE_LOOP('',(#3793,#3794,#3795,#3796,#3797));
#6723=EDGE_LOOP('',(#3798,#3799,#3800,#3801));
#6724=EDGE_LOOP('',(#3802,#3803,#3804,#3805,#3806));
#6725=EDGE_LOOP('',(#3807,#3808,#3809,#3810));
#6726=EDGE_LOOP('',(#3811,#3812,#3813,#3814,#3815));
#6727=EDGE_LOOP('',(#3816,#3817,#3818,#3819));
#6728=EDGE_LOOP('',(#3820));
#6729=EDGE_LOOP('',(#3821,#3822,#3823,#3824,#3825,#3826,#3827,#3828,#3829,
#3830));
#6730=EDGE_LOOP('',(#3831,#3832,#3833,#3834,#3835,#3836,#3837,#3838,#3839,
#3840));
#6731=EDGE_LOOP('',(#3841,#3842,#3843,#3844,#3845,#3846,#3847,#3848,#3849,
#3850));
#6732=EDGE_LOOP('',(#3851,#3852,#3853,#3854,#3855,#3856,#3857,#3858,#3859,
#3860));
#6733=EDGE_LOOP('',(#3861,#3862,#3863,#3864));
#6734=EDGE_LOOP('',(#3865,#3866,#3867,#3868));
#6735=EDGE_LOOP('',(#3869,#3870,#3871,#3872,#3873));
#6736=EDGE_LOOP('',(#3874,#3875,#3876,#3877));
#6737=EDGE_LOOP('',(#3878,#3879,#3880,#3881));
#6738=EDGE_LOOP('',(#3882,#3883,#3884,#3885));
#6739=EDGE_LOOP('',(#3886,#3887,#3888,#3889,#3890));
#6740=EDGE_LOOP('',(#3891,#3892,#3893,#3894));
#6741=EDGE_LOOP('',(#3895,#3896,#3897,#3898));
#6742=EDGE_LOOP('',(#3899,#3900,#3901,#3902));
#6743=EDGE_LOOP('',(#3903,#3904,#3905,#3906,#3907));
#6744=EDGE_LOOP('',(#3908,#3909,#3910,#3911));
#6745=EDGE_LOOP('',(#3912,#3913,#3914,#3915));
#6746=EDGE_LOOP('',(#3916,#3917,#3918,#3919));
#6747=EDGE_LOOP('',(#3920,#3921,#3922,#3923,#3924));
#6748=EDGE_LOOP('',(#3925,#3926,#3927,#3928));
#6749=EDGE_LOOP('',(#3929,#3930,#3931,#3932,#3933,#3934,#3935,#3936,#3937,
#3938,#3939,#3940,#3941,#3942,#3943,#3944));
#6750=EDGE_LOOP('',(#3945));
#6751=EDGE_LOOP('',(#3946));
#6752=EDGE_LOOP('',(#3947));
#6753=EDGE_LOOP('',(#3948));
#6754=EDGE_LOOP('',(#3949));
#6755=EDGE_LOOP('',(#3950));
#6756=EDGE_LOOP('',(#3951));
#6757=EDGE_LOOP('',(#3952));
#6758=EDGE_LOOP('',(#3953));
#6759=EDGE_LOOP('',(#3954));
#6760=EDGE_LOOP('',(#3955));
#6761=EDGE_LOOP('',(#3956));
#6762=EDGE_LOOP('',(#3957,#3958,#3959,#3960,#3961,#3962));
#6763=EDGE_LOOP('',(#3963,#3964,#3965,#3966,#3967,#3968,#3969,#3970));
#6764=EDGE_LOOP('',(#3971,#3972,#3973,#3974,#3975,#3976,#3977,#3978,#3979,
#3980));
#6765=EDGE_LOOP('',(#3981,#3982,#3983,#3984,#3985,#3986,#3987,#3988,#3989,
#3990,#3991,#3992,#3993));
#6766=EDGE_LOOP('',(#3994,#3995,#3996,#3997,#3998,#3999,#4000,#4001,#4002,
#4003,#4004,#4005));
#6767=EDGE_LOOP('',(#4006,#4007,#4008,#4009,#4010,#4011,#4012,#4013,#4014,
#4015,#4016));
#6768=EDGE_LOOP('',(#4017));
#6769=EDGE_LOOP('',(#4018,#4019,#4020,#4021));
#6770=EDGE_LOOP('',(#4022,#4023,#4024,#4025));
#6771=EDGE_LOOP('',(#4026,#4027,#4028,#4029));
#6772=EDGE_LOOP('',(#4030,#4031,#4032,#4033));
#6773=EDGE_LOOP('',(#4034));
#6774=EDGE_LOOP('',(#4035,#4036,#4037,#4038));
#6775=EDGE_LOOP('',(#4039,#4040,#4041,#4042));
#6776=EDGE_LOOP('',(#4043));
#6777=EDGE_LOOP('',(#4044));
#6778=EDGE_LOOP('',(#4045,#4046,#4047,#4048,#4049,#4050,#4051,#4052,#4053,
#4054,#4055));
#6779=EDGE_LOOP('',(#4056,#4057,#4058,#4059,#4060));
#6780=EDGE_LOOP('',(#4061,#4062,#4063,#4064));
#6781=EDGE_LOOP('',(#4065,#4066,#4067,#4068));
#6782=EDGE_LOOP('',(#4069,#4070,#4071,#4072));
#6783=EDGE_LOOP('',(#4073,#4074,#4075,#4076));
#6784=EDGE_LOOP('',(#4077,#4078,#4079,#4080));
#6785=EDGE_LOOP('',(#4081,#4082,#4083,#4084));
#6786=EDGE_LOOP('',(#4085,#4086,#4087,#4088));
#6787=EDGE_LOOP('',(#4089,#4090,#4091,#4092));
#6788=EDGE_LOOP('',(#4093,#4094,#4095,#4096));
#6789=EDGE_LOOP('',(#4097,#4098,#4099,#4100));
#6790=EDGE_LOOP('',(#4101,#4102,#4103,#4104));
#6791=EDGE_LOOP('',(#4105,#4106,#4107,#4108));
#6792=EDGE_LOOP('',(#4109,#4110,#4111,#4112));
#6793=EDGE_LOOP('',(#4113,#4114,#4115,#4116));
#6794=EDGE_LOOP('',(#4117,#4118,#4119,#4120));
#6795=EDGE_LOOP('',(#4121,#4122,#4123,#4124));
#6796=EDGE_LOOP('',(#4125,#4126,#4127,#4128,#4129));
#6797=EDGE_LOOP('',(#4130,#4131,#4132,#4133));
#6798=EDGE_LOOP('',(#4134,#4135,#4136,#4137));
#6799=EDGE_LOOP('',(#4138,#4139,#4140,#4141));
#6800=EDGE_LOOP('',(#4142,#4143,#4144,#4145));
#6801=EDGE_LOOP('',(#4146,#4147,#4148,#4149));
#6802=EDGE_LOOP('',(#4150,#4151,#4152,#4153));
#6803=EDGE_LOOP('',(#4154,#4155,#4156,#4157));
#6804=EDGE_LOOP('',(#4158,#4159,#4160,#4161));
#6805=EDGE_LOOP('',(#4162,#4163,#4164,#4165));
#6806=EDGE_LOOP('',(#4166,#4167,#4168,#4169));
#6807=EDGE_LOOP('',(#4170,#4171,#4172,#4173));
#6808=EDGE_LOOP('',(#4174,#4175,#4176,#4177));
#6809=EDGE_LOOP('',(#4178,#4179,#4180,#4181,#4182,#4183,#4184,#4185,#4186,
#4187,#4188,#4189));
#6810=EDGE_LOOP('',(#4190,#4191,#4192,#4193));
#6811=EDGE_LOOP('',(#4194,#4195,#4196,#4197));
#6812=EDGE_LOOP('',(#4198,#4199,#4200,#4201));
#6813=EDGE_LOOP('',(#4202,#4203,#4204,#4205));
#6814=EDGE_LOOP('',(#4206,#4207,#4208,#4209));
#6815=EDGE_LOOP('',(#4210,#4211,#4212,#4213));
#6816=EDGE_LOOP('',(#4214,#4215,#4216,#4217));
#6817=EDGE_LOOP('',(#4218,#4219,#4220,#4221));
#6818=EDGE_LOOP('',(#4222,#4223,#4224,#4225));
#6819=EDGE_LOOP('',(#4226,#4227,#4228,#4229));
#6820=EDGE_LOOP('',(#4230,#4231,#4232,#4233));
#6821=EDGE_LOOP('',(#4234,#4235,#4236,#4237));
#6822=EDGE_LOOP('',(#4238,#4239,#4240,#4241));
#6823=EDGE_LOOP('',(#4242,#4243,#4244,#4245,#4246,#4247,#4248,#4249,#4250,
#4251,#4252,#4253,#4254));
#6824=EDGE_LOOP('',(#4255,#4256,#4257,#4258));
#6825=EDGE_LOOP('',(#4259,#4260,#4261,#4262));
#6826=EDGE_LOOP('',(#4263,#4264,#4265,#4266));
#6827=EDGE_LOOP('',(#4267,#4268,#4269,#4270));
#6828=EDGE_LOOP('',(#4271,#4272,#4273,#4274));
#6829=EDGE_LOOP('',(#4275,#4276,#4277,#4278));
#6830=EDGE_LOOP('',(#4279,#4280,#4281,#4282));
#6831=EDGE_LOOP('',(#4283,#4284,#4285,#4286));
#6832=EDGE_LOOP('',(#4287,#4288,#4289,#4290));
#6833=EDGE_LOOP('',(#4291,#4292,#4293,#4294));
#6834=EDGE_LOOP('',(#4295,#4296,#4297,#4298,#4299,#4300,#4301,#4302,#4303,
#4304));
#6835=EDGE_LOOP('',(#4305,#4306,#4307,#4308,#4309,#4310,#4311,#4312));
#6836=EDGE_LOOP('',(#4313,#4314,#4315));
#6837=EDGE_LOOP('',(#4316,#4317,#4318,#4319));
#6838=EDGE_LOOP('',(#4320,#4321,#4322,#4323));
#6839=EDGE_LOOP('',(#4324,#4325,#4326,#4327));
#6840=EDGE_LOOP('',(#4328,#4329,#4330,#4331));
#6841=EDGE_LOOP('',(#4332,#4333,#4334,#4335));
#6842=EDGE_LOOP('',(#4336,#4337,#4338,#4339));
#6843=EDGE_LOOP('',(#4340,#4341,#4342,#4343));
#6844=EDGE_LOOP('',(#4344,#4345,#4346,#4347));
#6845=EDGE_LOOP('',(#4348,#4349,#4350,#4351));
#6846=EDGE_LOOP('',(#4352,#4353,#4354,#4355));
#6847=EDGE_LOOP('',(#4356,#4357,#4358,#4359));
#6848=EDGE_LOOP('',(#4360,#4361,#4362));
#6849=EDGE_LOOP('',(#4363,#4364,#4365,#4366,#4367,#4368));
#6850=EDGE_LOOP('',(#4369,#4370,#4371,#4372,#4373,#4374,#4375));
#6851=EDGE_LOOP('',(#4376,#4377,#4378,#4379));
#6852=EDGE_LOOP('',(#4380,#4381,#4382,#4383));
#6853=EDGE_LOOP('',(#4384,#4385,#4386,#4387));
#6854=EDGE_LOOP('',(#4388,#4389,#4390,#4391));
#6855=EDGE_LOOP('',(#4392,#4393,#4394,#4395));
#6856=EDGE_LOOP('',(#4396,#4397,#4398,#4399));
#6857=EDGE_LOOP('',(#4400,#4401,#4402,#4403));
#6858=EDGE_LOOP('',(#4404,#4405,#4406,#4407));
#6859=EDGE_LOOP('',(#4408,#4409,#4410,#4411));
#6860=EDGE_LOOP('',(#4412,#4413,#4414,#4415));
#6861=EDGE_LOOP('',(#4416,#4417,#4418,#4419));
#6862=EDGE_LOOP('',(#4420,#4421,#4422,#4423));
#6863=EDGE_LOOP('',(#4424,#4425,#4426,#4427));
#6864=EDGE_LOOP('',(#4428,#4429,#4430,#4431,#4432,#4433,#4434));
#6865=FACE_BOUND('',#6355,.T.);
#6866=FACE_BOUND('',#6356,.T.);
#6867=FACE_BOUND('',#6357,.T.);
#6868=FACE_BOUND('',#6358,.T.);
#6869=FACE_BOUND('',#6359,.T.);
#6870=FACE_BOUND('',#6360,.T.);
#6871=FACE_BOUND('',#6361,.T.);
#6872=FACE_BOUND('',#6362,.T.);
#6873=FACE_BOUND('',#6363,.T.);
#6874=FACE_BOUND('',#6364,.T.);
#6875=FACE_BOUND('',#6365,.T.);
#6876=FACE_BOUND('',#6366,.T.);
#6877=FACE_BOUND('',#6367,.T.);
#6878=FACE_BOUND('',#6368,.T.);
#6879=FACE_BOUND('',#6369,.T.);
#6880=FACE_BOUND('',#6370,.T.);
#6881=FACE_BOUND('',#6371,.T.);
#6882=FACE_BOUND('',#6372,.T.);
#6883=FACE_BOUND('',#6373,.T.);
#6884=FACE_BOUND('',#6374,.T.);
#6885=FACE_BOUND('',#6375,.T.);
#6886=FACE_BOUND('',#6376,.T.);
#6887=FACE_BOUND('',#6377,.T.);
#6888=FACE_BOUND('',#6378,.T.);
#6889=FACE_BOUND('',#6379,.T.);
#6890=FACE_BOUND('',#6380,.T.);
#6891=FACE_BOUND('',#6381,.T.);
#6892=FACE_BOUND('',#6382,.T.);
#6893=FACE_BOUND('',#6383,.T.);
#6894=FACE_BOUND('',#6384,.T.);
#6895=FACE_BOUND('',#6385,.T.);
#6896=FACE_BOUND('',#6386,.T.);
#6897=FACE_BOUND('',#6387,.T.);
#6898=FACE_BOUND('',#6388,.T.);
#6899=FACE_BOUND('',#6389,.T.);
#6900=FACE_BOUND('',#6390,.T.);
#6901=FACE_BOUND('',#6391,.T.);
#6902=FACE_BOUND('',#6392,.T.);
#6903=FACE_BOUND('',#6393,.T.);
#6904=FACE_BOUND('',#6394,.T.);
#6905=FACE_BOUND('',#6395,.T.);
#6906=FACE_BOUND('',#6396,.T.);
#6907=FACE_BOUND('',#6397,.T.);
#6908=FACE_BOUND('',#6398,.T.);
#6909=FACE_BOUND('',#6399,.T.);
#6910=FACE_BOUND('',#6400,.T.);
#6911=FACE_BOUND('',#6401,.T.);
#6912=FACE_BOUND('',#6402,.T.);
#6913=FACE_BOUND('',#6403,.T.);
#6914=FACE_BOUND('',#6404,.T.);
#6915=FACE_BOUND('',#6405,.T.);
#6916=FACE_BOUND('',#6406,.T.);
#6917=FACE_BOUND('',#6407,.T.);
#6918=FACE_BOUND('',#6408,.T.);
#6919=FACE_BOUND('',#6409,.T.);
#6920=FACE_BOUND('',#6410,.T.);
#6921=FACE_BOUND('',#6411,.T.);
#6922=FACE_BOUND('',#6412,.T.);
#6923=FACE_BOUND('',#6413,.T.);
#6924=FACE_BOUND('',#6414,.T.);
#6925=FACE_BOUND('',#6415,.T.);
#6926=FACE_BOUND('',#6416,.T.);
#6927=FACE_BOUND('',#6417,.T.);
#6928=FACE_BOUND('',#6418,.T.);
#6929=FACE_BOUND('',#6419,.T.);
#6930=FACE_BOUND('',#6420,.T.);
#6931=FACE_BOUND('',#6421,.T.);
#6932=FACE_BOUND('',#6422,.T.);
#6933=FACE_BOUND('',#6423,.T.);
#6934=FACE_BOUND('',#6424,.T.);
#6935=FACE_BOUND('',#6425,.T.);
#6936=FACE_BOUND('',#6426,.T.);
#6937=FACE_BOUND('',#6427,.T.);
#6938=FACE_BOUND('',#6428,.T.);
#6939=FACE_BOUND('',#6429,.T.);
#6940=FACE_BOUND('',#6430,.T.);
#6941=FACE_BOUND('',#6431,.T.);
#6942=FACE_BOUND('',#6432,.T.);
#6943=FACE_BOUND('',#6433,.T.);
#6944=FACE_BOUND('',#6434,.T.);
#6945=FACE_BOUND('',#6435,.T.);
#6946=FACE_BOUND('',#6436,.T.);
#6947=FACE_BOUND('',#6437,.T.);
#6948=FACE_BOUND('',#6438,.T.);
#6949=FACE_BOUND('',#6439,.T.);
#6950=FACE_BOUND('',#6440,.T.);
#6951=FACE_BOUND('',#6441,.T.);
#6952=FACE_BOUND('',#6442,.T.);
#6953=FACE_BOUND('',#6443,.T.);
#6954=FACE_BOUND('',#6444,.T.);
#6955=FACE_BOUND('',#6445,.T.);
#6956=FACE_BOUND('',#6446,.T.);
#6957=FACE_BOUND('',#6447,.T.);
#6958=FACE_BOUND('',#6448,.T.);
#6959=FACE_BOUND('',#6449,.T.);
#6960=FACE_BOUND('',#6450,.T.);
#6961=FACE_BOUND('',#6451,.T.);
#6962=FACE_BOUND('',#6452,.T.);
#6963=FACE_BOUND('',#6453,.T.);
#6964=FACE_BOUND('',#6454,.T.);
#6965=FACE_BOUND('',#6455,.T.);
#6966=FACE_BOUND('',#6456,.T.);
#6967=FACE_BOUND('',#6457,.T.);
#6968=FACE_BOUND('',#6458,.T.);
#6969=FACE_BOUND('',#6459,.T.);
#6970=FACE_BOUND('',#6460,.T.);
#6971=FACE_BOUND('',#6461,.T.);
#6972=FACE_BOUND('',#6462,.T.);
#6973=FACE_BOUND('',#6463,.T.);
#6974=FACE_BOUND('',#6464,.T.);
#6975=FACE_BOUND('',#6465,.T.);
#6976=FACE_BOUND('',#6466,.T.);
#6977=FACE_BOUND('',#6467,.T.);
#6978=FACE_BOUND('',#6468,.T.);
#6979=FACE_BOUND('',#6469,.T.);
#6980=FACE_BOUND('',#6470,.T.);
#6981=FACE_BOUND('',#6471,.T.);
#6982=FACE_BOUND('',#6472,.T.);
#6983=FACE_BOUND('',#6473,.T.);
#6984=FACE_BOUND('',#6474,.T.);
#6985=FACE_BOUND('',#6475,.T.);
#6986=FACE_BOUND('',#6476,.T.);
#6987=FACE_BOUND('',#6477,.T.);
#6988=FACE_BOUND('',#6478,.T.);
#6989=FACE_BOUND('',#6479,.T.);
#6990=FACE_BOUND('',#6480,.T.);
#6991=FACE_BOUND('',#6481,.T.);
#6992=FACE_BOUND('',#6482,.T.);
#6993=FACE_BOUND('',#6483,.T.);
#6994=FACE_BOUND('',#6484,.T.);
#6995=FACE_BOUND('',#6485,.T.);
#6996=FACE_BOUND('',#6486,.T.);
#6997=FACE_BOUND('',#6487,.T.);
#6998=FACE_BOUND('',#6488,.T.);
#6999=FACE_BOUND('',#6489,.T.);
#7000=FACE_BOUND('',#6490,.T.);
#7001=FACE_BOUND('',#6491,.T.);
#7002=FACE_BOUND('',#6492,.T.);
#7003=FACE_BOUND('',#6493,.T.);
#7004=FACE_BOUND('',#6494,.T.);
#7005=FACE_BOUND('',#6495,.T.);
#7006=FACE_BOUND('',#6496,.T.);
#7007=FACE_BOUND('',#6497,.T.);
#7008=FACE_BOUND('',#6498,.T.);
#7009=FACE_BOUND('',#6499,.T.);
#7010=FACE_BOUND('',#6500,.T.);
#7011=FACE_BOUND('',#6501,.T.);
#7012=FACE_BOUND('',#6502,.T.);
#7013=FACE_BOUND('',#6503,.T.);
#7014=FACE_BOUND('',#6504,.T.);
#7015=FACE_BOUND('',#6505,.T.);
#7016=FACE_BOUND('',#6506,.T.);
#7017=FACE_BOUND('',#6507,.T.);
#7018=FACE_BOUND('',#6508,.T.);
#7019=FACE_BOUND('',#6509,.T.);
#7020=FACE_BOUND('',#6510,.T.);
#7021=FACE_BOUND('',#6511,.T.);
#7022=FACE_BOUND('',#6512,.T.);
#7023=FACE_BOUND('',#6513,.T.);
#7024=FACE_BOUND('',#6514,.T.);
#7025=FACE_BOUND('',#6515,.T.);
#7026=FACE_BOUND('',#6516,.T.);
#7027=FACE_BOUND('',#6517,.T.);
#7028=FACE_BOUND('',#6518,.T.);
#7029=FACE_BOUND('',#6519,.T.);
#7030=FACE_BOUND('',#6520,.T.);
#7031=FACE_BOUND('',#6521,.T.);
#7032=FACE_BOUND('',#6522,.T.);
#7033=FACE_BOUND('',#6523,.T.);
#7034=FACE_BOUND('',#6524,.T.);
#7035=FACE_BOUND('',#6525,.T.);
#7036=FACE_BOUND('',#6526,.T.);
#7037=FACE_BOUND('',#6527,.T.);
#7038=FACE_BOUND('',#6528,.T.);
#7039=FACE_BOUND('',#6529,.T.);
#7040=FACE_BOUND('',#6530,.T.);
#7041=FACE_BOUND('',#6531,.T.);
#7042=FACE_BOUND('',#6532,.T.);
#7043=FACE_BOUND('',#6533,.T.);
#7044=FACE_BOUND('',#6534,.T.);
#7045=FACE_BOUND('',#6535,.T.);
#7046=FACE_BOUND('',#6536,.T.);
#7047=FACE_BOUND('',#6537,.T.);
#7048=FACE_BOUND('',#6538,.T.);
#7049=FACE_BOUND('',#6539,.T.);
#7050=FACE_BOUND('',#6540,.T.);
#7051=FACE_BOUND('',#6541,.T.);
#7052=FACE_BOUND('',#6542,.T.);
#7053=FACE_BOUND('',#6543,.T.);
#7054=FACE_BOUND('',#6544,.T.);
#7055=FACE_BOUND('',#6545,.T.);
#7056=FACE_BOUND('',#6546,.T.);
#7057=FACE_BOUND('',#6547,.T.);
#7058=FACE_BOUND('',#6548,.T.);
#7059=FACE_BOUND('',#6549,.T.);
#7060=FACE_BOUND('',#6550,.T.);
#7061=FACE_BOUND('',#6551,.T.);
#7062=FACE_BOUND('',#6552,.T.);
#7063=FACE_BOUND('',#6553,.T.);
#7064=FACE_BOUND('',#6554,.T.);
#7065=FACE_BOUND('',#6555,.T.);
#7066=FACE_BOUND('',#6556,.T.);
#7067=FACE_BOUND('',#6557,.T.);
#7068=FACE_BOUND('',#6558,.T.);
#7069=FACE_BOUND('',#6559,.T.);
#7070=FACE_BOUND('',#6560,.T.);
#7071=FACE_BOUND('',#6561,.T.);
#7072=FACE_BOUND('',#6562,.T.);
#7073=FACE_BOUND('',#6563,.T.);
#7074=FACE_BOUND('',#6564,.T.);
#7075=FACE_BOUND('',#6565,.T.);
#7076=FACE_BOUND('',#6566,.T.);
#7077=FACE_BOUND('',#6567,.T.);
#7078=FACE_BOUND('',#6568,.T.);
#7079=FACE_BOUND('',#6569,.T.);
#7080=FACE_BOUND('',#6570,.T.);
#7081=FACE_BOUND('',#6571,.T.);
#7082=FACE_BOUND('',#6572,.T.);
#7083=FACE_BOUND('',#6573,.T.);
#7084=FACE_BOUND('',#6574,.T.);
#7085=FACE_BOUND('',#6575,.T.);
#7086=FACE_BOUND('',#6576,.T.);
#7087=FACE_BOUND('',#6577,.T.);
#7088=FACE_BOUND('',#6578,.T.);
#7089=FACE_BOUND('',#6579,.T.);
#7090=FACE_BOUND('',#6580,.T.);
#7091=FACE_BOUND('',#6581,.T.);
#7092=FACE_BOUND('',#6582,.T.);
#7093=FACE_BOUND('',#6583,.T.);
#7094=FACE_BOUND('',#6584,.T.);
#7095=FACE_BOUND('',#6585,.T.);
#7096=FACE_BOUND('',#6586,.T.);
#7097=FACE_BOUND('',#6587,.T.);
#7098=FACE_BOUND('',#6588,.T.);
#7099=FACE_BOUND('',#6589,.T.);
#7100=FACE_BOUND('',#6590,.T.);
#7101=FACE_BOUND('',#6591,.T.);
#7102=FACE_BOUND('',#6592,.T.);
#7103=FACE_BOUND('',#6593,.T.);
#7104=FACE_BOUND('',#6594,.T.);
#7105=FACE_BOUND('',#6595,.T.);
#7106=FACE_BOUND('',#6596,.T.);
#7107=FACE_BOUND('',#6597,.T.);
#7108=FACE_BOUND('',#6598,.T.);
#7109=FACE_BOUND('',#6599,.T.);
#7110=FACE_BOUND('',#6600,.T.);
#7111=FACE_BOUND('',#6601,.T.);
#7112=FACE_BOUND('',#6602,.T.);
#7113=FACE_BOUND('',#6603,.T.);
#7114=FACE_BOUND('',#6604,.T.);
#7115=FACE_BOUND('',#6605,.T.);
#7116=FACE_BOUND('',#6606,.T.);
#7117=FACE_BOUND('',#6607,.T.);
#7118=FACE_BOUND('',#6608,.T.);
#7119=FACE_BOUND('',#6609,.T.);
#7120=FACE_BOUND('',#6610,.T.);
#7121=FACE_BOUND('',#6611,.T.);
#7122=FACE_BOUND('',#6612,.T.);
#7123=FACE_BOUND('',#6613,.T.);
#7124=FACE_BOUND('',#6614,.T.);
#7125=FACE_BOUND('',#6615,.T.);
#7126=FACE_BOUND('',#6616,.T.);
#7127=FACE_BOUND('',#6617,.T.);
#7128=FACE_BOUND('',#6618,.T.);
#7129=FACE_BOUND('',#6619,.T.);
#7130=FACE_BOUND('',#6620,.T.);
#7131=FACE_BOUND('',#6621,.T.);
#7132=FACE_BOUND('',#6622,.T.);
#7133=FACE_BOUND('',#6623,.T.);
#7134=FACE_BOUND('',#6624,.T.);
#7135=FACE_BOUND('',#6625,.T.);
#7136=FACE_BOUND('',#6626,.T.);
#7137=FACE_BOUND('',#6627,.T.);
#7138=FACE_BOUND('',#6628,.T.);
#7139=FACE_BOUND('',#6629,.T.);
#7140=FACE_BOUND('',#6630,.T.);
#7141=FACE_BOUND('',#6631,.T.);
#7142=FACE_BOUND('',#6632,.T.);
#7143=FACE_BOUND('',#6633,.T.);
#7144=FACE_BOUND('',#6634,.T.);
#7145=FACE_BOUND('',#6635,.T.);
#7146=FACE_BOUND('',#6636,.T.);
#7147=FACE_BOUND('',#6637,.T.);
#7148=FACE_BOUND('',#6638,.T.);
#7149=FACE_BOUND('',#6639,.T.);
#7150=FACE_BOUND('',#6640,.T.);
#7151=FACE_BOUND('',#6641,.T.);
#7152=FACE_BOUND('',#6642,.T.);
#7153=FACE_BOUND('',#6643,.T.);
#7154=FACE_BOUND('',#6644,.T.);
#7155=FACE_BOUND('',#6645,.T.);
#7156=FACE_BOUND('',#6646,.T.);
#7157=FACE_BOUND('',#6647,.T.);
#7158=FACE_BOUND('',#6648,.T.);
#7159=FACE_BOUND('',#6649,.T.);
#7160=FACE_BOUND('',#6650,.T.);
#7161=FACE_BOUND('',#6651,.T.);
#7162=FACE_BOUND('',#6652,.T.);
#7163=FACE_BOUND('',#6653,.T.);
#7164=FACE_BOUND('',#6654,.T.);
#7165=FACE_BOUND('',#6655,.T.);
#7166=FACE_BOUND('',#6656,.T.);
#7167=FACE_BOUND('',#6657,.T.);
#7168=FACE_BOUND('',#6658,.T.);
#7169=FACE_BOUND('',#6659,.T.);
#7170=FACE_BOUND('',#6660,.T.);
#7171=FACE_BOUND('',#6661,.T.);
#7172=FACE_BOUND('',#6662,.T.);
#7173=FACE_BOUND('',#6663,.T.);
#7174=FACE_BOUND('',#6664,.T.);
#7175=FACE_BOUND('',#6665,.T.);
#7176=FACE_BOUND('',#6666,.T.);
#7177=FACE_BOUND('',#6667,.T.);
#7178=FACE_BOUND('',#6668,.T.);
#7179=FACE_BOUND('',#6669,.T.);
#7180=FACE_BOUND('',#6670,.T.);
#7181=FACE_BOUND('',#6671,.T.);
#7182=FACE_BOUND('',#6672,.T.);
#7183=FACE_BOUND('',#6673,.T.);
#7184=FACE_BOUND('',#6674,.T.);
#7185=FACE_BOUND('',#6675,.T.);
#7186=FACE_BOUND('',#6676,.T.);
#7187=FACE_BOUND('',#6677,.T.);
#7188=FACE_BOUND('',#6678,.T.);
#7189=FACE_BOUND('',#6679,.T.);
#7190=FACE_BOUND('',#6680,.T.);
#7191=FACE_BOUND('',#6681,.T.);
#7192=FACE_BOUND('',#6682,.T.);
#7193=FACE_BOUND('',#6683,.T.);
#7194=FACE_BOUND('',#6684,.T.);
#7195=FACE_BOUND('',#6685,.T.);
#7196=FACE_BOUND('',#6686,.T.);
#7197=FACE_BOUND('',#6687,.T.);
#7198=FACE_BOUND('',#6688,.T.);
#7199=FACE_BOUND('',#6689,.T.);
#7200=FACE_BOUND('',#6690,.T.);
#7201=FACE_BOUND('',#6691,.T.);
#7202=FACE_BOUND('',#6692,.T.);
#7203=FACE_BOUND('',#6693,.T.);
#7204=FACE_BOUND('',#6694,.T.);
#7205=FACE_BOUND('',#6695,.T.);
#7206=FACE_BOUND('',#6696,.T.);
#7207=FACE_BOUND('',#6697,.T.);
#7208=FACE_BOUND('',#6698,.T.);
#7209=FACE_BOUND('',#6699,.T.);
#7210=FACE_BOUND('',#6700,.T.);
#7211=FACE_BOUND('',#6701,.T.);
#7212=FACE_BOUND('',#6702,.T.);
#7213=FACE_BOUND('',#6703,.T.);
#7214=FACE_BOUND('',#6704,.T.);
#7215=FACE_BOUND('',#6705,.T.);
#7216=FACE_BOUND('',#6706,.T.);
#7217=FACE_BOUND('',#6707,.T.);
#7218=FACE_BOUND('',#6708,.T.);
#7219=FACE_BOUND('',#6709,.T.);
#7220=FACE_BOUND('',#6710,.T.);
#7221=FACE_BOUND('',#6711,.T.);
#7222=FACE_BOUND('',#6712,.T.);
#7223=FACE_BOUND('',#6713,.T.);
#7224=FACE_BOUND('',#6714,.T.);
#7225=FACE_BOUND('',#6715,.T.);
#7226=FACE_BOUND('',#6716,.T.);
#7227=FACE_BOUND('',#6717,.T.);
#7228=FACE_BOUND('',#6718,.T.);
#7229=FACE_BOUND('',#6719,.T.);
#7230=FACE_BOUND('',#6720,.T.);
#7231=FACE_BOUND('',#6721,.T.);
#7232=FACE_BOUND('',#6722,.T.);
#7233=FACE_BOUND('',#6723,.T.);
#7234=FACE_BOUND('',#6724,.T.);
#7235=FACE_BOUND('',#6725,.T.);
#7236=FACE_BOUND('',#6726,.T.);
#7237=FACE_BOUND('',#6727,.T.);
#7238=FACE_BOUND('',#6728,.T.);
#7239=FACE_BOUND('',#6729,.T.);
#7240=FACE_BOUND('',#6730,.T.);
#7241=FACE_BOUND('',#6731,.T.);
#7242=FACE_BOUND('',#6732,.T.);
#7243=FACE_BOUND('',#6733,.T.);
#7244=FACE_BOUND('',#6734,.T.);
#7245=FACE_BOUND('',#6735,.T.);
#7246=FACE_BOUND('',#6736,.T.);
#7247=FACE_BOUND('',#6737,.T.);
#7248=FACE_BOUND('',#6738,.T.);
#7249=FACE_BOUND('',#6739,.T.);
#7250=FACE_BOUND('',#6740,.T.);
#7251=FACE_BOUND('',#6741,.T.);
#7252=FACE_BOUND('',#6742,.T.);
#7253=FACE_BOUND('',#6743,.T.);
#7254=FACE_BOUND('',#6744,.T.);
#7255=FACE_BOUND('',#6745,.T.);
#7256=FACE_BOUND('',#6746,.T.);
#7257=FACE_BOUND('',#6747,.T.);
#7258=FACE_BOUND('',#6748,.T.);
#7259=FACE_BOUND('',#6749,.T.);
#7260=FACE_BOUND('',#6750,.T.);
#7261=FACE_BOUND('',#6751,.T.);
#7262=FACE_BOUND('',#6752,.T.);
#7263=FACE_BOUND('',#6753,.T.);
#7264=FACE_BOUND('',#6754,.T.);
#7265=FACE_BOUND('',#6755,.T.);
#7266=FACE_BOUND('',#6756,.T.);
#7267=FACE_BOUND('',#6757,.T.);
#7268=FACE_BOUND('',#6758,.T.);
#7269=FACE_BOUND('',#6759,.T.);
#7270=FACE_BOUND('',#6760,.T.);
#7271=FACE_BOUND('',#6761,.T.);
#7272=FACE_BOUND('',#6762,.T.);
#7273=FACE_BOUND('',#6763,.T.);
#7274=FACE_BOUND('',#6764,.T.);
#7275=FACE_BOUND('',#6765,.T.);
#7276=FACE_BOUND('',#6766,.T.);
#7277=FACE_BOUND('',#6767,.T.);
#7278=FACE_BOUND('',#6768,.T.);
#7279=FACE_BOUND('',#6769,.T.);
#7280=FACE_BOUND('',#6770,.T.);
#7281=FACE_BOUND('',#6771,.T.);
#7282=FACE_BOUND('',#6772,.T.);
#7283=FACE_BOUND('',#6773,.T.);
#7284=FACE_BOUND('',#6774,.T.);
#7285=FACE_BOUND('',#6775,.T.);
#7286=FACE_BOUND('',#6776,.T.);
#7287=FACE_BOUND('',#6777,.T.);
#7288=FACE_BOUND('',#6778,.T.);
#7289=FACE_BOUND('',#6779,.T.);
#7290=FACE_BOUND('',#6780,.T.);
#7291=FACE_BOUND('',#6781,.T.);
#7292=FACE_BOUND('',#6782,.T.);
#7293=FACE_BOUND('',#6783,.T.);
#7294=FACE_BOUND('',#6784,.T.);
#7295=FACE_BOUND('',#6785,.T.);
#7296=FACE_BOUND('',#6786,.T.);
#7297=FACE_BOUND('',#6787,.T.);
#7298=FACE_BOUND('',#6788,.T.);
#7299=FACE_BOUND('',#6789,.T.);
#7300=FACE_BOUND('',#6790,.T.);
#7301=FACE_BOUND('',#6791,.T.);
#7302=FACE_BOUND('',#6792,.T.);
#7303=FACE_BOUND('',#6793,.T.);
#7304=FACE_BOUND('',#6794,.T.);
#7305=FACE_BOUND('',#6795,.T.);
#7306=FACE_BOUND('',#6796,.T.);
#7307=FACE_BOUND('',#6797,.T.);
#7308=FACE_BOUND('',#6798,.T.);
#7309=FACE_BOUND('',#6799,.T.);
#7310=FACE_BOUND('',#6800,.T.);
#7311=FACE_BOUND('',#6801,.T.);
#7312=FACE_BOUND('',#6802,.T.);
#7313=FACE_BOUND('',#6803,.T.);
#7314=FACE_BOUND('',#6804,.T.);
#7315=FACE_BOUND('',#6805,.T.);
#7316=FACE_BOUND('',#6806,.T.);
#7317=FACE_BOUND('',#6807,.T.);
#7318=FACE_BOUND('',#6808,.T.);
#7319=FACE_BOUND('',#6809,.T.);
#7320=FACE_BOUND('',#6810,.T.);
#7321=FACE_BOUND('',#6811,.T.);
#7322=FACE_BOUND('',#6812,.T.);
#7323=FACE_BOUND('',#6813,.T.);
#7324=FACE_BOUND('',#6814,.T.);
#7325=FACE_BOUND('',#6815,.T.);
#7326=FACE_BOUND('',#6816,.T.);
#7327=FACE_BOUND('',#6817,.T.);
#7328=FACE_BOUND('',#6818,.T.);
#7329=FACE_BOUND('',#6819,.T.);
#7330=FACE_BOUND('',#6820,.T.);
#7331=FACE_BOUND('',#6821,.T.);
#7332=FACE_BOUND('',#6822,.T.);
#7333=FACE_BOUND('',#6823,.T.);
#7334=FACE_BOUND('',#6824,.T.);
#7335=FACE_BOUND('',#6825,.T.);
#7336=FACE_BOUND('',#6826,.T.);
#7337=FACE_BOUND('',#6827,.T.);
#7338=FACE_BOUND('',#6828,.T.);
#7339=FACE_BOUND('',#6829,.T.);
#7340=FACE_BOUND('',#6830,.T.);
#7341=FACE_BOUND('',#6831,.T.);
#7342=FACE_BOUND('',#6832,.T.);
#7343=FACE_BOUND('',#6833,.T.);
#7344=FACE_BOUND('',#6834,.T.);
#7345=FACE_BOUND('',#6835,.T.);
#7346=FACE_BOUND('',#6836,.T.);
#7347=FACE_BOUND('',#6837,.T.);
#7348=FACE_BOUND('',#6838,.T.);
#7349=FACE_BOUND('',#6839,.T.);
#7350=FACE_BOUND('',#6840,.T.);
#7351=FACE_BOUND('',#6841,.T.);
#7352=FACE_BOUND('',#6842,.T.);
#7353=FACE_BOUND('',#6843,.T.);
#7354=FACE_BOUND('',#6844,.T.);
#7355=FACE_BOUND('',#6845,.T.);
#7356=FACE_BOUND('',#6846,.T.);
#7357=FACE_BOUND('',#6847,.T.);
#7358=FACE_BOUND('',#6848,.T.);
#7359=FACE_BOUND('',#6849,.T.);
#7360=FACE_BOUND('',#6850,.T.);
#7361=FACE_BOUND('',#6851,.T.);
#7362=FACE_BOUND('',#6852,.T.);
#7363=FACE_BOUND('',#6853,.T.);
#7364=FACE_BOUND('',#6854,.T.);
#7365=FACE_BOUND('',#6855,.T.);
#7366=FACE_BOUND('',#6856,.T.);
#7367=FACE_BOUND('',#6857,.T.);
#7368=FACE_BOUND('',#6858,.T.);
#7369=FACE_BOUND('',#6859,.T.);
#7370=FACE_BOUND('',#6860,.T.);
#7371=FACE_BOUND('',#6861,.T.);
#7372=FACE_BOUND('',#6862,.T.);
#7373=FACE_BOUND('',#6863,.T.);
#7374=FACE_BOUND('',#6864,.T.);
#7375=CYLINDRICAL_SURFACE('',#9553,0.0035);
#7376=CYLINDRICAL_SURFACE('',#9565,0.008);
#7377=CYLINDRICAL_SURFACE('',#9566,0.0025);
#7378=CYLINDRICAL_SURFACE('',#9569,0.004);
#7379=CYLINDRICAL_SURFACE('',#9573,0.009);
#7380=CYLINDRICAL_SURFACE('',#9581,0.0035);
#7381=CYLINDRICAL_SURFACE('',#9587,0.0035);
#7382=CYLINDRICAL_SURFACE('',#9593,0.0035);
#7383=CYLINDRICAL_SURFACE('',#9599,0.0035);
#7384=CYLINDRICAL_SURFACE('',#9603,0.0035);
#7385=CYLINDRICAL_SURFACE('',#9607,0.0035);
#7386=CYLINDRICAL_SURFACE('',#9611,0.0035);
#7387=CYLINDRICAL_SURFACE('',#9618,0.013);
#7388=CYLINDRICAL_SURFACE('',#9683,0.0045);
#7389=CYLINDRICAL_SURFACE('',#9686,0.0045);
#7390=CYLINDRICAL_SURFACE('',#9689,0.0045);
#7391=CYLINDRICAL_SURFACE('',#9692,0.0045);
#7392=CYLINDRICAL_SURFACE('',#9739,0.0034);
#7393=CYLINDRICAL_SURFACE('',#9774,0.00601195525227761);
#7394=CYLINDRICAL_SURFACE('',#9776,0.01);
#7395=CYLINDRICAL_SURFACE('',#9807,0.012);
#7396=CYLINDRICAL_SURFACE('',#9812,0.002);
#7397=CYLINDRICAL_SURFACE('',#9816,0.001);
#7398=CYLINDRICAL_SURFACE('',#9820,0.002);
#7399=CYLINDRICAL_SURFACE('',#9928,0.012);
#7400=CYLINDRICAL_SURFACE('',#9933,0.002);
#7401=CYLINDRICAL_SURFACE('',#9937,0.001);
#7402=CYLINDRICAL_SURFACE('',#9941,0.002);
#7403=CYLINDRICAL_SURFACE('',#9945,0.012);
#7404=CYLINDRICAL_SURFACE('',#9950,0.002);
#7405=CYLINDRICAL_SURFACE('',#9954,0.001);
#7406=CYLINDRICAL_SURFACE('',#9958,0.002);
#7407=CYLINDRICAL_SURFACE('',#9962,0.012);
#7408=CYLINDRICAL_SURFACE('',#9967,0.002);
#7409=CYLINDRICAL_SURFACE('',#9971,0.001);
#7410=CYLINDRICAL_SURFACE('',#9975,0.002);
#7411=CYLINDRICAL_SURFACE('',#9983,0.009);
#7412=CYLINDRICAL_SURFACE('',#9988,0.0035);
#7413=CYLINDRICAL_SURFACE('',#9990,0.0035);
#7414=CYLINDRICAL_SURFACE('',#9992,0.0035);
#7415=CYLINDRICAL_SURFACE('',#9994,0.0035);
#7416=CYLINDRICAL_SURFACE('',#10000,0.0025);
#7417=CYLINDRICAL_SURFACE('',#10003,0.015);
#7418=CYLINDRICAL_SURFACE('',#10006,0.0025);
#7419=CYLINDRICAL_SURFACE('',#10009,0.015);
#7420=CYLINDRICAL_SURFACE('',#10012,0.0025);
#7421=CYLINDRICAL_SURFACE('',#10015,0.015);
#7422=CYLINDRICAL_SURFACE('',#10018,0.0025);
#7423=CYLINDRICAL_SURFACE('',#10021,0.015);
#7424=CYLINDRICAL_SURFACE('',#10025,0.00135);
#7425=CYLINDRICAL_SURFACE('',#10028,0.00135);
#7426=CYLINDRICAL_SURFACE('',#10031,0.00135);
#7427=CYLINDRICAL_SURFACE('',#10034,0.00135);
#7428=OVER_RIDING_STYLED_ITEM('',(#8119),#7643,#8101);
#7429=OVER_RIDING_STYLED_ITEM('',(#8120),#7644,#8101);
#7430=OVER_RIDING_STYLED_ITEM('',(#8121),#7645,#8101);
#7431=OVER_RIDING_STYLED_ITEM('',(#8124),#7653,#8103);
#7432=OVER_RIDING_STYLED_ITEM('',(#8125),#7654,#8103);
#7433=OVER_RIDING_STYLED_ITEM('',(#8126),#7655,#8103);
#7434=OVER_RIDING_STYLED_ITEM('',(#8128),#7657,#8104);
#7435=OVER_RIDING_STYLED_ITEM('',(#8129),#7658,#8104);
#7436=OVER_RIDING_STYLED_ITEM('',(#8130),#7659,#8104);
#7437=OVER_RIDING_STYLED_ITEM('',(#8132),#7660,#8105);
#7438=OVER_RIDING_STYLED_ITEM('',(#8133),#7661,#8105);
#7439=OVER_RIDING_STYLED_ITEM('',(#8134),#7662,#8105);
#7440=OVER_RIDING_STYLED_ITEM('',(#8136),#7663,#8106);
#7441=OVER_RIDING_STYLED_ITEM('',(#8137),#7664,#8106);
#7442=OVER_RIDING_STYLED_ITEM('',(#8138),#7665,#8106);
#7443=OVER_RIDING_STYLED_ITEM('',(#8142),#7684,#8109);
#7444=OVER_RIDING_STYLED_ITEM('',(#8143),#7685,#8109);
#7445=OVER_RIDING_STYLED_ITEM('',(#8144),#7686,#8109);
#7446=OVER_RIDING_STYLED_ITEM('',(#8145),#7687,#8109);
#7447=OVER_RIDING_STYLED_ITEM('',(#8146),#7688,#8109);
#7448=OVER_RIDING_STYLED_ITEM('',(#8147),#7689,#8109);
#7449=OVER_RIDING_STYLED_ITEM('',(#8149),#7690,#8110);
#7450=OVER_RIDING_STYLED_ITEM('',(#8150),#7691,#8110);
#7451=OVER_RIDING_STYLED_ITEM('',(#8151),#7692,#8110);
#7452=OVER_RIDING_STYLED_ITEM('',(#8152),#7693,#8110);
#7453=OVER_RIDING_STYLED_ITEM('',(#8153),#7694,#8110);
#7454=OVER_RIDING_STYLED_ITEM('',(#8154),#7695,#8110);
#7455=OVER_RIDING_STYLED_ITEM('',(#8156),#7696,#8111);
#7456=OVER_RIDING_STYLED_ITEM('',(#8157),#7697,#8111);
#7457=OVER_RIDING_STYLED_ITEM('',(#8158),#7698,#8111);
#7458=OVER_RIDING_STYLED_ITEM('',(#8159),#7699,#8111);
#7459=OVER_RIDING_STYLED_ITEM('',(#8160),#7700,#8111);
#7460=OVER_RIDING_STYLED_ITEM('',(#8161),#7701,#8111);
#7461=OVER_RIDING_STYLED_ITEM('',(#8163),#7702,#8112);
#7462=OVER_RIDING_STYLED_ITEM('',(#8164),#7703,#8112);
#7463=OVER_RIDING_STYLED_ITEM('',(#8165),#7704,#8112);
#7464=OVER_RIDING_STYLED_ITEM('',(#8166),#7705,#8112);
#7465=OVER_RIDING_STYLED_ITEM('',(#8167),#7706,#8112);
#7466=OVER_RIDING_STYLED_ITEM('',(#8168),#7707,#8112);
#7467=OVER_RIDING_STYLED_ITEM('',(#8170),#7708,#8113);
#7468=OVER_RIDING_STYLED_ITEM('',(#8171),#7709,#8113);
#7469=OVER_RIDING_STYLED_ITEM('',(#8172),#7710,#8113);
#7470=OVER_RIDING_STYLED_ITEM('',(#8173),#7711,#8113);
#7471=OVER_RIDING_STYLED_ITEM('',(#8174),#7712,#8113);
#7472=OVER_RIDING_STYLED_ITEM('',(#8175),#7713,#8113);
#7473=OVER_RIDING_STYLED_ITEM('',(#8177),#7714,#8114);
#7474=OVER_RIDING_STYLED_ITEM('',(#8178),#7715,#8114);
#7475=OVER_RIDING_STYLED_ITEM('',(#8179),#7716,#8114);
#7476=OVER_RIDING_STYLED_ITEM('',(#8180),#7717,#8114);
#7477=OVER_RIDING_STYLED_ITEM('',(#8181),#7718,#8114);
#7478=OVER_RIDING_STYLED_ITEM('',(#8182),#7719,#8114);
#7479=OVER_RIDING_STYLED_ITEM('',(#8184),#7732,#8115);
#7480=OVER_RIDING_STYLED_ITEM('',(#8185),#7733,#8115);
#7481=OVER_RIDING_STYLED_ITEM('',(#8186),#7734,#8115);
#7482=OVER_RIDING_STYLED_ITEM('',(#8187),#7735,#8115);
#7483=OVER_RIDING_STYLED_ITEM('',(#8188),#7736,#8115);
#7484=OVER_RIDING_STYLED_ITEM('',(#8189),#7737,#8115);
#7485=OVER_RIDING_STYLED_ITEM('',(#8190),#7738,#8115);
#7486=OVER_RIDING_STYLED_ITEM('',(#8191),#7739,#8115);
#7487=OVER_RIDING_STYLED_ITEM('',(#8192),#7740,#8115);
#7488=OVER_RIDING_STYLED_ITEM('',(#8193),#7741,#8115);
#7489=OVER_RIDING_STYLED_ITEM('',(#8194),#7742,#8115);
#7490=OVER_RIDING_STYLED_ITEM('',(#8195),#7743,#8115);
#7491=OVER_RIDING_STYLED_ITEM('',(#8196),#7744,#8115);
#7492=OVER_RIDING_STYLED_ITEM('',(#8197),#7745,#8115);
#7493=OVER_RIDING_STYLED_ITEM('',(#8198),#7746,#8115);
#7494=OVER_RIDING_STYLED_ITEM('',(#8199),#7747,#8115);
#7495=OVER_RIDING_STYLED_ITEM('',(#8200),#7748,#8115);
#7496=OVER_RIDING_STYLED_ITEM('',(#8201),#7749,#8115);
#7497=OVER_RIDING_STYLED_ITEM('',(#8202),#7750,#8115);
#7498=OVER_RIDING_STYLED_ITEM('',(#8203),#7751,#8115);
#7499=OVER_RIDING_STYLED_ITEM('',(#8204),#7752,#8115);
#7500=OVER_RIDING_STYLED_ITEM('',(#8205),#7753,#8115);
#7501=OVER_RIDING_STYLED_ITEM('',(#8206),#7754,#8115);
#7502=OVER_RIDING_STYLED_ITEM('',(#8207),#7755,#8115);
#7503=OVER_RIDING_STYLED_ITEM('',(#8208),#7756,#8115);
#7504=OVER_RIDING_STYLED_ITEM('',(#8209),#7757,#8115);
#7505=OVER_RIDING_STYLED_ITEM('',(#8210),#7758,#8115);
#7506=OVER_RIDING_STYLED_ITEM('',(#8211),#7759,#8115);
#7507=OVER_RIDING_STYLED_ITEM('',(#8212),#7760,#8115);
#7508=OVER_RIDING_STYLED_ITEM('',(#8213),#7761,#8115);
#7509=OVER_RIDING_STYLED_ITEM('',(#8214),#7762,#8115);
#7510=OVER_RIDING_STYLED_ITEM('',(#8215),#7763,#8115);
#7511=OVER_RIDING_STYLED_ITEM('',(#8216),#7764,#8115);
#7512=OVER_RIDING_STYLED_ITEM('',(#8217),#7765,#8115);
#7513=OVER_RIDING_STYLED_ITEM('',(#8218),#7766,#8115);
#7514=OVER_RIDING_STYLED_ITEM('',(#8219),#7767,#8115);
#7515=OVER_RIDING_STYLED_ITEM('',(#8220),#7768,#8115);
#7516=OVER_RIDING_STYLED_ITEM('',(#8221),#7769,#8115);
#7517=OVER_RIDING_STYLED_ITEM('',(#8222),#7770,#8115);
#7518=OVER_RIDING_STYLED_ITEM('',(#8223),#7771,#8115);
#7519=OVER_RIDING_STYLED_ITEM('',(#8224),#7772,#8115);
#7520=OVER_RIDING_STYLED_ITEM('',(#8225),#7773,#8115);
#7521=OVER_RIDING_STYLED_ITEM('',(#8226),#7774,#8115);
#7522=OVER_RIDING_STYLED_ITEM('',(#8227),#7775,#8115);
#7523=OVER_RIDING_STYLED_ITEM('',(#8228),#7776,#8115);
#7524=OVER_RIDING_STYLED_ITEM('',(#8229),#7777,#8115);
#7525=OVER_RIDING_STYLED_ITEM('',(#8230),#7778,#8115);
#7526=OVER_RIDING_STYLED_ITEM('',(#8231),#7779,#8115);
#7527=OVER_RIDING_STYLED_ITEM('',(#8232),#7780,#8115);
#7528=OVER_RIDING_STYLED_ITEM('',(#8233),#7781,#8115);
#7529=OVER_RIDING_STYLED_ITEM('',(#8234),#7782,#8115);
#7530=OVER_RIDING_STYLED_ITEM('',(#8235),#7783,#8115);
#7531=OVER_RIDING_STYLED_ITEM('',(#8236),#7784,#8115);
#7532=OVER_RIDING_STYLED_ITEM('',(#8237),#7785,#8115);
#7533=OVER_RIDING_STYLED_ITEM('',(#8238),#7786,#8115);
#7534=OVER_RIDING_STYLED_ITEM('',(#8239),#7787,#8115);
#7535=OVER_RIDING_STYLED_ITEM('',(#8240),#7788,#8115);
#7536=OVER_RIDING_STYLED_ITEM('',(#8241),#7789,#8115);
#7537=OVER_RIDING_STYLED_ITEM('',(#8242),#7790,#8115);
#7538=OVER_RIDING_STYLED_ITEM('',(#8243),#7791,#8115);
#7539=OVER_RIDING_STYLED_ITEM('',(#8244),#7792,#8115);
#7540=OVER_RIDING_STYLED_ITEM('',(#8245),#7793,#8115);
#7541=OVER_RIDING_STYLED_ITEM('',(#8246),#7794,#8115);
#7542=OVER_RIDING_STYLED_ITEM('',(#8247),#7795,#8115);
#7543=OVER_RIDING_STYLED_ITEM('',(#8248),#7796,#8115);
#7544=OVER_RIDING_STYLED_ITEM('',(#8249),#7797,#8115);
#7545=OVER_RIDING_STYLED_ITEM('',(#8250),#7798,#8115);
#7546=OVER_RIDING_STYLED_ITEM('',(#8251),#7799,#8115);
#7547=OVER_RIDING_STYLED_ITEM('',(#8252),#7800,#8115);
#7548=OVER_RIDING_STYLED_ITEM('',(#8253),#7801,#8115);
#7549=OVER_RIDING_STYLED_ITEM('',(#8256),#7992,#8117);
#7550=OVER_RIDING_STYLED_ITEM('',(#8257),#7993,#8117);
#7551=OVER_RIDING_STYLED_ITEM('',(#8258),#7994,#8117);
#7552=OVER_RIDING_STYLED_ITEM('',(#8259),#7995,#8117);
#7553=OVER_RIDING_STYLED_ITEM('',(#8260),#7996,#8117);
#7554=OVER_RIDING_STYLED_ITEM('',(#8261),#7997,#8117);
#7555=OVER_RIDING_STYLED_ITEM('',(#8262),#7998,#8117);
#7556=OVER_RIDING_STYLED_ITEM('',(#8263),#7999,#8117);
#7557=OVER_RIDING_STYLED_ITEM('',(#8264),#8000,#8117);
#7558=OVER_RIDING_STYLED_ITEM('',(#8265),#8001,#8117);
#7559=OVER_RIDING_STYLED_ITEM('',(#8266),#8002,#8117);
#7560=OVER_RIDING_STYLED_ITEM('',(#8267),#8003,#8117);
#7561=OVER_RIDING_STYLED_ITEM('',(#8268),#8004,#8117);
#7562=OVER_RIDING_STYLED_ITEM('',(#8269),#8005,#8117);
#7563=OVER_RIDING_STYLED_ITEM('',(#8270),#8006,#8117);
#7564=OVER_RIDING_STYLED_ITEM('',(#8271),#8007,#8117);
#7565=OVER_RIDING_STYLED_ITEM('',(#8272),#8008,#8117);
#7566=OVER_RIDING_STYLED_ITEM('',(#8273),#8009,#8117);
#7567=OVER_RIDING_STYLED_ITEM('',(#8274),#8010,#8117);
#7568=OVER_RIDING_STYLED_ITEM('',(#8275),#8011,#8117);
#7569=OVER_RIDING_STYLED_ITEM('',(#8276),#8012,#8117);
#7570=OVER_RIDING_STYLED_ITEM('',(#8277),#8013,#8117);
#7571=OVER_RIDING_STYLED_ITEM('',(#8278),#8014,#8117);
#7572=OVER_RIDING_STYLED_ITEM('',(#8279),#8015,#8117);
#7573=OVER_RIDING_STYLED_ITEM('',(#8280),#8016,#8117);
#7574=OVER_RIDING_STYLED_ITEM('',(#8281),#8017,#8117);
#7575=OVER_RIDING_STYLED_ITEM('',(#8282),#8018,#8117);
#7576=OVER_RIDING_STYLED_ITEM('',(#8283),#8019,#8117);
#7577=OVER_RIDING_STYLED_ITEM('',(#8284),#8020,#8117);
#7578=OVER_RIDING_STYLED_ITEM('',(#8285),#8021,#8117);
#7579=OVER_RIDING_STYLED_ITEM('',(#8286),#8022,#8117);
#7580=OVER_RIDING_STYLED_ITEM('',(#8287),#8023,#8117);
#7581=OVER_RIDING_STYLED_ITEM('',(#8288),#8024,#8117);
#7582=OVER_RIDING_STYLED_ITEM('',(#8289),#8025,#8117);
#7583=OVER_RIDING_STYLED_ITEM('',(#8290),#8026,#8117);
#7584=OVER_RIDING_STYLED_ITEM('',(#8291),#8027,#8117);
#7585=OVER_RIDING_STYLED_ITEM('',(#8292),#8028,#8117);
#7586=OVER_RIDING_STYLED_ITEM('',(#8293),#8029,#8117);
#7587=OVER_RIDING_STYLED_ITEM('',(#8294),#8030,#8117);
#7588=OVER_RIDING_STYLED_ITEM('',(#8295),#8031,#8117);
#7589=OVER_RIDING_STYLED_ITEM('',(#8296),#8032,#8117);
#7590=OVER_RIDING_STYLED_ITEM('',(#8297),#8033,#8117);
#7591=OVER_RIDING_STYLED_ITEM('',(#8298),#8034,#8117);
#7592=OVER_RIDING_STYLED_ITEM('',(#8299),#8035,#8117);
#7593=OVER_RIDING_STYLED_ITEM('',(#8300),#8036,#8117);
#7594=OVER_RIDING_STYLED_ITEM('',(#8301),#8037,#8117);
#7595=OVER_RIDING_STYLED_ITEM('',(#8302),#8038,#8117);
#7596=OVER_RIDING_STYLED_ITEM('',(#8303),#8039,#8117);
#7597=OVER_RIDING_STYLED_ITEM('',(#8304),#8040,#8117);
#7598=OVER_RIDING_STYLED_ITEM('',(#8305),#8041,#8117);
#7599=OVER_RIDING_STYLED_ITEM('',(#8306),#8042,#8117);
#7600=OVER_RIDING_STYLED_ITEM('',(#8307),#8043,#8117);
#7601=OVER_RIDING_STYLED_ITEM('',(#8308),#8044,#8117);
#7602=OVER_RIDING_STYLED_ITEM('',(#8309),#8045,#8117);
#7603=OVER_RIDING_STYLED_ITEM('',(#8310),#8046,#8117);
#7604=OVER_RIDING_STYLED_ITEM('',(#8311),#8047,#8117);
#7605=OVER_RIDING_STYLED_ITEM('',(#8312),#8048,#8117);
#7606=OVER_RIDING_STYLED_ITEM('',(#8313),#8049,#8117);
#7607=OVER_RIDING_STYLED_ITEM('',(#8314),#8050,#8117);
#7608=OVER_RIDING_STYLED_ITEM('',(#8315),#8051,#8117);
#7609=OVER_RIDING_STYLED_ITEM('',(#8316),#8052,#8117);
#7610=OVER_RIDING_STYLED_ITEM('',(#8317),#8053,#8117);
#7611=OVER_RIDING_STYLED_ITEM('',(#8318),#8054,#8117);
#7612=OVER_RIDING_STYLED_ITEM('',(#8319),#8055,#8117);
#7613=OVER_RIDING_STYLED_ITEM('',(#8320),#8056,#8117);
#7614=OVER_RIDING_STYLED_ITEM('',(#8321),#8057,#8117);
#7615=OVER_RIDING_STYLED_ITEM('',(#8322),#8058,#8117);
#7616=OVER_RIDING_STYLED_ITEM('',(#8323),#8059,#8117);
#7617=OVER_RIDING_STYLED_ITEM('',(#8324),#8060,#8117);
#7618=OVER_RIDING_STYLED_ITEM('',(#8325),#8061,#8117);
#7619=OVER_RIDING_STYLED_ITEM('',(#8326),#8062,#8117);
#7620=OVER_RIDING_STYLED_ITEM('',(#8327),#8063,#8117);
#7621=OVER_RIDING_STYLED_ITEM('',(#8328),#8064,#8117);
#7622=OVER_RIDING_STYLED_ITEM('',(#8329),#8065,#8117);
#7623=OVER_RIDING_STYLED_ITEM('',(#8330),#8066,#8117);
#7624=OVER_RIDING_STYLED_ITEM('',(#8331),#8067,#8117);
#7625=OVER_RIDING_STYLED_ITEM('',(#8332),#8068,#8117);
#7626=OVER_RIDING_STYLED_ITEM('',(#8333),#8069,#8117);
#7627=OVER_RIDING_STYLED_ITEM('',(#8334),#8070,#8117);
#7628=OVER_RIDING_STYLED_ITEM('',(#8335),#8071,#8117);
#7629=OVER_RIDING_STYLED_ITEM('',(#8336),#8072,#8117);
#7630=OVER_RIDING_STYLED_ITEM('',(#8337),#8073,#8117);
#7631=OVER_RIDING_STYLED_ITEM('',(#8338),#8074,#8117);
#7632=OVER_RIDING_STYLED_ITEM('',(#8339),#8075,#8117);
#7633=OVER_RIDING_STYLED_ITEM('',(#8340),#8076,#8117);
#7634=OVER_RIDING_STYLED_ITEM('',(#8341),#8077,#8117);
#7635=OVER_RIDING_STYLED_ITEM('',(#8342),#8078,#8117);
#7636=OVER_RIDING_STYLED_ITEM('',(#8343),#8079,#8117);
#7637=OVER_RIDING_STYLED_ITEM('',(#8344),#8080,#8117);
#7638=OVER_RIDING_STYLED_ITEM('',(#8345),#8081,#8117);
#7639=OVER_RIDING_STYLED_ITEM('',(#8346),#8082,#8117);
#7640=OVER_RIDING_STYLED_ITEM('',(#8347),#8083,#8117);
#7641=DRAUGHTING_PRE_DEFINED_COLOUR('white');
#7642=DRAUGHTING_PRE_DEFINED_COLOUR('black');
#7643=ADVANCED_FACE('',(#6865,#6866),#7375,.T.);
#7644=ADVANCED_FACE('',(#6867),#1931,.T.);
#7645=ADVANCED_FACE('',(#6868),#1932,.F.);
#7646=ADVANCED_FACE('',(#6869,#6870),#1933,.T.);
#7647=ADVANCED_FACE('',(#6871,#6872),#1934,.F.);
#7648=ADVANCED_FACE('',(#6873,#6874),#7376,.T.);
#7649=ADVANCED_FACE('',(#6875,#6876),#7377,.F.);
#7650=ADVANCED_FACE('',(#6877),#1935,.F.);
#7651=ADVANCED_FACE('',(#6878,#6879),#7378,.T.);
#7652=ADVANCED_FACE('',(#6880),#1936,.T.);
#7653=ADVANCED_FACE('',(#6881,#6882),#7379,.T.);
#7654=ADVANCED_FACE('',(#6883),#1937,.T.);
#7655=ADVANCED_FACE('',(#6884),#1938,.F.);
#7656=ADVANCED_FACE('',(#6885,#6886),#1895,.T.);
#7657=ADVANCED_FACE('',(#6887,#6888),#7380,.T.);
#7658=ADVANCED_FACE('',(#6889),#1939,.T.);
#7659=ADVANCED_FACE('',(#6890),#1940,.F.);
#7660=ADVANCED_FACE('',(#6891,#6892),#7381,.T.);
#7661=ADVANCED_FACE('',(#6893),#1941,.T.);
#7662=ADVANCED_FACE('',(#6894),#1942,.F.);
#7663=ADVANCED_FACE('',(#6895,#6896),#7382,.T.);
#7664=ADVANCED_FACE('',(#6897),#1943,.T.);
#7665=ADVANCED_FACE('',(#6898),#1944,.F.);
#7666=ADVANCED_FACE('',(#6899),#7383,.T.);
#7667=ADVANCED_FACE('',(#6900),#1945,.F.);
#7668=ADVANCED_FACE('',(#6901),#7384,.T.);
#7669=ADVANCED_FACE('',(#6902),#1946,.F.);
#7670=ADVANCED_FACE('',(#6903),#7385,.T.);
#7671=ADVANCED_FACE('',(#6904),#1947,.F.);
#7672=ADVANCED_FACE('',(#6905),#7386,.T.);
#7673=ADVANCED_FACE('',(#6906),#1948,.F.);
#7674=ADVANCED_FACE('',(#6907,#6908),#1949,.T.);
#7675=ADVANCED_FACE('',(#6909),#1950,.F.);
#7676=ADVANCED_FACE('',(#6910,#6911),#7387,.F.);
#7677=ADVANCED_FACE('',(#6912),#1951,.T.);
#7678=ADVANCED_FACE('',(#6913),#1952,.F.);
#7679=ADVANCED_FACE('',(#6914),#1953,.F.);
#7680=ADVANCED_FACE('',(#6915),#1954,.F.);
#7681=ADVANCED_FACE('',(#6916),#1955,.F.);
#7682=ADVANCED_FACE('',(#6917),#1956,.F.);
#7683=ADVANCED_FACE('',(#6918),#1957,.T.);
#7684=ADVANCED_FACE('',(#6919),#1958,.F.);
#7685=ADVANCED_FACE('',(#6920),#1959,.F.);
#7686=ADVANCED_FACE('',(#6921),#1960,.F.);
#7687=ADVANCED_FACE('',(#6922),#1961,.F.);
#7688=ADVANCED_FACE('',(#6923),#1962,.F.);
#7689=ADVANCED_FACE('',(#6924),#1963,.T.);
#7690=ADVANCED_FACE('',(#6925),#1964,.F.);
#7691=ADVANCED_FACE('',(#6926),#1965,.F.);
#7692=ADVANCED_FACE('',(#6927),#1966,.F.);
#7693=ADVANCED_FACE('',(#6928),#1967,.F.);
#7694=ADVANCED_FACE('',(#6929),#1968,.F.);
#7695=ADVANCED_FACE('',(#6930),#1969,.T.);
#7696=ADVANCED_FACE('',(#6931),#1970,.F.);
#7697=ADVANCED_FACE('',(#6932),#1971,.F.);
#7698=ADVANCED_FACE('',(#6933),#1972,.F.);
#7699=ADVANCED_FACE('',(#6934),#1973,.F.);
#7700=ADVANCED_FACE('',(#6935),#1974,.F.);
#7701=ADVANCED_FACE('',(#6936),#1975,.T.);
#7702=ADVANCED_FACE('',(#6937),#1976,.F.);
#7703=ADVANCED_FACE('',(#6938),#1977,.F.);
#7704=ADVANCED_FACE('',(#6939),#1978,.F.);
#7705=ADVANCED_FACE('',(#6940),#1979,.F.);
#7706=ADVANCED_FACE('',(#6941),#1980,.F.);
#7707=ADVANCED_FACE('',(#6942),#1981,.T.);
#7708=ADVANCED_FACE('',(#6943),#1982,.F.);
#7709=ADVANCED_FACE('',(#6944),#1983,.F.);
#7710=ADVANCED_FACE('',(#6945),#1984,.F.);
#7711=ADVANCED_FACE('',(#6946),#1985,.F.);
#7712=ADVANCED_FACE('',(#6947),#1986,.F.);
#7713=ADVANCED_FACE('',(#6948),#1987,.T.);
#7714=ADVANCED_FACE('',(#6949),#1988,.F.);
#7715=ADVANCED_FACE('',(#6950),#1989,.F.);
#7716=ADVANCED_FACE('',(#6951),#1990,.F.);
#7717=ADVANCED_FACE('',(#6952),#1991,.F.);
#7718=ADVANCED_FACE('',(#6953),#1992,.T.);
#7719=ADVANCED_FACE('',(#6954),#1993,.F.);
#7720=ADVANCED_FACE('',(#6955,#6956,#6957,#6958,#6959,#6960,#6961,#6962,
#6963,#6964,#6965),#1994,.T.);
#7721=ADVANCED_FACE('',(#6966,#6967,#6968),#1995,.T.);
#7722=ADVANCED_FACE('',(#6969,#6970,#6971,#6972),#1996,.T.);
#7723=ADVANCED_FACE('',(#6973),#7388,.T.);
#7724=ADVANCED_FACE('',(#6974),#1997,.F.);
#7725=ADVANCED_FACE('',(#6975),#7389,.T.);
#7726=ADVANCED_FACE('',(#6976),#1998,.F.);
#7727=ADVANCED_FACE('',(#6977),#7390,.T.);
#7728=ADVANCED_FACE('',(#6978),#1999,.F.);
#7729=ADVANCED_FACE('',(#6979),#7391,.T.);
#7730=ADVANCED_FACE('',(#6980),#2000,.F.);
#7731=ADVANCED_FACE('',(#6981),#2001,.F.);
#7732=ADVANCED_FACE('',(#6982,#6983),#2002,.T.);
#7733=ADVANCED_FACE('',(#6984),#2003,.F.);
#7734=ADVANCED_FACE('',(#6985),#2004,.F.);
#7735=ADVANCED_FACE('',(#6986),#2005,.F.);
#7736=ADVANCED_FACE('',(#6987),#2006,.F.);
#7737=ADVANCED_FACE('',(#6988),#2007,.T.);
#7738=ADVANCED_FACE('',(#6989),#2008,.T.);
#7739=ADVANCED_FACE('',(#6990),#2009,.T.);
#7740=ADVANCED_FACE('',(#6991),#2010,.T.);
#7741=ADVANCED_FACE('',(#6992,#6993),#2011,.T.);
#7742=ADVANCED_FACE('',(#6994),#2012,.F.);
#7743=ADVANCED_FACE('',(#6995),#2013,.F.);
#7744=ADVANCED_FACE('',(#6996),#2014,.F.);
#7745=ADVANCED_FACE('',(#6997),#2015,.F.);
#7746=ADVANCED_FACE('',(#6998),#2016,.T.);
#7747=ADVANCED_FACE('',(#6999),#2017,.T.);
#7748=ADVANCED_FACE('',(#7000),#2018,.T.);
#7749=ADVANCED_FACE('',(#7001),#2019,.T.);
#7750=ADVANCED_FACE('',(#7002),#2020,.F.);
#7751=ADVANCED_FACE('',(#7003),#2021,.F.);
#7752=ADVANCED_FACE('',(#7004),#2022,.F.);
#7753=ADVANCED_FACE('',(#7005),#2023,.F.);
#7754=ADVANCED_FACE('',(#7006),#2024,.F.);
#7755=ADVANCED_FACE('',(#7007),#2025,.F.);
#7756=ADVANCED_FACE('',(#7008),#2026,.F.);
#7757=ADVANCED_FACE('',(#7009),#2027,.F.);
#7758=ADVANCED_FACE('',(#7010),#2028,.F.);
#7759=ADVANCED_FACE('',(#7011),#2029,.T.);
#7760=ADVANCED_FACE('',(#7012),#2030,.F.);
#7761=ADVANCED_FACE('',(#7013),#2031,.F.);
#7762=ADVANCED_FACE('',(#7014),#2032,.F.);
#7763=ADVANCED_FACE('',(#7015),#2033,.F.);
#7764=ADVANCED_FACE('',(#7016),#2034,.F.);
#7765=ADVANCED_FACE('',(#7017),#2035,.F.);
#7766=ADVANCED_FACE('',(#7018),#2036,.F.);
#7767=ADVANCED_FACE('',(#7019),#2037,.F.);
#7768=ADVANCED_FACE('',(#7020),#2038,.F.);
#7769=ADVANCED_FACE('',(#7021),#2039,.F.);
#7770=ADVANCED_FACE('',(#7022),#2040,.F.);
#7771=ADVANCED_FACE('',(#7023),#2041,.F.);
#7772=ADVANCED_FACE('',(#7024),#2042,.F.);
#7773=ADVANCED_FACE('',(#7025),#2043,.F.);
#7774=ADVANCED_FACE('',(#7026),#2044,.T.);
#7775=ADVANCED_FACE('',(#7027,#7028),#7392,.T.);
#7776=ADVANCED_FACE('',(#7029),#2045,.T.);
#7777=ADVANCED_FACE('',(#7030,#7031),#1896,.T.);
#7778=ADVANCED_FACE('',(#7032),#2046,.T.);
#7779=ADVANCED_FACE('',(#7033,#7034),#34,.T.);
#7780=ADVANCED_FACE('',(#7035),#2047,.T.);
#7781=ADVANCED_FACE('',(#7036,#7037),#35,.T.);
#7782=ADVANCED_FACE('',(#7038,#7039),#36,.T.);
#7783=ADVANCED_FACE('',(#7040),#2048,.T.);
#7784=ADVANCED_FACE('',(#7041),#2049,.T.);
#7785=ADVANCED_FACE('',(#7042,#7043),#37,.T.);
#7786=ADVANCED_FACE('',(#7044),#2050,.F.);
#7787=ADVANCED_FACE('',(#7045),#2051,.F.);
#7788=ADVANCED_FACE('',(#7046),#2052,.F.);
#7789=ADVANCED_FACE('',(#7047),#2053,.F.);
#7790=ADVANCED_FACE('',(#7048),#2054,.F.);
#7791=ADVANCED_FACE('',(#7049),#2055,.F.);
#7792=ADVANCED_FACE('',(#7050),#2056,.F.);
#7793=ADVANCED_FACE('',(#7051),#2057,.F.);
#7794=ADVANCED_FACE('',(#7052),#2058,.F.);
#7795=ADVANCED_FACE('',(#7053),#2059,.F.);
#7796=ADVANCED_FACE('',(#7054),#2060,.F.);
#7797=ADVANCED_FACE('',(#7055),#2061,.F.);
#7798=ADVANCED_FACE('',(#7056),#2062,.F.);
#7799=ADVANCED_FACE('',(#7057),#2063,.F.);
#7800=ADVANCED_FACE('',(#7058),#2064,.F.);
#7801=ADVANCED_FACE('',(#7059),#2065,.F.);
#7802=ADVANCED_FACE('',(#7060,#7061,#7062,#7063,#7064),#2066,.F.);
#7803=ADVANCED_FACE('',(#7065,#7066),#7393,.T.);
#7804=ADVANCED_FACE('',(#7067,#7068),#7394,.T.);
#7805=ADVANCED_FACE('',(#7069),#2067,.T.);
#7806=ADVANCED_FACE('',(#7070,#7071),#2068,.F.);
#7807=ADVANCED_FACE('',(#7072),#2069,.F.);
#7808=ADVANCED_FACE('',(#7073),#2070,.F.);
#7809=ADVANCED_FACE('',(#7074),#2071,.F.);
#7810=ADVANCED_FACE('',(#7075),#2072,.F.);
#7811=ADVANCED_FACE('',(#7076,#7077),#2073,.T.);
#7812=ADVANCED_FACE('',(#7078),#7395,.T.);
#7813=ADVANCED_FACE('',(#7079),#2074,.T.);
#7814=ADVANCED_FACE('',(#7080),#2075,.T.);
#7815=ADVANCED_FACE('',(#7081),#7396,.T.);
#7816=ADVANCED_FACE('',(#7082),#2076,.F.);
#7817=ADVANCED_FACE('',(#7083),#7397,.F.);
#7818=ADVANCED_FACE('',(#7084),#2077,.T.);
#7819=ADVANCED_FACE('',(#7085),#7398,.T.);
#7820=ADVANCED_FACE('',(#7086),#2078,.T.);
#7821=ADVANCED_FACE('',(#7087),#2079,.T.);
#7822=ADVANCED_FACE('',(#7088),#2080,.F.);
#7823=ADVANCED_FACE('',(#7089),#2081,.F.);
#7824=ADVANCED_FACE('',(#7090),#2082,.T.);
#7825=ADVANCED_FACE('',(#7091),#2083,.T.);
#7826=ADVANCED_FACE('',(#7092),#2084,.F.);
#7827=ADVANCED_FACE('',(#7093,#7094,#7095,#7096,#7097),#2085,.T.);
#7828=ADVANCED_FACE('',(#7098),#2086,.T.);
#7829=ADVANCED_FACE('',(#7099),#2087,.F.);
#7830=ADVANCED_FACE('',(#7100),#2088,.F.);
#7831=ADVANCED_FACE('',(#7101),#2089,.T.);
#7832=ADVANCED_FACE('',(#7102),#2090,.T.);
#7833=ADVANCED_FACE('',(#7103),#2091,.F.);
#7834=ADVANCED_FACE('',(#7104),#2092,.F.);
#7835=ADVANCED_FACE('',(#7105),#2093,.T.);
#7836=ADVANCED_FACE('',(#7106),#2094,.T.);
#7837=ADVANCED_FACE('',(#7107),#2095,.F.);
#7838=ADVANCED_FACE('',(#7108),#2096,.F.);
#7839=ADVANCED_FACE('',(#7109),#2097,.T.);
#7840=ADVANCED_FACE('',(#7110),#2098,.T.);
#7841=ADVANCED_FACE('',(#7111),#2099,.F.);
#7842=ADVANCED_FACE('',(#7112),#2100,.F.);
#7843=ADVANCED_FACE('',(#7113),#2101,.T.);
#7844=ADVANCED_FACE('',(#7114),#2102,.T.);
#7845=ADVANCED_FACE('',(#7115),#2103,.F.);
#7846=ADVANCED_FACE('',(#7116),#2104,.T.);
#7847=ADVANCED_FACE('',(#7117),#2105,.T.);
#7848=ADVANCED_FACE('',(#7118),#2106,.T.);
#7849=ADVANCED_FACE('',(#7119),#2107,.F.);
#7850=ADVANCED_FACE('',(#7120),#2108,.T.);
#7851=ADVANCED_FACE('',(#7121),#2109,.T.);
#7852=ADVANCED_FACE('',(#7122),#2110,.T.);
#7853=ADVANCED_FACE('',(#7123),#2111,.F.);
#7854=ADVANCED_FACE('',(#7124),#2112,.T.);
#7855=ADVANCED_FACE('',(#7125),#2113,.T.);
#7856=ADVANCED_FACE('',(#7126),#2114,.T.);
#7857=ADVANCED_FACE('',(#7127),#2115,.F.);
#7858=ADVANCED_FACE('',(#7128),#2116,.T.);
#7859=ADVANCED_FACE('',(#7129),#2117,.T.);
#7860=ADVANCED_FACE('',(#7130),#2118,.T.);
#7861=ADVANCED_FACE('',(#7131),#2119,.F.);
#7862=ADVANCED_FACE('',(#7132),#2120,.F.);
#7863=ADVANCED_FACE('',(#7133),#2121,.F.);
#7864=ADVANCED_FACE('',(#7134),#2122,.T.);
#7865=ADVANCED_FACE('',(#7135),#2123,.F.);
#7866=ADVANCED_FACE('',(#7136),#2124,.F.);
#7867=ADVANCED_FACE('',(#7137),#2125,.F.);
#7868=ADVANCED_FACE('',(#7138),#2126,.T.);
#7869=ADVANCED_FACE('',(#7139),#2127,.F.);
#7870=ADVANCED_FACE('',(#7140),#2128,.F.);
#7871=ADVANCED_FACE('',(#7141),#2129,.F.);
#7872=ADVANCED_FACE('',(#7142),#2130,.T.);
#7873=ADVANCED_FACE('',(#7143),#2131,.F.);
#7874=ADVANCED_FACE('',(#7144),#2132,.F.);
#7875=ADVANCED_FACE('',(#7145),#2133,.F.);
#7876=ADVANCED_FACE('',(#7146),#2134,.T.);
#7877=ADVANCED_FACE('',(#7147),#2135,.F.);
#7878=ADVANCED_FACE('',(#7148),#2136,.F.);
#7879=ADVANCED_FACE('',(#7149),#2137,.T.);
#7880=ADVANCED_FACE('',(#7150),#2138,.T.);
#7881=ADVANCED_FACE('',(#7151),#2139,.F.);
#7882=ADVANCED_FACE('',(#7152),#2140,.F.);
#7883=ADVANCED_FACE('',(#7153),#2141,.T.);
#7884=ADVANCED_FACE('',(#7154),#2142,.T.);
#7885=ADVANCED_FACE('',(#7155),#2143,.F.);
#7886=ADVANCED_FACE('',(#7156),#2144,.F.);
#7887=ADVANCED_FACE('',(#7157),#2145,.T.);
#7888=ADVANCED_FACE('',(#7158),#2146,.T.);
#7889=ADVANCED_FACE('',(#7159),#2147,.F.);
#7890=ADVANCED_FACE('',(#7160),#2148,.F.);
#7891=ADVANCED_FACE('',(#7161),#2149,.T.);
#7892=ADVANCED_FACE('',(#7162),#2150,.T.);
#7893=ADVANCED_FACE('',(#7163),#2151,.F.);
#7894=ADVANCED_FACE('',(#7164),#2152,.F.);
#7895=ADVANCED_FACE('',(#7165),#2153,.F.);
#7896=ADVANCED_FACE('',(#7166),#2154,.F.);
#7897=ADVANCED_FACE('',(#7167),#2155,.T.);
#7898=ADVANCED_FACE('',(#7168),#2156,.F.);
#7899=ADVANCED_FACE('',(#7169),#2157,.F.);
#7900=ADVANCED_FACE('',(#7170),#2158,.F.);
#7901=ADVANCED_FACE('',(#7171),#2159,.T.);
#7902=ADVANCED_FACE('',(#7172),#2160,.F.);
#7903=ADVANCED_FACE('',(#7173),#2161,.F.);
#7904=ADVANCED_FACE('',(#7174),#2162,.F.);
#7905=ADVANCED_FACE('',(#7175),#2163,.T.);
#7906=ADVANCED_FACE('',(#7176),#2164,.F.);
#7907=ADVANCED_FACE('',(#7177),#2165,.F.);
#7908=ADVANCED_FACE('',(#7178),#2166,.F.);
#7909=ADVANCED_FACE('',(#7179),#2167,.T.);
#7910=ADVANCED_FACE('',(#7180),#2168,.F.);
#7911=ADVANCED_FACE('',(#7181),#2169,.F.);
#7912=ADVANCED_FACE('',(#7182),#2170,.T.);
#7913=ADVANCED_FACE('',(#7183),#2171,.T.);
#7914=ADVANCED_FACE('',(#7184),#2172,.F.);
#7915=ADVANCED_FACE('',(#7185),#2173,.F.);
#7916=ADVANCED_FACE('',(#7186),#2174,.T.);
#7917=ADVANCED_FACE('',(#7187),#2175,.T.);
#7918=ADVANCED_FACE('',(#7188),#2176,.F.);
#7919=ADVANCED_FACE('',(#7189),#2177,.F.);
#7920=ADVANCED_FACE('',(#7190),#2178,.F.);
#7921=ADVANCED_FACE('',(#7191),#7399,.T.);
#7922=ADVANCED_FACE('',(#7192),#2179,.T.);
#7923=ADVANCED_FACE('',(#7193),#2180,.F.);
#7924=ADVANCED_FACE('',(#7194),#7400,.T.);
#7925=ADVANCED_FACE('',(#7195),#2181,.F.);
#7926=ADVANCED_FACE('',(#7196),#7401,.F.);
#7927=ADVANCED_FACE('',(#7197),#2182,.T.);
#7928=ADVANCED_FACE('',(#7198),#7402,.T.);
#7929=ADVANCED_FACE('',(#7199),#2183,.F.);
#7930=ADVANCED_FACE('',(#7200),#7403,.T.);
#7931=ADVANCED_FACE('',(#7201),#2184,.T.);
#7932=ADVANCED_FACE('',(#7202),#2185,.F.);
#7933=ADVANCED_FACE('',(#7203),#7404,.T.);
#7934=ADVANCED_FACE('',(#7204),#2186,.F.);
#7935=ADVANCED_FACE('',(#7205),#7405,.F.);
#7936=ADVANCED_FACE('',(#7206),#2187,.T.);
#7937=ADVANCED_FACE('',(#7207),#7406,.T.);
#7938=ADVANCED_FACE('',(#7208),#2188,.F.);
#7939=ADVANCED_FACE('',(#7209),#7407,.T.);
#7940=ADVANCED_FACE('',(#7210),#2189,.T.);
#7941=ADVANCED_FACE('',(#7211),#2190,.T.);
#7942=ADVANCED_FACE('',(#7212),#7408,.T.);
#7943=ADVANCED_FACE('',(#7213),#2191,.F.);
#7944=ADVANCED_FACE('',(#7214),#7409,.F.);
#7945=ADVANCED_FACE('',(#7215),#2192,.T.);
#7946=ADVANCED_FACE('',(#7216),#7410,.T.);
#7947=ADVANCED_FACE('',(#7217),#2193,.F.);
#7948=ADVANCED_FACE('',(#7218),#2194,.T.);
#7949=ADVANCED_FACE('',(#7219),#2195,.T.);
#7950=ADVANCED_FACE('',(#7220),#2196,.F.);
#7951=ADVANCED_FACE('',(#7221),#2197,.F.);
#7952=ADVANCED_FACE('',(#7222,#7223),#7411,.F.);
#7953=ADVANCED_FACE('',(#7224,#7225,#7226,#7227,#7228,#7229),#2198,.F.);
#7954=ADVANCED_FACE('',(#7230),#2199,.F.);
#7955=ADVANCED_FACE('',(#7231),#7412,.T.);
#7956=ADVANCED_FACE('',(#7232),#2200,.F.);
#7957=ADVANCED_FACE('',(#7233),#7413,.T.);
#7958=ADVANCED_FACE('',(#7234),#2201,.F.);
#7959=ADVANCED_FACE('',(#7235),#7414,.T.);
#7960=ADVANCED_FACE('',(#7236),#2202,.F.);
#7961=ADVANCED_FACE('',(#7237),#7415,.T.);
#7962=ADVANCED_FACE('',(#7238),#2203,.T.);
#7963=ADVANCED_FACE('',(#7239),#2204,.T.);
#7964=ADVANCED_FACE('',(#7240),#2205,.T.);
#7965=ADVANCED_FACE('',(#7241),#2206,.T.);
#7966=ADVANCED_FACE('',(#7242),#2207,.T.);
#7967=ADVANCED_FACE('',(#7243),#7416,.T.);
#7968=ADVANCED_FACE('',(#7244),#2208,.F.);
#7969=ADVANCED_FACE('',(#7245),#7417,.T.);
#7970=ADVANCED_FACE('',(#7246),#2209,.F.);
#7971=ADVANCED_FACE('',(#7247),#7418,.T.);
#7972=ADVANCED_FACE('',(#7248),#2210,.F.);
#7973=ADVANCED_FACE('',(#7249),#7419,.T.);
#7974=ADVANCED_FACE('',(#7250),#2211,.F.);
#7975=ADVANCED_FACE('',(#7251),#7420,.T.);
#7976=ADVANCED_FACE('',(#7252),#2212,.F.);
#7977=ADVANCED_FACE('',(#7253),#7421,.T.);
#7978=ADVANCED_FACE('',(#7254),#2213,.F.);
#7979=ADVANCED_FACE('',(#7255),#7422,.T.);
#7980=ADVANCED_FACE('',(#7256),#2214,.F.);
#7981=ADVANCED_FACE('',(#7257),#7423,.T.);
#7982=ADVANCED_FACE('',(#7258),#2215,.F.);
#7983=ADVANCED_FACE('',(#7259),#2216,.T.);
#7984=ADVANCED_FACE('',(#7260,#7261),#7424,.F.);
#7985=ADVANCED_FACE('',(#7262),#2217,.T.);
#7986=ADVANCED_FACE('',(#7263,#7264),#7425,.F.);
#7987=ADVANCED_FACE('',(#7265),#2218,.T.);
#7988=ADVANCED_FACE('',(#7266,#7267),#7426,.F.);
#7989=ADVANCED_FACE('',(#7268),#2219,.T.);
#7990=ADVANCED_FACE('',(#7269,#7270),#7427,.F.);
#7991=ADVANCED_FACE('',(#7271),#2220,.T.);
#7992=ADVANCED_FACE('',(#7272,#7273,#7274,#7275,#7276,#7277,#7278),#2221,
 .T.);
#7993=ADVANCED_FACE('',(#7279),#2222,.F.);
#7994=ADVANCED_FACE('',(#7280),#2223,.F.);
#7995=ADVANCED_FACE('',(#7281),#2224,.F.);
#7996=ADVANCED_FACE('',(#7282),#2225,.F.);
#7997=ADVANCED_FACE('',(#7283,#7284),#2226,.F.);
#7998=ADVANCED_FACE('',(#7285),#2227,.T.);
#7999=ADVANCED_FACE('',(#7286,#7287),#10,.F.);
#8000=ADVANCED_FACE('',(#7288,#7289),#2228,.T.);
#8001=ADVANCED_FACE('',(#7290),#2229,.T.);
#8002=ADVANCED_FACE('',(#7291),#2230,.T.);
#8003=ADVANCED_FACE('',(#7292),#2231,.T.);
#8004=ADVANCED_FACE('',(#7293),#2232,.T.);
#8005=ADVANCED_FACE('',(#7294),#2233,.T.);
#8006=ADVANCED_FACE('',(#7295),#2234,.T.);
#8007=ADVANCED_FACE('',(#7296),#2235,.T.);
#8008=ADVANCED_FACE('',(#7297),#11,.T.);
#8009=ADVANCED_FACE('',(#7298),#12,.T.);
#8010=ADVANCED_FACE('',(#7299),#13,.T.);
#8011=ADVANCED_FACE('',(#7300),#2236,.T.);
#8012=ADVANCED_FACE('',(#7301),#2237,.T.);
#8013=ADVANCED_FACE('',(#7302),#2238,.T.);
#8014=ADVANCED_FACE('',(#7303),#2239,.T.);
#8015=ADVANCED_FACE('',(#7304),#14,.T.);
#8016=ADVANCED_FACE('',(#7305),#15,.T.);
#8017=ADVANCED_FACE('',(#7306),#2240,.T.);
#8018=ADVANCED_FACE('',(#7307),#2241,.T.);
#8019=ADVANCED_FACE('',(#7308),#2242,.T.);
#8020=ADVANCED_FACE('',(#7309),#2243,.T.);
#8021=ADVANCED_FACE('',(#7310),#2244,.T.);
#8022=ADVANCED_FACE('',(#7311),#2245,.T.);
#8023=ADVANCED_FACE('',(#7312),#2246,.T.);
#8024=ADVANCED_FACE('',(#7313),#2247,.T.);
#8025=ADVANCED_FACE('',(#7314),#2248,.T.);
#8026=ADVANCED_FACE('',(#7315),#2249,.T.);
#8027=ADVANCED_FACE('',(#7316),#2250,.T.);
#8028=ADVANCED_FACE('',(#7317),#2251,.T.);
#8029=ADVANCED_FACE('',(#7318),#2252,.T.);
#8030=ADVANCED_FACE('',(#7319),#2253,.F.);
#8031=ADVANCED_FACE('',(#7320),#16,.T.);
#8032=ADVANCED_FACE('',(#7321),#17,.T.);
#8033=ADVANCED_FACE('',(#7322),#18,.T.);
#8034=ADVANCED_FACE('',(#7323),#19,.T.);
#8035=ADVANCED_FACE('',(#7324),#20,.T.);
#8036=ADVANCED_FACE('',(#7325),#2254,.T.);
#8037=ADVANCED_FACE('',(#7326),#2255,.T.);
#8038=ADVANCED_FACE('',(#7327),#2256,.T.);
#8039=ADVANCED_FACE('',(#7328),#21,.T.);
#8040=ADVANCED_FACE('',(#7329),#22,.T.);
#8041=ADVANCED_FACE('',(#7330),#23,.T.);
#8042=ADVANCED_FACE('',(#7331),#24,.T.);
#8043=ADVANCED_FACE('',(#7332),#2257,.T.);
#8044=ADVANCED_FACE('',(#7333),#2258,.T.);
#8045=ADVANCED_FACE('',(#7334),#2259,.T.);
#8046=ADVANCED_FACE('',(#7335),#2260,.T.);
#8047=ADVANCED_FACE('',(#7336),#2261,.T.);
#8048=ADVANCED_FACE('',(#7337),#2262,.T.);
#8049=ADVANCED_FACE('',(#7338),#2263,.T.);
#8050=ADVANCED_FACE('',(#7339),#2264,.T.);
#8051=ADVANCED_FACE('',(#7340),#2265,.T.);
#8052=ADVANCED_FACE('',(#7341),#2266,.T.);
#8053=ADVANCED_FACE('',(#7342),#2267,.T.);
#8054=ADVANCED_FACE('',(#7343),#2268,.T.);
#8055=ADVANCED_FACE('',(#7344),#2269,.F.);
#8056=ADVANCED_FACE('',(#7345,#7346),#2270,.T.);
#8057=ADVANCED_FACE('',(#7347),#2271,.T.);
#8058=ADVANCED_FACE('',(#7348),#2272,.T.);
#8059=ADVANCED_FACE('',(#7349),#2273,.T.);
#8060=ADVANCED_FACE('',(#7350),#2274,.T.);
#8061=ADVANCED_FACE('',(#7351),#2275,.T.);
#8062=ADVANCED_FACE('',(#7352),#2276,.T.);
#8063=ADVANCED_FACE('',(#7353),#2277,.T.);
#8064=ADVANCED_FACE('',(#7354),#2278,.T.);
#8065=ADVANCED_FACE('',(#7355),#2279,.T.);
#8066=ADVANCED_FACE('',(#7356),#2280,.T.);
#8067=ADVANCED_FACE('',(#7357),#2281,.T.);
#8068=ADVANCED_FACE('',(#7358),#2282,.T.);
#8069=ADVANCED_FACE('',(#7359,#7360),#2283,.T.);
#8070=ADVANCED_FACE('',(#7361),#2284,.T.);
#8071=ADVANCED_FACE('',(#7362),#25,.T.);
#8072=ADVANCED_FACE('',(#7363),#26,.T.);
#8073=ADVANCED_FACE('',(#7364),#27,.T.);
#8074=ADVANCED_FACE('',(#7365),#2285,.T.);
#8075=ADVANCED_FACE('',(#7366),#2286,.T.);
#8076=ADVANCED_FACE('',(#7367),#2287,.T.);
#8077=ADVANCED_FACE('',(#7368),#2288,.T.);
#8078=ADVANCED_FACE('',(#7369),#28,.T.);
#8079=ADVANCED_FACE('',(#7370),#29,.T.);
#8080=ADVANCED_FACE('',(#7371),#30,.T.);
#8081=ADVANCED_FACE('',(#7372),#31,.T.);
#8082=ADVANCED_FACE('',(#7373),#2289,.T.);
#8083=ADVANCED_FACE('',(#7374),#2290,.T.);
#8084=CLOSED_SHELL('',(#7643,#7644,#7645));
#8085=CLOSED_SHELL('',(#7646,#7647,#7648,#7649,#7650,#7651,#7652));
#8086=CLOSED_SHELL('',(#7653,#7654,#7655,#7656));
#8087=CLOSED_SHELL('',(#7657,#7658,#7659));
#8088=CLOSED_SHELL('',(#7660,#7661,#7662));
#8089=CLOSED_SHELL('',(#7663,#7664,#7665));
#8090=CLOSED_SHELL('',(#7666,#7667,#7668,#7669,#7670,#7671,#7672,#7673,
#7674,#7675,#7676,#7677));
#8091=CLOSED_SHELL('',(#7678,#7679,#7680,#7681,#7682,#7683));
#8092=CLOSED_SHELL('',(#7684,#7685,#7686,#7687,#7688,#7689));
#8093=CLOSED_SHELL('',(#7690,#7691,#7692,#7693,#7694,#7695));
#8094=CLOSED_SHELL('',(#7696,#7697,#7698,#7699,#7700,#7701));
#8095=CLOSED_SHELL('',(#7702,#7703,#7704,#7705,#7706,#7707));
#8096=CLOSED_SHELL('',(#7708,#7709,#7710,#7711,#7712,#7713));
#8097=CLOSED_SHELL('',(#7714,#7715,#7716,#7717,#7718,#7719));
#8098=CLOSED_SHELL('',(#7720,#7721,#7722,#7723,#7724,#7725,#7726,#7727,
#7728,#7729,#7730,#7731,#7732,#7733,#7734,#7735,#7736,#7737,#7738,#7739,
#7740,#7741,#7742,#7743,#7744,#7745,#7746,#7747,#7748,#7749,#7750,#7751,
#7752,#7753,#7754,#7755,#7756,#7757,#7758,#7759,#7760,#7761,#7762,#7763,
#7764,#7765,#7766,#7767,#7768,#7769,#7770,#7771,#7772,#7773,#7774,#7775,
#7776,#7777,#7778,#7779,#7780,#7781,#7782,#7783,#7784,#7785,#7786,#7787,
#7788,#7789,#7790,#7791,#7792,#7793,#7794,#7795,#7796,#7797,#7798,#7799,
#7800,#7801,#7802,#7803,#7804,#7805,#7806));
#8099=CLOSED_SHELL('',(#7807,#7808,#7809,#7810,#7811,#7812,#7813,#7814,
#7815,#7816,#7817,#7818,#7819,#7820,#7821,#7822,#7823,#7824,#7825,#7826,
#7827,#7828,#7829,#7830,#7831,#7832,#7833,#7834,#7835,#7836,#7837,#7838,
#7839,#7840,#7841,#7842,#7843,#7844,#7845,#7846,#7847,#7848,#7849,#7850,
#7851,#7852,#7853,#7854,#7855,#7856,#7857,#7858,#7859,#7860,#7861,#7862,
#7863,#7864,#7865,#7866,#7867,#7868,#7869,#7870,#7871,#7872,#7873,#7874,
#7875,#7876,#7877,#7878,#7879,#7880,#7881,#7882,#7883,#7884,#7885,#7886,
#7887,#7888,#7889,#7890,#7891,#7892,#7893,#7894,#7895,#7896,#7897,#7898,
#7899,#7900,#7901,#7902,#7903,#7904,#7905,#7906,#7907,#7908,#7909,#7910,
#7911,#7912,#7913,#7914,#7915,#7916,#7917,#7918,#7919,#7920,#7921,#7922,
#7923,#7924,#7925,#7926,#7927,#7928,#7929,#7930,#7931,#7932,#7933,#7934,
#7935,#7936,#7937,#7938,#7939,#7940,#7941,#7942,#7943,#7944,#7945,#7946,
#7947,#7948,#7949,#7950,#7951,#7952,#7953,#7954,#7955,#7956,#7957,#7958,
#7959,#7960,#7961,#7962,#7963,#7964,#7965,#7966,#7967,#7968,#7969,#7970,
#7971,#7972,#7973,#7974,#7975,#7976,#7977,#7978,#7979,#7980,#7981,#7982,
#7983,#7984,#7985,#7986,#7987,#7988,#7989,#7990,#7991));
#8100=CLOSED_SHELL('',(#7992,#7993,#7994,#7995,#7996,#7997,#7998,#7999,
#8000,#8001,#8002,#8003,#8004,#8005,#8006,#8007,#8008,#8009,#8010,#8011,
#8012,#8013,#8014,#8015,#8016,#8017,#8018,#8019,#8020,#8021,#8022,#8023,
#8024,#8025,#8026,#8027,#8028,#8029,#8030,#8031,#8032,#8033,#8034,#8035,
#8036,#8037,#8038,#8039,#8040,#8041,#8042,#8043,#8044,#8045,#8046,#8047,
#8048,#8049,#8050,#8051,#8052,#8053,#8054,#8055,#8056,#8057,#8058,#8059,
#8060,#8061,#8062,#8063,#8064,#8065,#8066,#8067,#8068,#8069,#8070,#8071,
#8072,#8073,#8074,#8075,#8076,#8077,#8078,#8079,#8080,#8081,#8082,#8083));
#8101=STYLED_ITEM('',(#8118),#9501);
#8102=STYLED_ITEM('',(#8122),#9502);
#8103=STYLED_ITEM('',(#8123),#9503);
#8104=STYLED_ITEM('',(#8127),#9504);
#8105=STYLED_ITEM('',(#8131),#9505);
#8106=STYLED_ITEM('',(#8135),#9506);
#8107=STYLED_ITEM('',(#8139),#9507);
#8108=STYLED_ITEM('',(#8140),#9508);
#8109=STYLED_ITEM('',(#8141),#9509);
#8110=STYLED_ITEM('',(#8148),#9510);
#8111=STYLED_ITEM('',(#8155),#9511);
#8112=STYLED_ITEM('',(#8162),#9512);
#8113=STYLED_ITEM('',(#8169),#9513);
#8114=STYLED_ITEM('',(#8176),#9514);
#8115=STYLED_ITEM('',(#8183),#9515);
#8116=STYLED_ITEM('',(#8254),#9516);
#8117=STYLED_ITEM('',(#8255),#9517);
#8118=PRESENTATION_STYLE_ASSIGNMENT((#8348));
#8119=PRESENTATION_STYLE_ASSIGNMENT((#8349));
#8120=PRESENTATION_STYLE_ASSIGNMENT((#8350));
#8121=PRESENTATION_STYLE_ASSIGNMENT((#8351));
#8122=PRESENTATION_STYLE_ASSIGNMENT((#8352));
#8123=PRESENTATION_STYLE_ASSIGNMENT((#8353));
#8124=PRESENTATION_STYLE_ASSIGNMENT((#8354));
#8125=PRESENTATION_STYLE_ASSIGNMENT((#8355));
#8126=PRESENTATION_STYLE_ASSIGNMENT((#8356));
#8127=PRESENTATION_STYLE_ASSIGNMENT((#8357));
#8128=PRESENTATION_STYLE_ASSIGNMENT((#8358));
#8129=PRESENTATION_STYLE_ASSIGNMENT((#8359));
#8130=PRESENTATION_STYLE_ASSIGNMENT((#8360));
#8131=PRESENTATION_STYLE_ASSIGNMENT((#8361));
#8132=PRESENTATION_STYLE_ASSIGNMENT((#8362));
#8133=PRESENTATION_STYLE_ASSIGNMENT((#8363));
#8134=PRESENTATION_STYLE_ASSIGNMENT((#8364));
#8135=PRESENTATION_STYLE_ASSIGNMENT((#8365));
#8136=PRESENTATION_STYLE_ASSIGNMENT((#8366));
#8137=PRESENTATION_STYLE_ASSIGNMENT((#8367));
#8138=PRESENTATION_STYLE_ASSIGNMENT((#8368));
#8139=PRESENTATION_STYLE_ASSIGNMENT((#8369));
#8140=PRESENTATION_STYLE_ASSIGNMENT((#8370));
#8141=PRESENTATION_STYLE_ASSIGNMENT((#8371));
#8142=PRESENTATION_STYLE_ASSIGNMENT((#8372));
#8143=PRESENTATION_STYLE_ASSIGNMENT((#8373));
#8144=PRESENTATION_STYLE_ASSIGNMENT((#8374));
#8145=PRESENTATION_STYLE_ASSIGNMENT((#8375));
#8146=PRESENTATION_STYLE_ASSIGNMENT((#8376));
#8147=PRESENTATION_STYLE_ASSIGNMENT((#8377));
#8148=PRESENTATION_STYLE_ASSIGNMENT((#8378));
#8149=PRESENTATION_STYLE_ASSIGNMENT((#8379));
#8150=PRESENTATION_STYLE_ASSIGNMENT((#8380));
#8151=PRESENTATION_STYLE_ASSIGNMENT((#8381));
#8152=PRESENTATION_STYLE_ASSIGNMENT((#8382));
#8153=PRESENTATION_STYLE_ASSIGNMENT((#8383));
#8154=PRESENTATION_STYLE_ASSIGNMENT((#8384));
#8155=PRESENTATION_STYLE_ASSIGNMENT((#8385));
#8156=PRESENTATION_STYLE_ASSIGNMENT((#8386));
#8157=PRESENTATION_STYLE_ASSIGNMENT((#8387));
#8158=PRESENTATION_STYLE_ASSIGNMENT((#8388));
#8159=PRESENTATION_STYLE_ASSIGNMENT((#8389));
#8160=PRESENTATION_STYLE_ASSIGNMENT((#8390));
#8161=PRESENTATION_STYLE_ASSIGNMENT((#8391));
#8162=PRESENTATION_STYLE_ASSIGNMENT((#8392));
#8163=PRESENTATION_STYLE_ASSIGNMENT((#8393));
#8164=PRESENTATION_STYLE_ASSIGNMENT((#8394));
#8165=PRESENTATION_STYLE_ASSIGNMENT((#8395));
#8166=PRESENTATION_STYLE_ASSIGNMENT((#8396));
#8167=PRESENTATION_STYLE_ASSIGNMENT((#8397));
#8168=PRESENTATION_STYLE_ASSIGNMENT((#8398));
#8169=PRESENTATION_STYLE_ASSIGNMENT((#8399));
#8170=PRESENTATION_STYLE_ASSIGNMENT((#8400));
#8171=PRESENTATION_STYLE_ASSIGNMENT((#8401));
#8172=PRESENTATION_STYLE_ASSIGNMENT((#8402));
#8173=PRESENTATION_STYLE_ASSIGNMENT((#8403));
#8174=PRESENTATION_STYLE_ASSIGNMENT((#8404));
#8175=PRESENTATION_STYLE_ASSIGNMENT((#8405));
#8176=PRESENTATION_STYLE_ASSIGNMENT((#8406));
#8177=PRESENTATION_STYLE_ASSIGNMENT((#8407));
#8178=PRESENTATION_STYLE_ASSIGNMENT((#8408));
#8179=PRESENTATION_STYLE_ASSIGNMENT((#8409));
#8180=PRESENTATION_STYLE_ASSIGNMENT((#8410));
#8181=PRESENTATION_STYLE_ASSIGNMENT((#8411));
#8182=PRESENTATION_STYLE_ASSIGNMENT((#8412));
#8183=PRESENTATION_STYLE_ASSIGNMENT((#8413));
#8184=PRESENTATION_STYLE_ASSIGNMENT((#8414));
#8185=PRESENTATION_STYLE_ASSIGNMENT((#8415));
#8186=PRESENTATION_STYLE_ASSIGNMENT((#8416));
#8187=PRESENTATION_STYLE_ASSIGNMENT((#8417));
#8188=PRESENTATION_STYLE_ASSIGNMENT((#8418));
#8189=PRESENTATION_STYLE_ASSIGNMENT((#8419));
#8190=PRESENTATION_STYLE_ASSIGNMENT((#8420));
#8191=PRESENTATION_STYLE_ASSIGNMENT((#8421));
#8192=PRESENTATION_STYLE_ASSIGNMENT((#8422));
#8193=PRESENTATION_STYLE_ASSIGNMENT((#8423));
#8194=PRESENTATION_STYLE_ASSIGNMENT((#8424));
#8195=PRESENTATION_STYLE_ASSIGNMENT((#8425));
#8196=PRESENTATION_STYLE_ASSIGNMENT((#8426));
#8197=PRESENTATION_STYLE_ASSIGNMENT((#8427));
#8198=PRESENTATION_STYLE_ASSIGNMENT((#8428));
#8199=PRESENTATION_STYLE_ASSIGNMENT((#8429));
#8200=PRESENTATION_STYLE_ASSIGNMENT((#8430));
#8201=PRESENTATION_STYLE_ASSIGNMENT((#8431));
#8202=PRESENTATION_STYLE_ASSIGNMENT((#8432));
#8203=PRESENTATION_STYLE_ASSIGNMENT((#8433));
#8204=PRESENTATION_STYLE_ASSIGNMENT((#8434));
#8205=PRESENTATION_STYLE_ASSIGNMENT((#8435));
#8206=PRESENTATION_STYLE_ASSIGNMENT((#8436));
#8207=PRESENTATION_STYLE_ASSIGNMENT((#8437));
#8208=PRESENTATION_STYLE_ASSIGNMENT((#8438));
#8209=PRESENTATION_STYLE_ASSIGNMENT((#8439));
#8210=PRESENTATION_STYLE_ASSIGNMENT((#8440));
#8211=PRESENTATION_STYLE_ASSIGNMENT((#8441));
#8212=PRESENTATION_STYLE_ASSIGNMENT((#8442));
#8213=PRESENTATION_STYLE_ASSIGNMENT((#8443));
#8214=PRESENTATION_STYLE_ASSIGNMENT((#8444));
#8215=PRESENTATION_STYLE_ASSIGNMENT((#8445));
#8216=PRESENTATION_STYLE_ASSIGNMENT((#8446));
#8217=PRESENTATION_STYLE_ASSIGNMENT((#8447));
#8218=PRESENTATION_STYLE_ASSIGNMENT((#8448));
#8219=PRESENTATION_STYLE_ASSIGNMENT((#8449));
#8220=PRESENTATION_STYLE_ASSIGNMENT((#8450));
#8221=PRESENTATION_STYLE_ASSIGNMENT((#8451));
#8222=PRESENTATION_STYLE_ASSIGNMENT((#8452));
#8223=PRESENTATION_STYLE_ASSIGNMENT((#8453));
#8224=PRESENTATION_STYLE_ASSIGNMENT((#8454));
#8225=PRESENTATION_STYLE_ASSIGNMENT((#8455));
#8226=PRESENTATION_STYLE_ASSIGNMENT((#8456));
#8227=PRESENTATION_STYLE_ASSIGNMENT((#8457));
#8228=PRESENTATION_STYLE_ASSIGNMENT((#8458));
#8229=PRESENTATION_STYLE_ASSIGNMENT((#8459));
#8230=PRESENTATION_STYLE_ASSIGNMENT((#8460));
#8231=PRESENTATION_STYLE_ASSIGNMENT((#8461));
#8232=PRESENTATION_STYLE_ASSIGNMENT((#8462));
#8233=PRESENTATION_STYLE_ASSIGNMENT((#8463));
#8234=PRESENTATION_STYLE_ASSIGNMENT((#8464));
#8235=PRESENTATION_STYLE_ASSIGNMENT((#8465));
#8236=PRESENTATION_STYLE_ASSIGNMENT((#8466));
#8237=PRESENTATION_STYLE_ASSIGNMENT((#8467));
#8238=PRESENTATION_STYLE_ASSIGNMENT((#8468));
#8239=PRESENTATION_STYLE_ASSIGNMENT((#8469));
#8240=PRESENTATION_STYLE_ASSIGNMENT((#8470));
#8241=PRESENTATION_STYLE_ASSIGNMENT((#8471));
#8242=PRESENTATION_STYLE_ASSIGNMENT((#8472));
#8243=PRESENTATION_STYLE_ASSIGNMENT((#8473));
#8244=PRESENTATION_STYLE_ASSIGNMENT((#8474));
#8245=PRESENTATION_STYLE_ASSIGNMENT((#8475));
#8246=PRESENTATION_STYLE_ASSIGNMENT((#8476));
#8247=PRESENTATION_STYLE_ASSIGNMENT((#8477));
#8248=PRESENTATION_STYLE_ASSIGNMENT((#8478));
#8249=PRESENTATION_STYLE_ASSIGNMENT((#8479));
#8250=PRESENTATION_STYLE_ASSIGNMENT((#8480));
#8251=PRESENTATION_STYLE_ASSIGNMENT((#8481));
#8252=PRESENTATION_STYLE_ASSIGNMENT((#8482));
#8253=PRESENTATION_STYLE_ASSIGNMENT((#8483));
#8254=PRESENTATION_STYLE_ASSIGNMENT((#8484));
#8255=PRESENTATION_STYLE_ASSIGNMENT((#8485));
#8256=PRESENTATION_STYLE_ASSIGNMENT((#8486));
#8257=PRESENTATION_STYLE_ASSIGNMENT((#8487));
#8258=PRESENTATION_STYLE_ASSIGNMENT((#8488));
#8259=PRESENTATION_STYLE_ASSIGNMENT((#8489));
#8260=PRESENTATION_STYLE_ASSIGNMENT((#8490));
#8261=PRESENTATION_STYLE_ASSIGNMENT((#8491));
#8262=PRESENTATION_STYLE_ASSIGNMENT((#8492));
#8263=PRESENTATION_STYLE_ASSIGNMENT((#8493));
#8264=PRESENTATION_STYLE_ASSIGNMENT((#8494));
#8265=PRESENTATION_STYLE_ASSIGNMENT((#8495));
#8266=PRESENTATION_STYLE_ASSIGNMENT((#8496));
#8267=PRESENTATION_STYLE_ASSIGNMENT((#8497));
#8268=PRESENTATION_STYLE_ASSIGNMENT((#8498));
#8269=PRESENTATION_STYLE_ASSIGNMENT((#8499));
#8270=PRESENTATION_STYLE_ASSIGNMENT((#8500));
#8271=PRESENTATION_STYLE_ASSIGNMENT((#8501));
#8272=PRESENTATION_STYLE_ASSIGNMENT((#8502));
#8273=PRESENTATION_STYLE_ASSIGNMENT((#8503));
#8274=PRESENTATION_STYLE_ASSIGNMENT((#8504));
#8275=PRESENTATION_STYLE_ASSIGNMENT((#8505));
#8276=PRESENTATION_STYLE_ASSIGNMENT((#8506));
#8277=PRESENTATION_STYLE_ASSIGNMENT((#8507));
#8278=PRESENTATION_STYLE_ASSIGNMENT((#8508));
#8279=PRESENTATION_STYLE_ASSIGNMENT((#8509));
#8280=PRESENTATION_STYLE_ASSIGNMENT((#8510));
#8281=PRESENTATION_STYLE_ASSIGNMENT((#8511));
#8282=PRESENTATION_STYLE_ASSIGNMENT((#8512));
#8283=PRESENTATION_STYLE_ASSIGNMENT((#8513));
#8284=PRESENTATION_STYLE_ASSIGNMENT((#8514));
#8285=PRESENTATION_STYLE_ASSIGNMENT((#8515));
#8286=PRESENTATION_STYLE_ASSIGNMENT((#8516));
#8287=PRESENTATION_STYLE_ASSIGNMENT((#8517));
#8288=PRESENTATION_STYLE_ASSIGNMENT((#8518));
#8289=PRESENTATION_STYLE_ASSIGNMENT((#8519));
#8290=PRESENTATION_STYLE_ASSIGNMENT((#8520));
#8291=PRESENTATION_STYLE_ASSIGNMENT((#8521));
#8292=PRESENTATION_STYLE_ASSIGNMENT((#8522));
#8293=PRESENTATION_STYLE_ASSIGNMENT((#8523));
#8294=PRESENTATION_STYLE_ASSIGNMENT((#8524));
#8295=PRESENTATION_STYLE_ASSIGNMENT((#8525));
#8296=PRESENTATION_STYLE_ASSIGNMENT((#8526));
#8297=PRESENTATION_STYLE_ASSIGNMENT((#8527));
#8298=PRESENTATION_STYLE_ASSIGNMENT((#8528));
#8299=PRESENTATION_STYLE_ASSIGNMENT((#8529));
#8300=PRESENTATION_STYLE_ASSIGNMENT((#8530));
#8301=PRESENTATION_STYLE_ASSIGNMENT((#8531));
#8302=PRESENTATION_STYLE_ASSIGNMENT((#8532));
#8303=PRESENTATION_STYLE_ASSIGNMENT((#8533));
#8304=PRESENTATION_STYLE_ASSIGNMENT((#8534));
#8305=PRESENTATION_STYLE_ASSIGNMENT((#8535));
#8306=PRESENTATION_STYLE_ASSIGNMENT((#8536));
#8307=PRESENTATION_STYLE_ASSIGNMENT((#8537));
#8308=PRESENTATION_STYLE_ASSIGNMENT((#8538));
#8309=PRESENTATION_STYLE_ASSIGNMENT((#8539));
#8310=PRESENTATION_STYLE_ASSIGNMENT((#8540));
#8311=PRESENTATION_STYLE_ASSIGNMENT((#8541));
#8312=PRESENTATION_STYLE_ASSIGNMENT((#8542));
#8313=PRESENTATION_STYLE_ASSIGNMENT((#8543));
#8314=PRESENTATION_STYLE_ASSIGNMENT((#8544));
#8315=PRESENTATION_STYLE_ASSIGNMENT((#8545));
#8316=PRESENTATION_STYLE_ASSIGNMENT((#8546));
#8317=PRESENTATION_STYLE_ASSIGNMENT((#8547));
#8318=PRESENTATION_STYLE_ASSIGNMENT((#8548));
#8319=PRESENTATION_STYLE_ASSIGNMENT((#8549));
#8320=PRESENTATION_STYLE_ASSIGNMENT((#8550));
#8321=PRESENTATION_STYLE_ASSIGNMENT((#8551));
#8322=PRESENTATION_STYLE_ASSIGNMENT((#8552));
#8323=PRESENTATION_STYLE_ASSIGNMENT((#8553));
#8324=PRESENTATION_STYLE_ASSIGNMENT((#8554));
#8325=PRESENTATION_STYLE_ASSIGNMENT((#8555));
#8326=PRESENTATION_STYLE_ASSIGNMENT((#8556));
#8327=PRESENTATION_STYLE_ASSIGNMENT((#8557));
#8328=PRESENTATION_STYLE_ASSIGNMENT((#8558));
#8329=PRESENTATION_STYLE_ASSIGNMENT((#8559));
#8330=PRESENTATION_STYLE_ASSIGNMENT((#8560));
#8331=PRESENTATION_STYLE_ASSIGNMENT((#8561));
#8332=PRESENTATION_STYLE_ASSIGNMENT((#8562));
#8333=PRESENTATION_STYLE_ASSIGNMENT((#8563));
#8334=PRESENTATION_STYLE_ASSIGNMENT((#8564));
#8335=PRESENTATION_STYLE_ASSIGNMENT((#8565));
#8336=PRESENTATION_STYLE_ASSIGNMENT((#8566));
#8337=PRESENTATION_STYLE_ASSIGNMENT((#8567));
#8338=PRESENTATION_STYLE_ASSIGNMENT((#8568));
#8339=PRESENTATION_STYLE_ASSIGNMENT((#8569));
#8340=PRESENTATION_STYLE_ASSIGNMENT((#8570));
#8341=PRESENTATION_STYLE_ASSIGNMENT((#8571));
#8342=PRESENTATION_STYLE_ASSIGNMENT((#8572));
#8343=PRESENTATION_STYLE_ASSIGNMENT((#8573));
#8344=PRESENTATION_STYLE_ASSIGNMENT((#8574));
#8345=PRESENTATION_STYLE_ASSIGNMENT((#8575));
#8346=PRESENTATION_STYLE_ASSIGNMENT((#8576));
#8347=PRESENTATION_STYLE_ASSIGNMENT((#8577));
#8348=SURFACE_STYLE_USAGE(.BOTH.,#8578);
#8349=SURFACE_STYLE_USAGE(.BOTH.,#8579);
#8350=SURFACE_STYLE_USAGE(.BOTH.,#8580);
#8351=SURFACE_STYLE_USAGE(.BOTH.,#8581);
#8352=SURFACE_STYLE_USAGE(.BOTH.,#8582);
#8353=SURFACE_STYLE_USAGE(.BOTH.,#8583);
#8354=SURFACE_STYLE_USAGE(.BOTH.,#8584);
#8355=SURFACE_STYLE_USAGE(.BOTH.,#8585);
#8356=SURFACE_STYLE_USAGE(.BOTH.,#8586);
#8357=SURFACE_STYLE_USAGE(.BOTH.,#8587);
#8358=SURFACE_STYLE_USAGE(.BOTH.,#8588);
#8359=SURFACE_STYLE_USAGE(.BOTH.,#8589);
#8360=SURFACE_STYLE_USAGE(.BOTH.,#8590);
#8361=SURFACE_STYLE_USAGE(.BOTH.,#8591);
#8362=SURFACE_STYLE_USAGE(.BOTH.,#8592);
#8363=SURFACE_STYLE_USAGE(.BOTH.,#8593);
#8364=SURFACE_STYLE_USAGE(.BOTH.,#8594);
#8365=SURFACE_STYLE_USAGE(.BOTH.,#8595);
#8366=SURFACE_STYLE_USAGE(.BOTH.,#8596);
#8367=SURFACE_STYLE_USAGE(.BOTH.,#8597);
#8368=SURFACE_STYLE_USAGE(.BOTH.,#8598);
#8369=SURFACE_STYLE_USAGE(.BOTH.,#8599);
#8370=SURFACE_STYLE_USAGE(.BOTH.,#8600);
#8371=SURFACE_STYLE_USAGE(.BOTH.,#8601);
#8372=SURFACE_STYLE_USAGE(.BOTH.,#8602);
#8373=SURFACE_STYLE_USAGE(.BOTH.,#8603);
#8374=SURFACE_STYLE_USAGE(.BOTH.,#8604);
#8375=SURFACE_STYLE_USAGE(.BOTH.,#8605);
#8376=SURFACE_STYLE_USAGE(.BOTH.,#8606);
#8377=SURFACE_STYLE_USAGE(.BOTH.,#8607);
#8378=SURFACE_STYLE_USAGE(.BOTH.,#8608);
#8379=SURFACE_STYLE_USAGE(.BOTH.,#8609);
#8380=SURFACE_STYLE_USAGE(.BOTH.,#8610);
#8381=SURFACE_STYLE_USAGE(.BOTH.,#8611);
#8382=SURFACE_STYLE_USAGE(.BOTH.,#8612);
#8383=SURFACE_STYLE_USAGE(.BOTH.,#8613);
#8384=SURFACE_STYLE_USAGE(.BOTH.,#8614);
#8385=SURFACE_STYLE_USAGE(.BOTH.,#8615);
#8386=SURFACE_STYLE_USAGE(.BOTH.,#8616);
#8387=SURFACE_STYLE_USAGE(.BOTH.,#8617);
#8388=SURFACE_STYLE_USAGE(.BOTH.,#8618);
#8389=SURFACE_STYLE_USAGE(.BOTH.,#8619);
#8390=SURFACE_STYLE_USAGE(.BOTH.,#8620);
#8391=SURFACE_STYLE_USAGE(.BOTH.,#8621);
#8392=SURFACE_STYLE_USAGE(.BOTH.,#8622);
#8393=SURFACE_STYLE_USAGE(.BOTH.,#8623);
#8394=SURFACE_STYLE_USAGE(.BOTH.,#8624);
#8395=SURFACE_STYLE_USAGE(.BOTH.,#8625);
#8396=SURFACE_STYLE_USAGE(.BOTH.,#8626);
#8397=SURFACE_STYLE_USAGE(.BOTH.,#8627);
#8398=SURFACE_STYLE_USAGE(.BOTH.,#8628);
#8399=SURFACE_STYLE_USAGE(.BOTH.,#8629);
#8400=SURFACE_STYLE_USAGE(.BOTH.,#8630);
#8401=SURFACE_STYLE_USAGE(.BOTH.,#8631);
#8402=SURFACE_STYLE_USAGE(.BOTH.,#8632);
#8403=SURFACE_STYLE_USAGE(.BOTH.,#8633);
#8404=SURFACE_STYLE_USAGE(.BOTH.,#8634);
#8405=SURFACE_STYLE_USAGE(.BOTH.,#8635);
#8406=SURFACE_STYLE_USAGE(.BOTH.,#8636);
#8407=SURFACE_STYLE_USAGE(.BOTH.,#8637);
#8408=SURFACE_STYLE_USAGE(.BOTH.,#8638);
#8409=SURFACE_STYLE_USAGE(.BOTH.,#8639);
#8410=SURFACE_STYLE_USAGE(.BOTH.,#8640);
#8411=SURFACE_STYLE_USAGE(.BOTH.,#8641);
#8412=SURFACE_STYLE_USAGE(.BOTH.,#8642);
#8413=SURFACE_STYLE_USAGE(.BOTH.,#8643);
#8414=SURFACE_STYLE_USAGE(.BOTH.,#8644);
#8415=SURFACE_STYLE_USAGE(.BOTH.,#8645);
#8416=SURFACE_STYLE_USAGE(.BOTH.,#8646);
#8417=SURFACE_STYLE_USAGE(.BOTH.,#8647);
#8418=SURFACE_STYLE_USAGE(.BOTH.,#8648);
#8419=SURFACE_STYLE_USAGE(.BOTH.,#8649);
#8420=SURFACE_STYLE_USAGE(.BOTH.,#8650);
#8421=SURFACE_STYLE_USAGE(.BOTH.,#8651);
#8422=SURFACE_STYLE_USAGE(.BOTH.,#8652);
#8423=SURFACE_STYLE_USAGE(.BOTH.,#8653);
#8424=SURFACE_STYLE_USAGE(.BOTH.,#8654);
#8425=SURFACE_STYLE_USAGE(.BOTH.,#8655);
#8426=SURFACE_STYLE_USAGE(.BOTH.,#8656);
#8427=SURFACE_STYLE_USAGE(.BOTH.,#8657);
#8428=SURFACE_STYLE_USAGE(.BOTH.,#8658);
#8429=SURFACE_STYLE_USAGE(.BOTH.,#8659);
#8430=SURFACE_STYLE_USAGE(.BOTH.,#8660);
#8431=SURFACE_STYLE_USAGE(.BOTH.,#8661);
#8432=SURFACE_STYLE_USAGE(.BOTH.,#8662);
#8433=SURFACE_STYLE_USAGE(.BOTH.,#8663);
#8434=SURFACE_STYLE_USAGE(.BOTH.,#8664);
#8435=SURFACE_STYLE_USAGE(.BOTH.,#8665);
#8436=SURFACE_STYLE_USAGE(.BOTH.,#8666);
#8437=SURFACE_STYLE_USAGE(.BOTH.,#8667);
#8438=SURFACE_STYLE_USAGE(.BOTH.,#8668);
#8439=SURFACE_STYLE_USAGE(.BOTH.,#8669);
#8440=SURFACE_STYLE_USAGE(.BOTH.,#8670);
#8441=SURFACE_STYLE_USAGE(.BOTH.,#8671);
#8442=SURFACE_STYLE_USAGE(.BOTH.,#8672);
#8443=SURFACE_STYLE_USAGE(.BOTH.,#8673);
#8444=SURFACE_STYLE_USAGE(.BOTH.,#8674);
#8445=SURFACE_STYLE_USAGE(.BOTH.,#8675);
#8446=SURFACE_STYLE_USAGE(.BOTH.,#8676);
#8447=SURFACE_STYLE_USAGE(.BOTH.,#8677);
#8448=SURFACE_STYLE_USAGE(.BOTH.,#8678);
#8449=SURFACE_STYLE_USAGE(.BOTH.,#8679);
#8450=SURFACE_STYLE_USAGE(.BOTH.,#8680);
#8451=SURFACE_STYLE_USAGE(.BOTH.,#8681);
#8452=SURFACE_STYLE_USAGE(.BOTH.,#8682);
#8453=SURFACE_STYLE_USAGE(.BOTH.,#8683);
#8454=SURFACE_STYLE_USAGE(.BOTH.,#8684);
#8455=SURFACE_STYLE_USAGE(.BOTH.,#8685);
#8456=SURFACE_STYLE_USAGE(.BOTH.,#8686);
#8457=SURFACE_STYLE_USAGE(.BOTH.,#8687);
#8458=SURFACE_STYLE_USAGE(.BOTH.,#8688);
#8459=SURFACE_STYLE_USAGE(.BOTH.,#8689);
#8460=SURFACE_STYLE_USAGE(.BOTH.,#8690);
#8461=SURFACE_STYLE_USAGE(.BOTH.,#8691);
#8462=SURFACE_STYLE_USAGE(.BOTH.,#8692);
#8463=SURFACE_STYLE_USAGE(.BOTH.,#8693);
#8464=SURFACE_STYLE_USAGE(.BOTH.,#8694);
#8465=SURFACE_STYLE_USAGE(.BOTH.,#8695);
#8466=SURFACE_STYLE_USAGE(.BOTH.,#8696);
#8467=SURFACE_STYLE_USAGE(.BOTH.,#8697);
#8468=SURFACE_STYLE_USAGE(.BOTH.,#8698);
#8469=SURFACE_STYLE_USAGE(.BOTH.,#8699);
#8470=SURFACE_STYLE_USAGE(.BOTH.,#8700);
#8471=SURFACE_STYLE_USAGE(.BOTH.,#8701);
#8472=SURFACE_STYLE_USAGE(.BOTH.,#8702);
#8473=SURFACE_STYLE_USAGE(.BOTH.,#8703);
#8474=SURFACE_STYLE_USAGE(.BOTH.,#8704);
#8475=SURFACE_STYLE_USAGE(.BOTH.,#8705);
#8476=SURFACE_STYLE_USAGE(.BOTH.,#8706);
#8477=SURFACE_STYLE_USAGE(.BOTH.,#8707);
#8478=SURFACE_STYLE_USAGE(.BOTH.,#8708);
#8479=SURFACE_STYLE_USAGE(.BOTH.,#8709);
#8480=SURFACE_STYLE_USAGE(.BOTH.,#8710);
#8481=SURFACE_STYLE_USAGE(.BOTH.,#8711);
#8482=SURFACE_STYLE_USAGE(.BOTH.,#8712);
#8483=SURFACE_STYLE_USAGE(.BOTH.,#8713);
#8484=SURFACE_STYLE_USAGE(.BOTH.,#8714);
#8485=SURFACE_STYLE_USAGE(.BOTH.,#8715);
#8486=SURFACE_STYLE_USAGE(.BOTH.,#8716);
#8487=SURFACE_STYLE_USAGE(.BOTH.,#8717);
#8488=SURFACE_STYLE_USAGE(.BOTH.,#8718);
#8489=SURFACE_STYLE_USAGE(.BOTH.,#8719);
#8490=SURFACE_STYLE_USAGE(.BOTH.,#8720);
#8491=SURFACE_STYLE_USAGE(.BOTH.,#8721);
#8492=SURFACE_STYLE_USAGE(.BOTH.,#8722);
#8493=SURFACE_STYLE_USAGE(.BOTH.,#8723);
#8494=SURFACE_STYLE_USAGE(.BOTH.,#8724);
#8495=SURFACE_STYLE_USAGE(.BOTH.,#8725);
#8496=SURFACE_STYLE_USAGE(.BOTH.,#8726);
#8497=SURFACE_STYLE_USAGE(.BOTH.,#8727);
#8498=SURFACE_STYLE_USAGE(.BOTH.,#8728);
#8499=SURFACE_STYLE_USAGE(.BOTH.,#8729);
#8500=SURFACE_STYLE_USAGE(.BOTH.,#8730);
#8501=SURFACE_STYLE_USAGE(.BOTH.,#8731);
#8502=SURFACE_STYLE_USAGE(.BOTH.,#8732);
#8503=SURFACE_STYLE_USAGE(.BOTH.,#8733);
#8504=SURFACE_STYLE_USAGE(.BOTH.,#8734);
#8505=SURFACE_STYLE_USAGE(.BOTH.,#8735);
#8506=SURFACE_STYLE_USAGE(.BOTH.,#8736);
#8507=SURFACE_STYLE_USAGE(.BOTH.,#8737);
#8508=SURFACE_STYLE_USAGE(.BOTH.,#8738);
#8509=SURFACE_STYLE_USAGE(.BOTH.,#8739);
#8510=SURFACE_STYLE_USAGE(.BOTH.,#8740);
#8511=SURFACE_STYLE_USAGE(.BOTH.,#8741);
#8512=SURFACE_STYLE_USAGE(.BOTH.,#8742);
#8513=SURFACE_STYLE_USAGE(.BOTH.,#8743);
#8514=SURFACE_STYLE_USAGE(.BOTH.,#8744);
#8515=SURFACE_STYLE_USAGE(.BOTH.,#8745);
#8516=SURFACE_STYLE_USAGE(.BOTH.,#8746);
#8517=SURFACE_STYLE_USAGE(.BOTH.,#8747);
#8518=SURFACE_STYLE_USAGE(.BOTH.,#8748);
#8519=SURFACE_STYLE_USAGE(.BOTH.,#8749);
#8520=SURFACE_STYLE_USAGE(.BOTH.,#8750);
#8521=SURFACE_STYLE_USAGE(.BOTH.,#8751);
#8522=SURFACE_STYLE_USAGE(.BOTH.,#8752);
#8523=SURFACE_STYLE_USAGE(.BOTH.,#8753);
#8524=SURFACE_STYLE_USAGE(.BOTH.,#8754);
#8525=SURFACE_STYLE_USAGE(.BOTH.,#8755);
#8526=SURFACE_STYLE_USAGE(.BOTH.,#8756);
#8527=SURFACE_STYLE_USAGE(.BOTH.,#8757);
#8528=SURFACE_STYLE_USAGE(.BOTH.,#8758);
#8529=SURFACE_STYLE_USAGE(.BOTH.,#8759);
#8530=SURFACE_STYLE_USAGE(.BOTH.,#8760);
#8531=SURFACE_STYLE_USAGE(.BOTH.,#8761);
#8532=SURFACE_STYLE_USAGE(.BOTH.,#8762);
#8533=SURFACE_STYLE_USAGE(.BOTH.,#8763);
#8534=SURFACE_STYLE_USAGE(.BOTH.,#8764);
#8535=SURFACE_STYLE_USAGE(.BOTH.,#8765);
#8536=SURFACE_STYLE_USAGE(.BOTH.,#8766);
#8537=SURFACE_STYLE_USAGE(.BOTH.,#8767);
#8538=SURFACE_STYLE_USAGE(.BOTH.,#8768);
#8539=SURFACE_STYLE_USAGE(.BOTH.,#8769);
#8540=SURFACE_STYLE_USAGE(.BOTH.,#8770);
#8541=SURFACE_STYLE_USAGE(.BOTH.,#8771);
#8542=SURFACE_STYLE_USAGE(.BOTH.,#8772);
#8543=SURFACE_STYLE_USAGE(.BOTH.,#8773);
#8544=SURFACE_STYLE_USAGE(.BOTH.,#8774);
#8545=SURFACE_STYLE_USAGE(.BOTH.,#8775);
#8546=SURFACE_STYLE_USAGE(.BOTH.,#8776);
#8547=SURFACE_STYLE_USAGE(.BOTH.,#8777);
#8548=SURFACE_STYLE_USAGE(.BOTH.,#8778);
#8549=SURFACE_STYLE_USAGE(.BOTH.,#8779);
#8550=SURFACE_STYLE_USAGE(.BOTH.,#8780);
#8551=SURFACE_STYLE_USAGE(.BOTH.,#8781);
#8552=SURFACE_STYLE_USAGE(.BOTH.,#8782);
#8553=SURFACE_STYLE_USAGE(.BOTH.,#8783);
#8554=SURFACE_STYLE_USAGE(.BOTH.,#8784);
#8555=SURFACE_STYLE_USAGE(.BOTH.,#8785);
#8556=SURFACE_STYLE_USAGE(.BOTH.,#8786);
#8557=SURFACE_STYLE_USAGE(.BOTH.,#8787);
#8558=SURFACE_STYLE_USAGE(.BOTH.,#8788);
#8559=SURFACE_STYLE_USAGE(.BOTH.,#8789);
#8560=SURFACE_STYLE_USAGE(.BOTH.,#8790);
#8561=SURFACE_STYLE_USAGE(.BOTH.,#8791);
#8562=SURFACE_STYLE_USAGE(.BOTH.,#8792);
#8563=SURFACE_STYLE_USAGE(.BOTH.,#8793);
#8564=SURFACE_STYLE_USAGE(.BOTH.,#8794);
#8565=SURFACE_STYLE_USAGE(.BOTH.,#8795);
#8566=SURFACE_STYLE_USAGE(.BOTH.,#8796);
#8567=SURFACE_STYLE_USAGE(.BOTH.,#8797);
#8568=SURFACE_STYLE_USAGE(.BOTH.,#8798);
#8569=SURFACE_STYLE_USAGE(.BOTH.,#8799);
#8570=SURFACE_STYLE_USAGE(.BOTH.,#8800);
#8571=SURFACE_STYLE_USAGE(.BOTH.,#8801);
#8572=SURFACE_STYLE_USAGE(.BOTH.,#8802);
#8573=SURFACE_STYLE_USAGE(.BOTH.,#8803);
#8574=SURFACE_STYLE_USAGE(.BOTH.,#8804);
#8575=SURFACE_STYLE_USAGE(.BOTH.,#8805);
#8576=SURFACE_STYLE_USAGE(.BOTH.,#8806);
#8577=SURFACE_STYLE_USAGE(.BOTH.,#8807);
#8578=SURFACE_SIDE_STYLE('',(#8808));
#8579=SURFACE_SIDE_STYLE('',(#8809));
#8580=SURFACE_SIDE_STYLE('',(#8810));
#8581=SURFACE_SIDE_STYLE('',(#8811));
#8582=SURFACE_SIDE_STYLE('',(#8812));
#8583=SURFACE_SIDE_STYLE('',(#8813));
#8584=SURFACE_SIDE_STYLE('',(#8814));
#8585=SURFACE_SIDE_STYLE('',(#8815));
#8586=SURFACE_SIDE_STYLE('',(#8816));
#8587=SURFACE_SIDE_STYLE('',(#8817));
#8588=SURFACE_SIDE_STYLE('',(#8818));
#8589=SURFACE_SIDE_STYLE('',(#8819));
#8590=SURFACE_SIDE_STYLE('',(#8820));
#8591=SURFACE_SIDE_STYLE('',(#8821));
#8592=SURFACE_SIDE_STYLE('',(#8822));
#8593=SURFACE_SIDE_STYLE('',(#8823));
#8594=SURFACE_SIDE_STYLE('',(#8824));
#8595=SURFACE_SIDE_STYLE('',(#8825));
#8596=SURFACE_SIDE_STYLE('',(#8826));
#8597=SURFACE_SIDE_STYLE('',(#8827));
#8598=SURFACE_SIDE_STYLE('',(#8828));
#8599=SURFACE_SIDE_STYLE('',(#8829));
#8600=SURFACE_SIDE_STYLE('',(#8830));
#8601=SURFACE_SIDE_STYLE('',(#8831));
#8602=SURFACE_SIDE_STYLE('',(#8832));
#8603=SURFACE_SIDE_STYLE('',(#8833));
#8604=SURFACE_SIDE_STYLE('',(#8834));
#8605=SURFACE_SIDE_STYLE('',(#8835));
#8606=SURFACE_SIDE_STYLE('',(#8836));
#8607=SURFACE_SIDE_STYLE('',(#8837));
#8608=SURFACE_SIDE_STYLE('',(#8838));
#8609=SURFACE_SIDE_STYLE('',(#8839));
#8610=SURFACE_SIDE_STYLE('',(#8840));
#8611=SURFACE_SIDE_STYLE('',(#8841));
#8612=SURFACE_SIDE_STYLE('',(#8842));
#8613=SURFACE_SIDE_STYLE('',(#8843));
#8614=SURFACE_SIDE_STYLE('',(#8844));
#8615=SURFACE_SIDE_STYLE('',(#8845));
#8616=SURFACE_SIDE_STYLE('',(#8846));
#8617=SURFACE_SIDE_STYLE('',(#8847));
#8618=SURFACE_SIDE_STYLE('',(#8848));
#8619=SURFACE_SIDE_STYLE('',(#8849));
#8620=SURFACE_SIDE_STYLE('',(#8850));
#8621=SURFACE_SIDE_STYLE('',(#8851));
#8622=SURFACE_SIDE_STYLE('',(#8852));
#8623=SURFACE_SIDE_STYLE('',(#8853));
#8624=SURFACE_SIDE_STYLE('',(#8854));
#8625=SURFACE_SIDE_STYLE('',(#8855));
#8626=SURFACE_SIDE_STYLE('',(#8856));
#8627=SURFACE_SIDE_STYLE('',(#8857));
#8628=SURFACE_SIDE_STYLE('',(#8858));
#8629=SURFACE_SIDE_STYLE('',(#8859));
#8630=SURFACE_SIDE_STYLE('',(#8860));
#8631=SURFACE_SIDE_STYLE('',(#8861));
#8632=SURFACE_SIDE_STYLE('',(#8862));
#8633=SURFACE_SIDE_STYLE('',(#8863));
#8634=SURFACE_SIDE_STYLE('',(#8864));
#8635=SURFACE_SIDE_STYLE('',(#8865));
#8636=SURFACE_SIDE_STYLE('',(#8866));
#8637=SURFACE_SIDE_STYLE('',(#8867));
#8638=SURFACE_SIDE_STYLE('',(#8868));
#8639=SURFACE_SIDE_STYLE('',(#8869));
#8640=SURFACE_SIDE_STYLE('',(#8870));
#8641=SURFACE_SIDE_STYLE('',(#8871));
#8642=SURFACE_SIDE_STYLE('',(#8872));
#8643=SURFACE_SIDE_STYLE('',(#8873));
#8644=SURFACE_SIDE_STYLE('',(#8874));
#8645=SURFACE_SIDE_STYLE('',(#8875));
#8646=SURFACE_SIDE_STYLE('',(#8876));
#8647=SURFACE_SIDE_STYLE('',(#8877));
#8648=SURFACE_SIDE_STYLE('',(#8878));
#8649=SURFACE_SIDE_STYLE('',(#8879));
#8650=SURFACE_SIDE_STYLE('',(#8880));
#8651=SURFACE_SIDE_STYLE('',(#8881));
#8652=SURFACE_SIDE_STYLE('',(#8882));
#8653=SURFACE_SIDE_STYLE('',(#8883));
#8654=SURFACE_SIDE_STYLE('',(#8884));
#8655=SURFACE_SIDE_STYLE('',(#8885));
#8656=SURFACE_SIDE_STYLE('',(#8886));
#8657=SURFACE_SIDE_STYLE('',(#8887));
#8658=SURFACE_SIDE_STYLE('',(#8888));
#8659=SURFACE_SIDE_STYLE('',(#8889));
#8660=SURFACE_SIDE_STYLE('',(#8890));
#8661=SURFACE_SIDE_STYLE('',(#8891));
#8662=SURFACE_SIDE_STYLE('',(#8892));
#8663=SURFACE_SIDE_STYLE('',(#8893));
#8664=SURFACE_SIDE_STYLE('',(#8894));
#8665=SURFACE_SIDE_STYLE('',(#8895));
#8666=SURFACE_SIDE_STYLE('',(#8896));
#8667=SURFACE_SIDE_STYLE('',(#8897));
#8668=SURFACE_SIDE_STYLE('',(#8898));
#8669=SURFACE_SIDE_STYLE('',(#8899));
#8670=SURFACE_SIDE_STYLE('',(#8900));
#8671=SURFACE_SIDE_STYLE('',(#8901));
#8672=SURFACE_SIDE_STYLE('',(#8902));
#8673=SURFACE_SIDE_STYLE('',(#8903));
#8674=SURFACE_SIDE_STYLE('',(#8904));
#8675=SURFACE_SIDE_STYLE('',(#8905));
#8676=SURFACE_SIDE_STYLE('',(#8906));
#8677=SURFACE_SIDE_STYLE('',(#8907));
#8678=SURFACE_SIDE_STYLE('',(#8908));
#8679=SURFACE_SIDE_STYLE('',(#8909));
#8680=SURFACE_SIDE_STYLE('',(#8910));
#8681=SURFACE_SIDE_STYLE('',(#8911));
#8682=SURFACE_SIDE_STYLE('',(#8912));
#8683=SURFACE_SIDE_STYLE('',(#8913));
#8684=SURFACE_SIDE_STYLE('',(#8914));
#8685=SURFACE_SIDE_STYLE('',(#8915));
#8686=SURFACE_SIDE_STYLE('',(#8916));
#8687=SURFACE_SIDE_STYLE('',(#8917));
#8688=SURFACE_SIDE_STYLE('',(#8918));
#8689=SURFACE_SIDE_STYLE('',(#8919));
#8690=SURFACE_SIDE_STYLE('',(#8920));
#8691=SURFACE_SIDE_STYLE('',(#8921));
#8692=SURFACE_SIDE_STYLE('',(#8922));
#8693=SURFACE_SIDE_STYLE('',(#8923));
#8694=SURFACE_SIDE_STYLE('',(#8924));
#8695=SURFACE_SIDE_STYLE('',(#8925));
#8696=SURFACE_SIDE_STYLE('',(#8926));
#8697=SURFACE_SIDE_STYLE('',(#8927));
#8698=SURFACE_SIDE_STYLE('',(#8928));
#8699=SURFACE_SIDE_STYLE('',(#8929));
#8700=SURFACE_SIDE_STYLE('',(#8930));
#8701=SURFACE_SIDE_STYLE('',(#8931));
#8702=SURFACE_SIDE_STYLE('',(#8932));
#8703=SURFACE_SIDE_STYLE('',(#8933));
#8704=SURFACE_SIDE_STYLE('',(#8934));
#8705=SURFACE_SIDE_STYLE('',(#8935));
#8706=SURFACE_SIDE_STYLE('',(#8936));
#8707=SURFACE_SIDE_STYLE('',(#8937));
#8708=SURFACE_SIDE_STYLE('',(#8938));
#8709=SURFACE_SIDE_STYLE('',(#8939));
#8710=SURFACE_SIDE_STYLE('',(#8940));
#8711=SURFACE_SIDE_STYLE('',(#8941));
#8712=SURFACE_SIDE_STYLE('',(#8942));
#8713=SURFACE_SIDE_STYLE('',(#8943));
#8714=SURFACE_SIDE_STYLE('',(#8944));
#8715=SURFACE_SIDE_STYLE('',(#8945));
#8716=SURFACE_SIDE_STYLE('',(#8946));
#8717=SURFACE_SIDE_STYLE('',(#8947));
#8718=SURFACE_SIDE_STYLE('',(#8948));
#8719=SURFACE_SIDE_STYLE('',(#8949));
#8720=SURFACE_SIDE_STYLE('',(#8950));
#8721=SURFACE_SIDE_STYLE('',(#8951));
#8722=SURFACE_SIDE_STYLE('',(#8952));
#8723=SURFACE_SIDE_STYLE('',(#8953));
#8724=SURFACE_SIDE_STYLE('',(#8954));
#8725=SURFACE_SIDE_STYLE('',(#8955));
#8726=SURFACE_SIDE_STYLE('',(#8956));
#8727=SURFACE_SIDE_STYLE('',(#8957));
#8728=SURFACE_SIDE_STYLE('',(#8958));
#8729=SURFACE_SIDE_STYLE('',(#8959));
#8730=SURFACE_SIDE_STYLE('',(#8960));
#8731=SURFACE_SIDE_STYLE('',(#8961));
#8732=SURFACE_SIDE_STYLE('',(#8962));
#8733=SURFACE_SIDE_STYLE('',(#8963));
#8734=SURFACE_SIDE_STYLE('',(#8964));
#8735=SURFACE_SIDE_STYLE('',(#8965));
#8736=SURFACE_SIDE_STYLE('',(#8966));
#8737=SURFACE_SIDE_STYLE('',(#8967));
#8738=SURFACE_SIDE_STYLE('',(#8968));
#8739=SURFACE_SIDE_STYLE('',(#8969));
#8740=SURFACE_SIDE_STYLE('',(#8970));
#8741=SURFACE_SIDE_STYLE('',(#8971));
#8742=SURFACE_SIDE_STYLE('',(#8972));
#8743=SURFACE_SIDE_STYLE('',(#8973));
#8744=SURFACE_SIDE_STYLE('',(#8974));
#8745=SURFACE_SIDE_STYLE('',(#8975));
#8746=SURFACE_SIDE_STYLE('',(#8976));
#8747=SURFACE_SIDE_STYLE('',(#8977));
#8748=SURFACE_SIDE_STYLE('',(#8978));
#8749=SURFACE_SIDE_STYLE('',(#8979));
#8750=SURFACE_SIDE_STYLE('',(#8980));
#8751=SURFACE_SIDE_STYLE('',(#8981));
#8752=SURFACE_SIDE_STYLE('',(#8982));
#8753=SURFACE_SIDE_STYLE('',(#8983));
#8754=SURFACE_SIDE_STYLE('',(#8984));
#8755=SURFACE_SIDE_STYLE('',(#8985));
#8756=SURFACE_SIDE_STYLE('',(#8986));
#8757=SURFACE_SIDE_STYLE('',(#8987));
#8758=SURFACE_SIDE_STYLE('',(#8988));
#8759=SURFACE_SIDE_STYLE('',(#8989));
#8760=SURFACE_SIDE_STYLE('',(#8990));
#8761=SURFACE_SIDE_STYLE('',(#8991));
#8762=SURFACE_SIDE_STYLE('',(#8992));
#8763=SURFACE_SIDE_STYLE('',(#8993));
#8764=SURFACE_SIDE_STYLE('',(#8994));
#8765=SURFACE_SIDE_STYLE('',(#8995));
#8766=SURFACE_SIDE_STYLE('',(#8996));
#8767=SURFACE_SIDE_STYLE('',(#8997));
#8768=SURFACE_SIDE_STYLE('',(#8998));
#8769=SURFACE_SIDE_STYLE('',(#8999));
#8770=SURFACE_SIDE_STYLE('',(#9000));
#8771=SURFACE_SIDE_STYLE('',(#9001));
#8772=SURFACE_SIDE_STYLE('',(#9002));
#8773=SURFACE_SIDE_STYLE('',(#9003));
#8774=SURFACE_SIDE_STYLE('',(#9004));
#8775=SURFACE_SIDE_STYLE('',(#9005));
#8776=SURFACE_SIDE_STYLE('',(#9006));
#8777=SURFACE_SIDE_STYLE('',(#9007));
#8778=SURFACE_SIDE_STYLE('',(#9008));
#8779=SURFACE_SIDE_STYLE('',(#9009));
#8780=SURFACE_SIDE_STYLE('',(#9010));
#8781=SURFACE_SIDE_STYLE('',(#9011));
#8782=SURFACE_SIDE_STYLE('',(#9012));
#8783=SURFACE_SIDE_STYLE('',(#9013));
#8784=SURFACE_SIDE_STYLE('',(#9014));
#8785=SURFACE_SIDE_STYLE('',(#9015));
#8786=SURFACE_SIDE_STYLE('',(#9016));
#8787=SURFACE_SIDE_STYLE('',(#9017));
#8788=SURFACE_SIDE_STYLE('',(#9018));
#8789=SURFACE_SIDE_STYLE('',(#9019));
#8790=SURFACE_SIDE_STYLE('',(#9020));
#8791=SURFACE_SIDE_STYLE('',(#9021));
#8792=SURFACE_SIDE_STYLE('',(#9022));
#8793=SURFACE_SIDE_STYLE('',(#9023));
#8794=SURFACE_SIDE_STYLE('',(#9024));
#8795=SURFACE_SIDE_STYLE('',(#9025));
#8796=SURFACE_SIDE_STYLE('',(#9026));
#8797=SURFACE_SIDE_STYLE('',(#9027));
#8798=SURFACE_SIDE_STYLE('',(#9028));
#8799=SURFACE_SIDE_STYLE('',(#9029));
#8800=SURFACE_SIDE_STYLE('',(#9030));
#8801=SURFACE_SIDE_STYLE('',(#9031));
#8802=SURFACE_SIDE_STYLE('',(#9032));
#8803=SURFACE_SIDE_STYLE('',(#9033));
#8804=SURFACE_SIDE_STYLE('',(#9034));
#8805=SURFACE_SIDE_STYLE('',(#9035));
#8806=SURFACE_SIDE_STYLE('',(#9036));
#8807=SURFACE_SIDE_STYLE('',(#9037));
#8808=SURFACE_STYLE_FILL_AREA(#9038);
#8809=SURFACE_STYLE_FILL_AREA(#9039);
#8810=SURFACE_STYLE_FILL_AREA(#9040);
#8811=SURFACE_STYLE_FILL_AREA(#9041);
#8812=SURFACE_STYLE_FILL_AREA(#9042);
#8813=SURFACE_STYLE_FILL_AREA(#9043);
#8814=SURFACE_STYLE_FILL_AREA(#9044);
#8815=SURFACE_STYLE_FILL_AREA(#9045);
#8816=SURFACE_STYLE_FILL_AREA(#9046);
#8817=SURFACE_STYLE_FILL_AREA(#9047);
#8818=SURFACE_STYLE_FILL_AREA(#9048);
#8819=SURFACE_STYLE_FILL_AREA(#9049);
#8820=SURFACE_STYLE_FILL_AREA(#9050);
#8821=SURFACE_STYLE_FILL_AREA(#9051);
#8822=SURFACE_STYLE_FILL_AREA(#9052);
#8823=SURFACE_STYLE_FILL_AREA(#9053);
#8824=SURFACE_STYLE_FILL_AREA(#9054);
#8825=SURFACE_STYLE_FILL_AREA(#9055);
#8826=SURFACE_STYLE_FILL_AREA(#9056);
#8827=SURFACE_STYLE_FILL_AREA(#9057);
#8828=SURFACE_STYLE_FILL_AREA(#9058);
#8829=SURFACE_STYLE_FILL_AREA(#9059);
#8830=SURFACE_STYLE_FILL_AREA(#9060);
#8831=SURFACE_STYLE_FILL_AREA(#9061);
#8832=SURFACE_STYLE_FILL_AREA(#9062);
#8833=SURFACE_STYLE_FILL_AREA(#9063);
#8834=SURFACE_STYLE_FILL_AREA(#9064);
#8835=SURFACE_STYLE_FILL_AREA(#9065);
#8836=SURFACE_STYLE_FILL_AREA(#9066);
#8837=SURFACE_STYLE_FILL_AREA(#9067);
#8838=SURFACE_STYLE_FILL_AREA(#9068);
#8839=SURFACE_STYLE_FILL_AREA(#9069);
#8840=SURFACE_STYLE_FILL_AREA(#9070);
#8841=SURFACE_STYLE_FILL_AREA(#9071);
#8842=SURFACE_STYLE_FILL_AREA(#9072);
#8843=SURFACE_STYLE_FILL_AREA(#9073);
#8844=SURFACE_STYLE_FILL_AREA(#9074);
#8845=SURFACE_STYLE_FILL_AREA(#9075);
#8846=SURFACE_STYLE_FILL_AREA(#9076);
#8847=SURFACE_STYLE_FILL_AREA(#9077);
#8848=SURFACE_STYLE_FILL_AREA(#9078);
#8849=SURFACE_STYLE_FILL_AREA(#9079);
#8850=SURFACE_STYLE_FILL_AREA(#9080);
#8851=SURFACE_STYLE_FILL_AREA(#9081);
#8852=SURFACE_STYLE_FILL_AREA(#9082);
#8853=SURFACE_STYLE_FILL_AREA(#9083);
#8854=SURFACE_STYLE_FILL_AREA(#9084);
#8855=SURFACE_STYLE_FILL_AREA(#9085);
#8856=SURFACE_STYLE_FILL_AREA(#9086);
#8857=SURFACE_STYLE_FILL_AREA(#9087);
#8858=SURFACE_STYLE_FILL_AREA(#9088);
#8859=SURFACE_STYLE_FILL_AREA(#9089);
#8860=SURFACE_STYLE_FILL_AREA(#9090);
#8861=SURFACE_STYLE_FILL_AREA(#9091);
#8862=SURFACE_STYLE_FILL_AREA(#9092);
#8863=SURFACE_STYLE_FILL_AREA(#9093);
#8864=SURFACE_STYLE_FILL_AREA(#9094);
#8865=SURFACE_STYLE_FILL_AREA(#9095);
#8866=SURFACE_STYLE_FILL_AREA(#9096);
#8867=SURFACE_STYLE_FILL_AREA(#9097);
#8868=SURFACE_STYLE_FILL_AREA(#9098);
#8869=SURFACE_STYLE_FILL_AREA(#9099);
#8870=SURFACE_STYLE_FILL_AREA(#9100);
#8871=SURFACE_STYLE_FILL_AREA(#9101);
#8872=SURFACE_STYLE_FILL_AREA(#9102);
#8873=SURFACE_STYLE_FILL_AREA(#9103);
#8874=SURFACE_STYLE_FILL_AREA(#9104);
#8875=SURFACE_STYLE_FILL_AREA(#9105);
#8876=SURFACE_STYLE_FILL_AREA(#9106);
#8877=SURFACE_STYLE_FILL_AREA(#9107);
#8878=SURFACE_STYLE_FILL_AREA(#9108);
#8879=SURFACE_STYLE_FILL_AREA(#9109);
#8880=SURFACE_STYLE_FILL_AREA(#9110);
#8881=SURFACE_STYLE_FILL_AREA(#9111);
#8882=SURFACE_STYLE_FILL_AREA(#9112);
#8883=SURFACE_STYLE_FILL_AREA(#9113);
#8884=SURFACE_STYLE_FILL_AREA(#9114);
#8885=SURFACE_STYLE_FILL_AREA(#9115);
#8886=SURFACE_STYLE_FILL_AREA(#9116);
#8887=SURFACE_STYLE_FILL_AREA(#9117);
#8888=SURFACE_STYLE_FILL_AREA(#9118);
#8889=SURFACE_STYLE_FILL_AREA(#9119);
#8890=SURFACE_STYLE_FILL_AREA(#9120);
#8891=SURFACE_STYLE_FILL_AREA(#9121);
#8892=SURFACE_STYLE_FILL_AREA(#9122);
#8893=SURFACE_STYLE_FILL_AREA(#9123);
#8894=SURFACE_STYLE_FILL_AREA(#9124);
#8895=SURFACE_STYLE_FILL_AREA(#9125);
#8896=SURFACE_STYLE_FILL_AREA(#9126);
#8897=SURFACE_STYLE_FILL_AREA(#9127);
#8898=SURFACE_STYLE_FILL_AREA(#9128);
#8899=SURFACE_STYLE_FILL_AREA(#9129);
#8900=SURFACE_STYLE_FILL_AREA(#9130);
#8901=SURFACE_STYLE_FILL_AREA(#9131);
#8902=SURFACE_STYLE_FILL_AREA(#9132);
#8903=SURFACE_STYLE_FILL_AREA(#9133);
#8904=SURFACE_STYLE_FILL_AREA(#9134);
#8905=SURFACE_STYLE_FILL_AREA(#9135);
#8906=SURFACE_STYLE_FILL_AREA(#9136);
#8907=SURFACE_STYLE_FILL_AREA(#9137);
#8908=SURFACE_STYLE_FILL_AREA(#9138);
#8909=SURFACE_STYLE_FILL_AREA(#9139);
#8910=SURFACE_STYLE_FILL_AREA(#9140);
#8911=SURFACE_STYLE_FILL_AREA(#9141);
#8912=SURFACE_STYLE_FILL_AREA(#9142);
#8913=SURFACE_STYLE_FILL_AREA(#9143);
#8914=SURFACE_STYLE_FILL_AREA(#9144);
#8915=SURFACE_STYLE_FILL_AREA(#9145);
#8916=SURFACE_STYLE_FILL_AREA(#9146);
#8917=SURFACE_STYLE_FILL_AREA(#9147);
#8918=SURFACE_STYLE_FILL_AREA(#9148);
#8919=SURFACE_STYLE_FILL_AREA(#9149);
#8920=SURFACE_STYLE_FILL_AREA(#9150);
#8921=SURFACE_STYLE_FILL_AREA(#9151);
#8922=SURFACE_STYLE_FILL_AREA(#9152);
#8923=SURFACE_STYLE_FILL_AREA(#9153);
#8924=SURFACE_STYLE_FILL_AREA(#9154);
#8925=SURFACE_STYLE_FILL_AREA(#9155);
#8926=SURFACE_STYLE_FILL_AREA(#9156);
#8927=SURFACE_STYLE_FILL_AREA(#9157);
#8928=SURFACE_STYLE_FILL_AREA(#9158);
#8929=SURFACE_STYLE_FILL_AREA(#9159);
#8930=SURFACE_STYLE_FILL_AREA(#9160);
#8931=SURFACE_STYLE_FILL_AREA(#9161);
#8932=SURFACE_STYLE_FILL_AREA(#9162);
#8933=SURFACE_STYLE_FILL_AREA(#9163);
#8934=SURFACE_STYLE_FILL_AREA(#9164);
#8935=SURFACE_STYLE_FILL_AREA(#9165);
#8936=SURFACE_STYLE_FILL_AREA(#9166);
#8937=SURFACE_STYLE_FILL_AREA(#9167);
#8938=SURFACE_STYLE_FILL_AREA(#9168);
#8939=SURFACE_STYLE_FILL_AREA(#9169);
#8940=SURFACE_STYLE_FILL_AREA(#9170);
#8941=SURFACE_STYLE_FILL_AREA(#9171);
#8942=SURFACE_STYLE_FILL_AREA(#9172);
#8943=SURFACE_STYLE_FILL_AREA(#9173);
#8944=SURFACE_STYLE_FILL_AREA(#9174);
#8945=SURFACE_STYLE_FILL_AREA(#9175);
#8946=SURFACE_STYLE_FILL_AREA(#9176);
#8947=SURFACE_STYLE_FILL_AREA(#9177);
#8948=SURFACE_STYLE_FILL_AREA(#9178);
#8949=SURFACE_STYLE_FILL_AREA(#9179);
#8950=SURFACE_STYLE_FILL_AREA(#9180);
#8951=SURFACE_STYLE_FILL_AREA(#9181);
#8952=SURFACE_STYLE_FILL_AREA(#9182);
#8953=SURFACE_STYLE_FILL_AREA(#9183);
#8954=SURFACE_STYLE_FILL_AREA(#9184);
#8955=SURFACE_STYLE_FILL_AREA(#9185);
#8956=SURFACE_STYLE_FILL_AREA(#9186);
#8957=SURFACE_STYLE_FILL_AREA(#9187);
#8958=SURFACE_STYLE_FILL_AREA(#9188);
#8959=SURFACE_STYLE_FILL_AREA(#9189);
#8960=SURFACE_STYLE_FILL_AREA(#9190);
#8961=SURFACE_STYLE_FILL_AREA(#9191);
#8962=SURFACE_STYLE_FILL_AREA(#9192);
#8963=SURFACE_STYLE_FILL_AREA(#9193);
#8964=SURFACE_STYLE_FILL_AREA(#9194);
#8965=SURFACE_STYLE_FILL_AREA(#9195);
#8966=SURFACE_STYLE_FILL_AREA(#9196);
#8967=SURFACE_STYLE_FILL_AREA(#9197);
#8968=SURFACE_STYLE_FILL_AREA(#9198);
#8969=SURFACE_STYLE_FILL_AREA(#9199);
#8970=SURFACE_STYLE_FILL_AREA(#9200);
#8971=SURFACE_STYLE_FILL_AREA(#9201);
#8972=SURFACE_STYLE_FILL_AREA(#9202);
#8973=SURFACE_STYLE_FILL_AREA(#9203);
#8974=SURFACE_STYLE_FILL_AREA(#9204);
#8975=SURFACE_STYLE_FILL_AREA(#9205);
#8976=SURFACE_STYLE_FILL_AREA(#9206);
#8977=SURFACE_STYLE_FILL_AREA(#9207);
#8978=SURFACE_STYLE_FILL_AREA(#9208);
#8979=SURFACE_STYLE_FILL_AREA(#9209);
#8980=SURFACE_STYLE_FILL_AREA(#9210);
#8981=SURFACE_STYLE_FILL_AREA(#9211);
#8982=SURFACE_STYLE_FILL_AREA(#9212);
#8983=SURFACE_STYLE_FILL_AREA(#9213);
#8984=SURFACE_STYLE_FILL_AREA(#9214);
#8985=SURFACE_STYLE_FILL_AREA(#9215);
#8986=SURFACE_STYLE_FILL_AREA(#9216);
#8987=SURFACE_STYLE_FILL_AREA(#9217);
#8988=SURFACE_STYLE_FILL_AREA(#9218);
#8989=SURFACE_STYLE_FILL_AREA(#9219);
#8990=SURFACE_STYLE_FILL_AREA(#9220);
#8991=SURFACE_STYLE_FILL_AREA(#9221);
#8992=SURFACE_STYLE_FILL_AREA(#9222);
#8993=SURFACE_STYLE_FILL_AREA(#9223);
#8994=SURFACE_STYLE_FILL_AREA(#9224);
#8995=SURFACE_STYLE_FILL_AREA(#9225);
#8996=SURFACE_STYLE_FILL_AREA(#9226);
#8997=SURFACE_STYLE_FILL_AREA(#9227);
#8998=SURFACE_STYLE_FILL_AREA(#9228);
#8999=SURFACE_STYLE_FILL_AREA(#9229);
#9000=SURFACE_STYLE_FILL_AREA(#9230);
#9001=SURFACE_STYLE_FILL_AREA(#9231);
#9002=SURFACE_STYLE_FILL_AREA(#9232);
#9003=SURFACE_STYLE_FILL_AREA(#9233);
#9004=SURFACE_STYLE_FILL_AREA(#9234);
#9005=SURFACE_STYLE_FILL_AREA(#9235);
#9006=SURFACE_STYLE_FILL_AREA(#9236);
#9007=SURFACE_STYLE_FILL_AREA(#9237);
#9008=SURFACE_STYLE_FILL_AREA(#9238);
#9009=SURFACE_STYLE_FILL_AREA(#9239);
#9010=SURFACE_STYLE_FILL_AREA(#9240);
#9011=SURFACE_STYLE_FILL_AREA(#9241);
#9012=SURFACE_STYLE_FILL_AREA(#9242);
#9013=SURFACE_STYLE_FILL_AREA(#9243);
#9014=SURFACE_STYLE_FILL_AREA(#9244);
#9015=SURFACE_STYLE_FILL_AREA(#9245);
#9016=SURFACE_STYLE_FILL_AREA(#9246);
#9017=SURFACE_STYLE_FILL_AREA(#9247);
#9018=SURFACE_STYLE_FILL_AREA(#9248);
#9019=SURFACE_STYLE_FILL_AREA(#9249);
#9020=SURFACE_STYLE_FILL_AREA(#9250);
#9021=SURFACE_STYLE_FILL_AREA(#9251);
#9022=SURFACE_STYLE_FILL_AREA(#9252);
#9023=SURFACE_STYLE_FILL_AREA(#9253);
#9024=SURFACE_STYLE_FILL_AREA(#9254);
#9025=SURFACE_STYLE_FILL_AREA(#9255);
#9026=SURFACE_STYLE_FILL_AREA(#9256);
#9027=SURFACE_STYLE_FILL_AREA(#9257);
#9028=SURFACE_STYLE_FILL_AREA(#9258);
#9029=SURFACE_STYLE_FILL_AREA(#9259);
#9030=SURFACE_STYLE_FILL_AREA(#9260);
#9031=SURFACE_STYLE_FILL_AREA(#9261);
#9032=SURFACE_STYLE_FILL_AREA(#9262);
#9033=SURFACE_STYLE_FILL_AREA(#9263);
#9034=SURFACE_STYLE_FILL_AREA(#9264);
#9035=SURFACE_STYLE_FILL_AREA(#9265);
#9036=SURFACE_STYLE_FILL_AREA(#9266);
#9037=SURFACE_STYLE_FILL_AREA(#9267);
#9038=FILL_AREA_STYLE('',(#9268));
#9039=FILL_AREA_STYLE('',(#9269));
#9040=FILL_AREA_STYLE('',(#9270));
#9041=FILL_AREA_STYLE('',(#9271));
#9042=FILL_AREA_STYLE('',(#9272));
#9043=FILL_AREA_STYLE('',(#9273));
#9044=FILL_AREA_STYLE('',(#9274));
#9045=FILL_AREA_STYLE('',(#9275));
#9046=FILL_AREA_STYLE('',(#9276));
#9047=FILL_AREA_STYLE('',(#9277));
#9048=FILL_AREA_STYLE('',(#9278));
#9049=FILL_AREA_STYLE('',(#9279));
#9050=FILL_AREA_STYLE('',(#9280));
#9051=FILL_AREA_STYLE('',(#9281));
#9052=FILL_AREA_STYLE('',(#9282));
#9053=FILL_AREA_STYLE('',(#9283));
#9054=FILL_AREA_STYLE('',(#9284));
#9055=FILL_AREA_STYLE('',(#9285));
#9056=FILL_AREA_STYLE('',(#9286));
#9057=FILL_AREA_STYLE('',(#9287));
#9058=FILL_AREA_STYLE('',(#9288));
#9059=FILL_AREA_STYLE('',(#9289));
#9060=FILL_AREA_STYLE('',(#9290));
#9061=FILL_AREA_STYLE('',(#9291));
#9062=FILL_AREA_STYLE('',(#9292));
#9063=FILL_AREA_STYLE('',(#9293));
#9064=FILL_AREA_STYLE('',(#9294));
#9065=FILL_AREA_STYLE('',(#9295));
#9066=FILL_AREA_STYLE('',(#9296));
#9067=FILL_AREA_STYLE('',(#9297));
#9068=FILL_AREA_STYLE('',(#9298));
#9069=FILL_AREA_STYLE('',(#9299));
#9070=FILL_AREA_STYLE('',(#9300));
#9071=FILL_AREA_STYLE('',(#9301));
#9072=FILL_AREA_STYLE('',(#9302));
#9073=FILL_AREA_STYLE('',(#9303));
#9074=FILL_AREA_STYLE('',(#9304));
#9075=FILL_AREA_STYLE('',(#9305));
#9076=FILL_AREA_STYLE('',(#9306));
#9077=FILL_AREA_STYLE('',(#9307));
#9078=FILL_AREA_STYLE('',(#9308));
#9079=FILL_AREA_STYLE('',(#9309));
#9080=FILL_AREA_STYLE('',(#9310));
#9081=FILL_AREA_STYLE('',(#9311));
#9082=FILL_AREA_STYLE('',(#9312));
#9083=FILL_AREA_STYLE('',(#9313));
#9084=FILL_AREA_STYLE('',(#9314));
#9085=FILL_AREA_STYLE('',(#9315));
#9086=FILL_AREA_STYLE('',(#9316));
#9087=FILL_AREA_STYLE('',(#9317));
#9088=FILL_AREA_STYLE('',(#9318));
#9089=FILL_AREA_STYLE('',(#9319));
#9090=FILL_AREA_STYLE('',(#9320));
#9091=FILL_AREA_STYLE('',(#9321));
#9092=FILL_AREA_STYLE('',(#9322));
#9093=FILL_AREA_STYLE('',(#9323));
#9094=FILL_AREA_STYLE('',(#9324));
#9095=FILL_AREA_STYLE('',(#9325));
#9096=FILL_AREA_STYLE('',(#9326));
#9097=FILL_AREA_STYLE('',(#9327));
#9098=FILL_AREA_STYLE('',(#9328));
#9099=FILL_AREA_STYLE('',(#9329));
#9100=FILL_AREA_STYLE('',(#9330));
#9101=FILL_AREA_STYLE('',(#9331));
#9102=FILL_AREA_STYLE('',(#9332));
#9103=FILL_AREA_STYLE('',(#9333));
#9104=FILL_AREA_STYLE('',(#9334));
#9105=FILL_AREA_STYLE('',(#9335));
#9106=FILL_AREA_STYLE('',(#9336));
#9107=FILL_AREA_STYLE('',(#9337));
#9108=FILL_AREA_STYLE('',(#9338));
#9109=FILL_AREA_STYLE('',(#9339));
#9110=FILL_AREA_STYLE('',(#9340));
#9111=FILL_AREA_STYLE('',(#9341));
#9112=FILL_AREA_STYLE('',(#9342));
#9113=FILL_AREA_STYLE('',(#9343));
#9114=FILL_AREA_STYLE('',(#9344));
#9115=FILL_AREA_STYLE('',(#9345));
#9116=FILL_AREA_STYLE('',(#9346));
#9117=FILL_AREA_STYLE('',(#9347));
#9118=FILL_AREA_STYLE('',(#9348));
#9119=FILL_AREA_STYLE('',(#9349));
#9120=FILL_AREA_STYLE('',(#9350));
#9121=FILL_AREA_STYLE('',(#9351));
#9122=FILL_AREA_STYLE('',(#9352));
#9123=FILL_AREA_STYLE('',(#9353));
#9124=FILL_AREA_STYLE('',(#9354));
#9125=FILL_AREA_STYLE('',(#9355));
#9126=FILL_AREA_STYLE('',(#9356));
#9127=FILL_AREA_STYLE('',(#9357));
#9128=FILL_AREA_STYLE('',(#9358));
#9129=FILL_AREA_STYLE('',(#9359));
#9130=FILL_AREA_STYLE('',(#9360));
#9131=FILL_AREA_STYLE('',(#9361));
#9132=FILL_AREA_STYLE('',(#9362));
#9133=FILL_AREA_STYLE('',(#9363));
#9134=FILL_AREA_STYLE('',(#9364));
#9135=FILL_AREA_STYLE('',(#9365));
#9136=FILL_AREA_STYLE('',(#9366));
#9137=FILL_AREA_STYLE('',(#9367));
#9138=FILL_AREA_STYLE('',(#9368));
#9139=FILL_AREA_STYLE('',(#9369));
#9140=FILL_AREA_STYLE('',(#9370));
#9141=FILL_AREA_STYLE('',(#9371));
#9142=FILL_AREA_STYLE('',(#9372));
#9143=FILL_AREA_STYLE('',(#9373));
#9144=FILL_AREA_STYLE('',(#9374));
#9145=FILL_AREA_STYLE('',(#9375));
#9146=FILL_AREA_STYLE('',(#9376));
#9147=FILL_AREA_STYLE('',(#9377));
#9148=FILL_AREA_STYLE('',(#9378));
#9149=FILL_AREA_STYLE('',(#9379));
#9150=FILL_AREA_STYLE('',(#9380));
#9151=FILL_AREA_STYLE('',(#9381));
#9152=FILL_AREA_STYLE('',(#9382));
#9153=FILL_AREA_STYLE('',(#9383));
#9154=FILL_AREA_STYLE('',(#9384));
#9155=FILL_AREA_STYLE('',(#9385));
#9156=FILL_AREA_STYLE('',(#9386));
#9157=FILL_AREA_STYLE('',(#9387));
#9158=FILL_AREA_STYLE('',(#9388));
#9159=FILL_AREA_STYLE('',(#9389));
#9160=FILL_AREA_STYLE('',(#9390));
#9161=FILL_AREA_STYLE('',(#9391));
#9162=FILL_AREA_STYLE('',(#9392));
#9163=FILL_AREA_STYLE('',(#9393));
#9164=FILL_AREA_STYLE('',(#9394));
#9165=FILL_AREA_STYLE('',(#9395));
#9166=FILL_AREA_STYLE('',(#9396));
#9167=FILL_AREA_STYLE('',(#9397));
#9168=FILL_AREA_STYLE('',(#9398));
#9169=FILL_AREA_STYLE('',(#9399));
#9170=FILL_AREA_STYLE('',(#9400));
#9171=FILL_AREA_STYLE('',(#9401));
#9172=FILL_AREA_STYLE('',(#9402));
#9173=FILL_AREA_STYLE('',(#9403));
#9174=FILL_AREA_STYLE('',(#9404));
#9175=FILL_AREA_STYLE('',(#9405));
#9176=FILL_AREA_STYLE('',(#9406));
#9177=FILL_AREA_STYLE('',(#9407));
#9178=FILL_AREA_STYLE('',(#9408));
#9179=FILL_AREA_STYLE('',(#9409));
#9180=FILL_AREA_STYLE('',(#9410));
#9181=FILL_AREA_STYLE('',(#9411));
#9182=FILL_AREA_STYLE('',(#9412));
#9183=FILL_AREA_STYLE('',(#9413));
#9184=FILL_AREA_STYLE('',(#9414));
#9185=FILL_AREA_STYLE('',(#9415));
#9186=FILL_AREA_STYLE('',(#9416));
#9187=FILL_AREA_STYLE('',(#9417));
#9188=FILL_AREA_STYLE('',(#9418));
#9189=FILL_AREA_STYLE('',(#9419));
#9190=FILL_AREA_STYLE('',(#9420));
#9191=FILL_AREA_STYLE('',(#9421));
#9192=FILL_AREA_STYLE('',(#9422));
#9193=FILL_AREA_STYLE('',(#9423));
#9194=FILL_AREA_STYLE('',(#9424));
#9195=FILL_AREA_STYLE('',(#9425));
#9196=FILL_AREA_STYLE('',(#9426));
#9197=FILL_AREA_STYLE('',(#9427));
#9198=FILL_AREA_STYLE('',(#9428));
#9199=FILL_AREA_STYLE('',(#9429));
#9200=FILL_AREA_STYLE('',(#9430));
#9201=FILL_AREA_STYLE('',(#9431));
#9202=FILL_AREA_STYLE('',(#9432));
#9203=FILL_AREA_STYLE('',(#9433));
#9204=FILL_AREA_STYLE('',(#9434));
#9205=FILL_AREA_STYLE('',(#9435));
#9206=FILL_AREA_STYLE('',(#9436));
#9207=FILL_AREA_STYLE('',(#9437));
#9208=FILL_AREA_STYLE('',(#9438));
#9209=FILL_AREA_STYLE('',(#9439));
#9210=FILL_AREA_STYLE('',(#9440));
#9211=FILL_AREA_STYLE('',(#9441));
#9212=FILL_AREA_STYLE('',(#9442));
#9213=FILL_AREA_STYLE('',(#9443));
#9214=FILL_AREA_STYLE('',(#9444));
#9215=FILL_AREA_STYLE('',(#9445));
#9216=FILL_AREA_STYLE('',(#9446));
#9217=FILL_AREA_STYLE('',(#9447));
#9218=FILL_AREA_STYLE('',(#9448));
#9219=FILL_AREA_STYLE('',(#9449));
#9220=FILL_AREA_STYLE('',(#9450));
#9221=FILL_AREA_STYLE('',(#9451));
#9222=FILL_AREA_STYLE('',(#9452));
#9223=FILL_AREA_STYLE('',(#9453));
#9224=FILL_AREA_STYLE('',(#9454));
#9225=FILL_AREA_STYLE('',(#9455));
#9226=FILL_AREA_STYLE('',(#9456));
#9227=FILL_AREA_STYLE('',(#9457));
#9228=FILL_AREA_STYLE('',(#9458));
#9229=FILL_AREA_STYLE('',(#9459));
#9230=FILL_AREA_STYLE('',(#9460));
#9231=FILL_AREA_STYLE('',(#9461));
#9232=FILL_AREA_STYLE('',(#9462));
#9233=FILL_AREA_STYLE('',(#9463));
#9234=FILL_AREA_STYLE('',(#9464));
#9235=FILL_AREA_STYLE('',(#9465));
#9236=FILL_AREA_STYLE('',(#9466));
#9237=FILL_AREA_STYLE('',(#9467));
#9238=FILL_AREA_STYLE('',(#9468));
#9239=FILL_AREA_STYLE('',(#9469));
#9240=FILL_AREA_STYLE('',(#9470));
#9241=FILL_AREA_STYLE('',(#9471));
#9242=FILL_AREA_STYLE('',(#9472));
#9243=FILL_AREA_STYLE('',(#9473));
#9244=FILL_AREA_STYLE('',(#9474));
#9245=FILL_AREA_STYLE('',(#9475));
#9246=FILL_AREA_STYLE('',(#9476));
#9247=FILL_AREA_STYLE('',(#9477));
#9248=FILL_AREA_STYLE('',(#9478));
#9249=FILL_AREA_STYLE('',(#9479));
#9250=FILL_AREA_STYLE('',(#9480));
#9251=FILL_AREA_STYLE('',(#9481));
#9252=FILL_AREA_STYLE('',(#9482));
#9253=FILL_AREA_STYLE('',(#9483));
#9254=FILL_AREA_STYLE('',(#9484));
#9255=FILL_AREA_STYLE('',(#9485));
#9256=FILL_AREA_STYLE('',(#9486));
#9257=FILL_AREA_STYLE('',(#9487));
#9258=FILL_AREA_STYLE('',(#9488));
#9259=FILL_AREA_STYLE('',(#9489));
#9260=FILL_AREA_STYLE('',(#9490));
#9261=FILL_AREA_STYLE('',(#9491));
#9262=FILL_AREA_STYLE('',(#9492));
#9263=FILL_AREA_STYLE('',(#9493));
#9264=FILL_AREA_STYLE('',(#9494));
#9265=FILL_AREA_STYLE('',(#9495));
#9266=FILL_AREA_STYLE('',(#9496));
#9267=FILL_AREA_STYLE('',(#9497));
#9268=FILL_AREA_STYLE_COLOUR('',#9498);
#9269=FILL_AREA_STYLE_COLOUR('',#7641);
#9270=FILL_AREA_STYLE_COLOUR('',#7641);
#9271=FILL_AREA_STYLE_COLOUR('',#7641);
#9272=FILL_AREA_STYLE_COLOUR('',#9498);
#9273=FILL_AREA_STYLE_COLOUR('',#9498);
#9274=FILL_AREA_STYLE_COLOUR('',#7641);
#9275=FILL_AREA_STYLE_COLOUR('',#7641);
#9276=FILL_AREA_STYLE_COLOUR('',#7641);
#9277=FILL_AREA_STYLE_COLOUR('',#9498);
#9278=FILL_AREA_STYLE_COLOUR('',#7641);
#9279=FILL_AREA_STYLE_COLOUR('',#7641);
#9280=FILL_AREA_STYLE_COLOUR('',#7641);
#9281=FILL_AREA_STYLE_COLOUR('',#9498);
#9282=FILL_AREA_STYLE_COLOUR('',#7641);
#9283=FILL_AREA_STYLE_COLOUR('',#7641);
#9284=FILL_AREA_STYLE_COLOUR('',#7641);
#9285=FILL_AREA_STYLE_COLOUR('',#9498);
#9286=FILL_AREA_STYLE_COLOUR('',#7641);
#9287=FILL_AREA_STYLE_COLOUR('',#7641);
#9288=FILL_AREA_STYLE_COLOUR('',#7641);
#9289=FILL_AREA_STYLE_COLOUR('',#9498);
#9290=FILL_AREA_STYLE_COLOUR('',#9498);
#9291=FILL_AREA_STYLE_COLOUR('',#9498);
#9292=FILL_AREA_STYLE_COLOUR('',#7641);
#9293=FILL_AREA_STYLE_COLOUR('',#7641);
#9294=FILL_AREA_STYLE_COLOUR('',#7641);
#9295=FILL_AREA_STYLE_COLOUR('',#7641);
#9296=FILL_AREA_STYLE_COLOUR('',#7641);
#9297=FILL_AREA_STYLE_COLOUR('',#7641);
#9298=FILL_AREA_STYLE_COLOUR('',#9498);
#9299=FILL_AREA_STYLE_COLOUR('',#7641);
#9300=FILL_AREA_STYLE_COLOUR('',#7641);
#9301=FILL_AREA_STYLE_COLOUR('',#7641);
#9302=FILL_AREA_STYLE_COLOUR('',#7641);
#9303=FILL_AREA_STYLE_COLOUR('',#7641);
#9304=FILL_AREA_STYLE_COLOUR('',#7641);
#9305=FILL_AREA_STYLE_COLOUR('',#9498);
#9306=FILL_AREA_STYLE_COLOUR('',#7641);
#9307=FILL_AREA_STYLE_COLOUR('',#7641);
#9308=FILL_AREA_STYLE_COLOUR('',#7641);
#9309=FILL_AREA_STYLE_COLOUR('',#7641);
#9310=FILL_AREA_STYLE_COLOUR('',#7641);
#9311=FILL_AREA_STYLE_COLOUR('',#7641);
#9312=FILL_AREA_STYLE_COLOUR('',#9498);
#9313=FILL_AREA_STYLE_COLOUR('',#7641);
#9314=FILL_AREA_STYLE_COLOUR('',#7641);
#9315=FILL_AREA_STYLE_COLOUR('',#7641);
#9316=FILL_AREA_STYLE_COLOUR('',#7641);
#9317=FILL_AREA_STYLE_COLOUR('',#7641);
#9318=FILL_AREA_STYLE_COLOUR('',#7641);
#9319=FILL_AREA_STYLE_COLOUR('',#9498);
#9320=FILL_AREA_STYLE_COLOUR('',#7641);
#9321=FILL_AREA_STYLE_COLOUR('',#7641);
#9322=FILL_AREA_STYLE_COLOUR('',#7641);
#9323=FILL_AREA_STYLE_COLOUR('',#7641);
#9324=FILL_AREA_STYLE_COLOUR('',#7641);
#9325=FILL_AREA_STYLE_COLOUR('',#7641);
#9326=FILL_AREA_STYLE_COLOUR('',#9498);
#9327=FILL_AREA_STYLE_COLOUR('',#7641);
#9328=FILL_AREA_STYLE_COLOUR('',#7641);
#9329=FILL_AREA_STYLE_COLOUR('',#7641);
#9330=FILL_AREA_STYLE_COLOUR('',#7641);
#9331=FILL_AREA_STYLE_COLOUR('',#7641);
#9332=FILL_AREA_STYLE_COLOUR('',#7641);
#9333=FILL_AREA_STYLE_COLOUR('',#9498);
#9334=FILL_AREA_STYLE_COLOUR('',#7641);
#9335=FILL_AREA_STYLE_COLOUR('',#7641);
#9336=FILL_AREA_STYLE_COLOUR('',#7641);
#9337=FILL_AREA_STYLE_COLOUR('',#7641);
#9338=FILL_AREA_STYLE_COLOUR('',#7641);
#9339=FILL_AREA_STYLE_COLOUR('',#7641);
#9340=FILL_AREA_STYLE_COLOUR('',#7641);
#9341=FILL_AREA_STYLE_COLOUR('',#7641);
#9342=FILL_AREA_STYLE_COLOUR('',#7641);
#9343=FILL_AREA_STYLE_COLOUR('',#7641);
#9344=FILL_AREA_STYLE_COLOUR('',#7641);
#9345=FILL_AREA_STYLE_COLOUR('',#7641);
#9346=FILL_AREA_STYLE_COLOUR('',#7641);
#9347=FILL_AREA_STYLE_COLOUR('',#7641);
#9348=FILL_AREA_STYLE_COLOUR('',#7641);
#9349=FILL_AREA_STYLE_COLOUR('',#7641);
#9350=FILL_AREA_STYLE_COLOUR('',#7641);
#9351=FILL_AREA_STYLE_COLOUR('',#7641);
#9352=FILL_AREA_STYLE_COLOUR('',#9499);
#9353=FILL_AREA_STYLE_COLOUR('',#9499);
#9354=FILL_AREA_STYLE_COLOUR('',#9499);
#9355=FILL_AREA_STYLE_COLOUR('',#9499);
#9356=FILL_AREA_STYLE_COLOUR('',#9499);
#9357=FILL_AREA_STYLE_COLOUR('',#9499);
#9358=FILL_AREA_STYLE_COLOUR('',#9499);
#9359=FILL_AREA_STYLE_COLOUR('',#9499);
#9360=FILL_AREA_STYLE_COLOUR('',#9499);
#9361=FILL_AREA_STYLE_COLOUR('',#9499);
#9362=FILL_AREA_STYLE_COLOUR('',#9499);
#9363=FILL_AREA_STYLE_COLOUR('',#9499);
#9364=FILL_AREA_STYLE_COLOUR('',#9499);
#9365=FILL_AREA_STYLE_COLOUR('',#9499);
#9366=FILL_AREA_STYLE_COLOUR('',#9499);
#9367=FILL_AREA_STYLE_COLOUR('',#9499);
#9368=FILL_AREA_STYLE_COLOUR('',#9499);
#9369=FILL_AREA_STYLE_COLOUR('',#9499);
#9370=FILL_AREA_STYLE_COLOUR('',#9499);
#9371=FILL_AREA_STYLE_COLOUR('',#9499);
#9372=FILL_AREA_STYLE_COLOUR('',#9499);
#9373=FILL_AREA_STYLE_COLOUR('',#9499);
#9374=FILL_AREA_STYLE_COLOUR('',#9499);
#9375=FILL_AREA_STYLE_COLOUR('',#9499);
#9376=FILL_AREA_STYLE_COLOUR('',#9499);
#9377=FILL_AREA_STYLE_COLOUR('',#7641);
#9378=FILL_AREA_STYLE_COLOUR('',#7641);
#9379=FILL_AREA_STYLE_COLOUR('',#7641);
#9380=FILL_AREA_STYLE_COLOUR('',#7641);
#9381=FILL_AREA_STYLE_COLOUR('',#7641);
#9382=FILL_AREA_STYLE_COLOUR('',#7641);
#9383=FILL_AREA_STYLE_COLOUR('',#7641);
#9384=FILL_AREA_STYLE_COLOUR('',#7641);
#9385=FILL_AREA_STYLE_COLOUR('',#7641);
#9386=FILL_AREA_STYLE_COLOUR('',#7641);
#9387=FILL_AREA_STYLE_COLOUR('',#7641);
#9388=FILL_AREA_STYLE_COLOUR('',#7641);
#9389=FILL_AREA_STYLE_COLOUR('',#7641);
#9390=FILL_AREA_STYLE_COLOUR('',#7641);
#9391=FILL_AREA_STYLE_COLOUR('',#7641);
#9392=FILL_AREA_STYLE_COLOUR('',#7641);
#9393=FILL_AREA_STYLE_COLOUR('',#7641);
#9394=FILL_AREA_STYLE_COLOUR('',#7641);
#9395=FILL_AREA_STYLE_COLOUR('',#7641);
#9396=FILL_AREA_STYLE_COLOUR('',#7641);
#9397=FILL_AREA_STYLE_COLOUR('',#7641);
#9398=FILL_AREA_STYLE_COLOUR('',#7641);
#9399=FILL_AREA_STYLE_COLOUR('',#7641);
#9400=FILL_AREA_STYLE_COLOUR('',#7641);
#9401=FILL_AREA_STYLE_COLOUR('',#7641);
#9402=FILL_AREA_STYLE_COLOUR('',#7641);
#9403=FILL_AREA_STYLE_COLOUR('',#7641);
#9404=FILL_AREA_STYLE_COLOUR('',#9498);
#9405=FILL_AREA_STYLE_COLOUR('',#9498);
#9406=FILL_AREA_STYLE_COLOUR('',#9500);
#9407=FILL_AREA_STYLE_COLOUR('',#7642);
#9408=FILL_AREA_STYLE_COLOUR('',#7642);
#9409=FILL_AREA_STYLE_COLOUR('',#7642);
#9410=FILL_AREA_STYLE_COLOUR('',#7642);
#9411=FILL_AREA_STYLE_COLOUR('',#7642);
#9412=FILL_AREA_STYLE_COLOUR('',#7642);
#9413=FILL_AREA_STYLE_COLOUR('',#9500);
#9414=FILL_AREA_STYLE_COLOUR('',#7641);
#9415=FILL_AREA_STYLE_COLOUR('',#7641);
#9416=FILL_AREA_STYLE_COLOUR('',#7641);
#9417=FILL_AREA_STYLE_COLOUR('',#7641);
#9418=FILL_AREA_STYLE_COLOUR('',#7641);
#9419=FILL_AREA_STYLE_COLOUR('',#7641);
#9420=FILL_AREA_STYLE_COLOUR('',#7641);
#9421=FILL_AREA_STYLE_COLOUR('',#7641);
#9422=FILL_AREA_STYLE_COLOUR('',#7641);
#9423=FILL_AREA_STYLE_COLOUR('',#7641);
#9424=FILL_AREA_STYLE_COLOUR('',#7641);
#9425=FILL_AREA_STYLE_COLOUR('',#7641);
#9426=FILL_AREA_STYLE_COLOUR('',#7641);
#9427=FILL_AREA_STYLE_COLOUR('',#7641);
#9428=FILL_AREA_STYLE_COLOUR('',#7641);
#9429=FILL_AREA_STYLE_COLOUR('',#7641);
#9430=FILL_AREA_STYLE_COLOUR('',#7641);
#9431=FILL_AREA_STYLE_COLOUR('',#9500);
#9432=FILL_AREA_STYLE_COLOUR('',#7641);
#9433=FILL_AREA_STYLE_COLOUR('',#7641);
#9434=FILL_AREA_STYLE_COLOUR('',#7641);
#9435=FILL_AREA_STYLE_COLOUR('',#7641);
#9436=FILL_AREA_STYLE_COLOUR('',#7641);
#9437=FILL_AREA_STYLE_COLOUR('',#7641);
#9438=FILL_AREA_STYLE_COLOUR('',#7641);
#9439=FILL_AREA_STYLE_COLOUR('',#7641);
#9440=FILL_AREA_STYLE_COLOUR('',#7641);
#9441=FILL_AREA_STYLE_COLOUR('',#7641);
#9442=FILL_AREA_STYLE_COLOUR('',#7641);
#9443=FILL_AREA_STYLE_COLOUR('',#7641);
#9444=FILL_AREA_STYLE_COLOUR('',#7641);
#9445=FILL_AREA_STYLE_COLOUR('',#7641);
#9446=FILL_AREA_STYLE_COLOUR('',#7641);
#9447=FILL_AREA_STYLE_COLOUR('',#7641);
#9448=FILL_AREA_STYLE_COLOUR('',#7641);
#9449=FILL_AREA_STYLE_COLOUR('',#7641);
#9450=FILL_AREA_STYLE_COLOUR('',#7641);
#9451=FILL_AREA_STYLE_COLOUR('',#7641);
#9452=FILL_AREA_STYLE_COLOUR('',#7641);
#9453=FILL_AREA_STYLE_COLOUR('',#7641);
#9454=FILL_AREA_STYLE_COLOUR('',#7641);
#9455=FILL_AREA_STYLE_COLOUR('',#7641);
#9456=FILL_AREA_STYLE_COLOUR('',#7641);
#9457=FILL_AREA_STYLE_COLOUR('',#7641);
#9458=FILL_AREA_STYLE_COLOUR('',#7641);
#9459=FILL_AREA_STYLE_COLOUR('',#7641);
#9460=FILL_AREA_STYLE_COLOUR('',#7641);
#9461=FILL_AREA_STYLE_COLOUR('',#7641);
#9462=FILL_AREA_STYLE_COLOUR('',#7641);
#9463=FILL_AREA_STYLE_COLOUR('',#7641);
#9464=FILL_AREA_STYLE_COLOUR('',#7641);
#9465=FILL_AREA_STYLE_COLOUR('',#7641);
#9466=FILL_AREA_STYLE_COLOUR('',#7641);
#9467=FILL_AREA_STYLE_COLOUR('',#7641);
#9468=FILL_AREA_STYLE_COLOUR('',#7641);
#9469=FILL_AREA_STYLE_COLOUR('',#7641);
#9470=FILL_AREA_STYLE_COLOUR('',#7641);
#9471=FILL_AREA_STYLE_COLOUR('',#7641);
#9472=FILL_AREA_STYLE_COLOUR('',#7641);
#9473=FILL_AREA_STYLE_COLOUR('',#7641);
#9474=FILL_AREA_STYLE_COLOUR('',#7641);
#9475=FILL_AREA_STYLE_COLOUR('',#7641);
#9476=FILL_AREA_STYLE_COLOUR('',#7641);
#9477=FILL_AREA_STYLE_COLOUR('',#7641);
#9478=FILL_AREA_STYLE_COLOUR('',#7641);
#9479=FILL_AREA_STYLE_COLOUR('',#7641);
#9480=FILL_AREA_STYLE_COLOUR('',#7641);
#9481=FILL_AREA_STYLE_COLOUR('',#7641);
#9482=FILL_AREA_STYLE_COLOUR('',#9500);
#9483=FILL_AREA_STYLE_COLOUR('',#7641);
#9484=FILL_AREA_STYLE_COLOUR('',#7641);
#9485=FILL_AREA_STYLE_COLOUR('',#7641);
#9486=FILL_AREA_STYLE_COLOUR('',#7641);
#9487=FILL_AREA_STYLE_COLOUR('',#7641);
#9488=FILL_AREA_STYLE_COLOUR('',#7641);
#9489=FILL_AREA_STYLE_COLOUR('',#7641);
#9490=FILL_AREA_STYLE_COLOUR('',#7641);
#9491=FILL_AREA_STYLE_COLOUR('',#7641);
#9492=FILL_AREA_STYLE_COLOUR('',#7641);
#9493=FILL_AREA_STYLE_COLOUR('',#7641);
#9494=FILL_AREA_STYLE_COLOUR('',#7641);
#9495=FILL_AREA_STYLE_COLOUR('',#7641);
#9496=FILL_AREA_STYLE_COLOUR('',#7641);
#9497=FILL_AREA_STYLE_COLOUR('',#9500);
#9498=COLOUR_RGB('',0.501960784313726,0.501960784313726,0.501960784313726);
#9499=COLOUR_RGB('',0.752941176470588,0.752941176470588,0.752941176470588);
#9500=COLOUR_RGB('',0.501960784313726,0.,0.);
#9501=MANIFOLD_SOLID_BREP('Part 5',#8084);
#9502=MANIFOLD_SOLID_BREP('Part 1',#8085);
#9503=MANIFOLD_SOLID_BREP('Part 2',#8086);
#9504=MANIFOLD_SOLID_BREP('Part 3',#8087);
#9505=MANIFOLD_SOLID_BREP('Part 4',#8088);
#9506=MANIFOLD_SOLID_BREP('Part 6',#8089);
#9507=MANIFOLD_SOLID_BREP('Part 7',#8090);
#9508=MANIFOLD_SOLID_BREP('Part 8',#8091);
#9509=MANIFOLD_SOLID_BREP('Part 9',#8092);
#9510=MANIFOLD_SOLID_BREP('Part 10',#8093);
#9511=MANIFOLD_SOLID_BREP('Part 11',#8094);
#9512=MANIFOLD_SOLID_BREP('Part 12',#8095);
#9513=MANIFOLD_SOLID_BREP('Part 13',#8096);
#9514=MANIFOLD_SOLID_BREP('Part 14',#8097);
#9515=MANIFOLD_SOLID_BREP('Part 15',#8098);
#9516=MANIFOLD_SOLID_BREP('Part 16',#8099);
#9517=MANIFOLD_SOLID_BREP('Part 17',#8100);
#9518=SHAPE_DEFINITION_REPRESENTATION(#16003,#9535);
#9519=SHAPE_DEFINITION_REPRESENTATION(#16004,#9536);
#9520=SHAPE_DEFINITION_REPRESENTATION(#16005,#9537);
#9521=SHAPE_DEFINITION_REPRESENTATION(#16006,#9538);
#9522=SHAPE_DEFINITION_REPRESENTATION(#16007,#9539);
#9523=SHAPE_DEFINITION_REPRESENTATION(#16008,#9540);
#9524=SHAPE_DEFINITION_REPRESENTATION(#16009,#9541);
#9525=SHAPE_DEFINITION_REPRESENTATION(#16010,#9542);
#9526=SHAPE_DEFINITION_REPRESENTATION(#16011,#9543);
#9527=SHAPE_DEFINITION_REPRESENTATION(#16012,#9544);
#9528=SHAPE_DEFINITION_REPRESENTATION(#16013,#9545);
#9529=SHAPE_DEFINITION_REPRESENTATION(#16014,#9546);
#9530=SHAPE_DEFINITION_REPRESENTATION(#16015,#9547);
#9531=SHAPE_DEFINITION_REPRESENTATION(#16016,#9548);
#9532=SHAPE_DEFINITION_REPRESENTATION(#16017,#9549);
#9533=SHAPE_DEFINITION_REPRESENTATION(#16018,#9550);
#9534=SHAPE_DEFINITION_REPRESENTATION(#16019,#9551);
#9535=SHAPE_REPRESENTATION('Part 5',(#9552),#15918);
#9536=SHAPE_REPRESENTATION('Part 1',(#9558),#15919);
#9537=SHAPE_REPRESENTATION('Part 2',(#9572),#15920);
#9538=SHAPE_REPRESENTATION('Part 3',(#9580),#15921);
#9539=SHAPE_REPRESENTATION('Part 4',(#9586),#15922);
#9540=SHAPE_REPRESENTATION('Part 6',(#9592),#15923);
#9541=SHAPE_REPRESENTATION('Part 7',(#9598),#15924);
#9542=SHAPE_REPRESENTATION('Part 8',(#9621),#15925);
#9543=SHAPE_REPRESENTATION('Part 9',(#9628),#15926);
#9544=SHAPE_REPRESENTATION('Part 10',(#9635),#15927);
#9545=SHAPE_REPRESENTATION('Part 11',(#9642),#15928);
#9546=SHAPE_REPRESENTATION('Part 12',(#9649),#15929);
#9547=SHAPE_REPRESENTATION('Part 13',(#9656),#15930);
#9548=SHAPE_REPRESENTATION('Part 14',(#9663),#15931);
#9549=SHAPE_REPRESENTATION('Part 15',(#9670),#15932);
#9550=SHAPE_REPRESENTATION('Part 16',(#9781),#15933);
#9551=SHAPE_REPRESENTATION('Part 17',(#10037),#15934);
#9552=AXIS2_PLACEMENT_3D('',#12133,#10110,#10111);
#9553=AXIS2_PLACEMENT_3D('',#12134,#10112,#10113);
#9554=AXIS2_PLACEMENT_3D('',#12135,#10114,#10115);
#9555=AXIS2_PLACEMENT_3D('',#12137,#10116,#10117);
#9556=AXIS2_PLACEMENT_3D('',#12139,#10118,#10119);
#9557=AXIS2_PLACEMENT_3D('',#12140,#10120,#10121);
#9558=AXIS2_PLACEMENT_3D('',#12141,#10122,#10123);
#9559=AXIS2_PLACEMENT_3D('',#12142,#10124,#10125);
#9560=AXIS2_PLACEMENT_3D('',#12143,#10126,#10127);
#9561=AXIS2_PLACEMENT_3D('',#12145,#10128,#10129);
#9562=AXIS2_PLACEMENT_3D('',#12147,#10130,#10131);
#9563=AXIS2_PLACEMENT_3D('',#12148,#10132,#10133);
#9564=AXIS2_PLACEMENT_3D('',#12150,#10134,#10135);
#9565=AXIS2_PLACEMENT_3D('',#12152,#10136,#10137);
#9566=AXIS2_PLACEMENT_3D('',#12153,#10138,#10139);
#9567=AXIS2_PLACEMENT_3D('',#12154,#10140,#10141);
#9568=AXIS2_PLACEMENT_3D('',#12156,#10142,#10143);
#9569=AXIS2_PLACEMENT_3D('',#12157,#10144,#10145);
#9570=AXIS2_PLACEMENT_3D('',#12158,#10146,#10147);
#9571=AXIS2_PLACEMENT_3D('',#12160,#10148,#10149);
#9572=AXIS2_PLACEMENT_3D('',#12161,#10150,#10151);
#9573=AXIS2_PLACEMENT_3D('',#12162,#10152,#10153);
#9574=AXIS2_PLACEMENT_3D('',#12163,#10154,#10155);
#9575=AXIS2_PLACEMENT_3D('',#12165,#10156,#10157);
#9576=AXIS2_PLACEMENT_3D('',#12167,#10158,#10159);
#9577=AXIS2_PLACEMENT_3D('',#12168,#10160,#10161);
#9578=AXIS2_PLACEMENT_3D('',#12169,#10162,#10163);
#9579=AXIS2_PLACEMENT_3D('',#12171,#10164,#10165);
#9580=AXIS2_PLACEMENT_3D('',#12172,#10166,#10167);
#9581=AXIS2_PLACEMENT_3D('',#12173,#10168,#10169);
#9582=AXIS2_PLACEMENT_3D('',#12174,#10170,#10171);
#9583=AXIS2_PLACEMENT_3D('',#12176,#10172,#10173);
#9584=AXIS2_PLACEMENT_3D('',#12178,#10174,#10175);
#9585=AXIS2_PLACEMENT_3D('',#12179,#10176,#10177);
#9586=AXIS2_PLACEMENT_3D('',#12180,#10178,#10179);
#9587=AXIS2_PLACEMENT_3D('',#12181,#10180,#10181);
#9588=AXIS2_PLACEMENT_3D('',#12182,#10182,#10183);
#9589=AXIS2_PLACEMENT_3D('',#12184,#10184,#10185);
#9590=AXIS2_PLACEMENT_3D('',#12186,#10186,#10187);
#9591=AXIS2_PLACEMENT_3D('',#12187,#10188,#10189);
#9592=AXIS2_PLACEMENT_3D('',#12188,#10190,#10191);
#9593=AXIS2_PLACEMENT_3D('',#12189,#10192,#10193);
#9594=AXIS2_PLACEMENT_3D('',#12190,#10194,#10195);
#9595=AXIS2_PLACEMENT_3D('',#12192,#10196,#10197);
#9596=AXIS2_PLACEMENT_3D('',#12194,#10198,#10199);
#9597=AXIS2_PLACEMENT_3D('',#12195,#10200,#10201);
#9598=AXIS2_PLACEMENT_3D('',#12196,#10202,#10203);
#9599=AXIS2_PLACEMENT_3D('',#12197,#10204,#10205);
#9600=AXIS2_PLACEMENT_3D('',#12198,#10206,#10207);
#9601=AXIS2_PLACEMENT_3D('',#12203,#10209,#10210);
#9602=AXIS2_PLACEMENT_3D('',#12206,#10212,#10213);
#9603=AXIS2_PLACEMENT_3D('',#12212,#10217,#10218);
#9604=AXIS2_PLACEMENT_3D('',#12213,#10219,#10220);
#9605=AXIS2_PLACEMENT_3D('',#12217,#10222,#10223);
#9606=AXIS2_PLACEMENT_3D('',#12218,#10224,#10225);
#9607=AXIS2_PLACEMENT_3D('',#12224,#10229,#10230);
#9608=AXIS2_PLACEMENT_3D('',#12225,#10231,#10232);
#9609=AXIS2_PLACEMENT_3D('',#12229,#10234,#10235);
#9610=AXIS2_PLACEMENT_3D('',#12230,#10236,#10237);
#9611=AXIS2_PLACEMENT_3D('',#12236,#10241,#10242);
#9612=AXIS2_PLACEMENT_3D('',#12237,#10243,#10244);
#9613=AXIS2_PLACEMENT_3D('',#12241,#10246,#10247);
#9614=AXIS2_PLACEMENT_3D('',#12242,#10248,#10249);
#9615=AXIS2_PLACEMENT_3D('',#12245,#10252,#10253);
#9616=AXIS2_PLACEMENT_3D('',#12246,#10254,#10255);
#9617=AXIS2_PLACEMENT_3D('',#12248,#10256,#10257);
#9618=AXIS2_PLACEMENT_3D('',#12249,#10258,#10259);
#9619=AXIS2_PLACEMENT_3D('',#12250,#10260,#10261);
#9620=AXIS2_PLACEMENT_3D('',#12252,#10262,#10263);
#9621=AXIS2_PLACEMENT_3D('',#12253,#10264,#10265);
#9622=AXIS2_PLACEMENT_3D('',#12254,#10266,#10267);
#9623=AXIS2_PLACEMENT_3D('',#12263,#10272,#10273);
#9624=AXIS2_PLACEMENT_3D('',#12269,#10277,#10278);
#9625=AXIS2_PLACEMENT_3D('',#12275,#10282,#10283);
#9626=AXIS2_PLACEMENT_3D('',#12278,#10286,#10287);
#9627=AXIS2_PLACEMENT_3D('',#12279,#10288,#10289);
#9628=AXIS2_PLACEMENT_3D('',#12280,#10290,#10291);
#9629=AXIS2_PLACEMENT_3D('',#12281,#10292,#10293);
#9630=AXIS2_PLACEMENT_3D('',#12290,#10298,#10299);
#9631=AXIS2_PLACEMENT_3D('',#12296,#10303,#10304);
#9632=AXIS2_PLACEMENT_3D('',#12302,#10308,#10309);
#9633=AXIS2_PLACEMENT_3D('',#12305,#10312,#10313);
#9634=AXIS2_PLACEMENT_3D('',#12306,#10314,#10315);
#9635=AXIS2_PLACEMENT_3D('',#12307,#10316,#10317);
#9636=AXIS2_PLACEMENT_3D('',#12308,#10318,#10319);
#9637=AXIS2_PLACEMENT_3D('',#12317,#10324,#10325);
#9638=AXIS2_PLACEMENT_3D('',#12323,#10329,#10330);
#9639=AXIS2_PLACEMENT_3D('',#12329,#10334,#10335);
#9640=AXIS2_PLACEMENT_3D('',#12332,#10338,#10339);
#9641=AXIS2_PLACEMENT_3D('',#12333,#10340,#10341);
#9642=AXIS2_PLACEMENT_3D('',#12334,#10342,#10343);
#9643=AXIS2_PLACEMENT_3D('',#12335,#10344,#10345);
#9644=AXIS2_PLACEMENT_3D('',#12344,#10350,#10351);
#9645=AXIS2_PLACEMENT_3D('',#12350,#10355,#10356);
#9646=AXIS2_PLACEMENT_3D('',#12356,#10360,#10361);
#9647=AXIS2_PLACEMENT_3D('',#12359,#10364,#10365);
#9648=AXIS2_PLACEMENT_3D('',#12360,#10366,#10367);
#9649=AXIS2_PLACEMENT_3D('',#12361,#10368,#10369);
#9650=AXIS2_PLACEMENT_3D('',#12362,#10370,#10371);
#9651=AXIS2_PLACEMENT_3D('',#12371,#10376,#10377);
#9652=AXIS2_PLACEMENT_3D('',#12377,#10381,#10382);
#9653=AXIS2_PLACEMENT_3D('',#12383,#10386,#10387);
#9654=AXIS2_PLACEMENT_3D('',#12386,#10390,#10391);
#9655=AXIS2_PLACEMENT_3D('',#12387,#10392,#10393);
#9656=AXIS2_PLACEMENT_3D('',#12388,#10394,#10395);
#9657=AXIS2_PLACEMENT_3D('',#12389,#10396,#10397);
#9658=AXIS2_PLACEMENT_3D('',#12398,#10402,#10403);
#9659=AXIS2_PLACEMENT_3D('',#12404,#10407,#10408);
#9660=AXIS2_PLACEMENT_3D('',#12410,#10412,#10413);
#9661=AXIS2_PLACEMENT_3D('',#12413,#10416,#10417);
#9662=AXIS2_PLACEMENT_3D('',#12414,#10418,#10419);
#9663=AXIS2_PLACEMENT_3D('',#12415,#10420,#10421);
#9664=AXIS2_PLACEMENT_3D('',#12416,#10422,#10423);
#9665=AXIS2_PLACEMENT_3D('',#12425,#10428,#10429);
#9666=AXIS2_PLACEMENT_3D('',#12431,#10433,#10434);
#9667=AXIS2_PLACEMENT_3D('',#12437,#10438,#10439);
#9668=AXIS2_PLACEMENT_3D('',#12440,#10442,#10443);
#9669=AXIS2_PLACEMENT_3D('',#12441,#10444,#10445);
#9670=AXIS2_PLACEMENT_3D('',#12442,#10446,#10447);
#9671=AXIS2_PLACEMENT_3D('',#12443,#10448,#10449);
#9672=AXIS2_PLACEMENT_3D('',#12444,#10450,#10451);
#9673=AXIS2_PLACEMENT_3D('',#12446,#10452,#10453);
#9674=AXIS2_PLACEMENT_3D('',#12449,#10454,#10455);
#9675=AXIS2_PLACEMENT_3D('',#12450,#10456,#10457);
#9676=AXIS2_PLACEMENT_3D('',#12452,#10458,#10459);
#9677=AXIS2_PLACEMENT_3D('',#12462,#10464,#10465);
#9678=AXIS2_PLACEMENT_3D('',#12467,#10467,#10468);
#9679=AXIS2_PLACEMENT_3D('',#12471,#10470,#10471);
#9680=AXIS2_PLACEMENT_3D('',#12475,#10473,#10474);
#9681=AXIS2_PLACEMENT_3D('',#12518,#10496,#10497);
#9682=AXIS2_PLACEMENT_3D('',#12543,#10510,#10511);
#9683=AXIS2_PLACEMENT_3D('',#12576,#10528,#10529);
#9684=AXIS2_PLACEMENT_3D('',#12577,#10530,#10531);
#9685=AXIS2_PLACEMENT_3D('',#12582,#10534,#10535);
#9686=AXIS2_PLACEMENT_3D('',#12586,#10538,#10539);
#9687=AXIS2_PLACEMENT_3D('',#12587,#10540,#10541);
#9688=AXIS2_PLACEMENT_3D('',#12590,#10543,#10544);
#9689=AXIS2_PLACEMENT_3D('',#12594,#10547,#10548);
#9690=AXIS2_PLACEMENT_3D('',#12595,#10549,#10550);
#9691=AXIS2_PLACEMENT_3D('',#12598,#10552,#10553);
#9692=AXIS2_PLACEMENT_3D('',#12602,#10556,#10557);
#9693=AXIS2_PLACEMENT_3D('',#12603,#10558,#10559);
#9694=AXIS2_PLACEMENT_3D('',#12606,#10561,#10562);
#9695=AXIS2_PLACEMENT_3D('',#12608,#10564,#10565);
#9696=AXIS2_PLACEMENT_3D('',#12609,#10566,#10567);
#9697=AXIS2_PLACEMENT_3D('',#12626,#10576,#10577);
#9698=AXIS2_PLACEMENT_3D('',#12629,#10580,#10581);
#9699=AXIS2_PLACEMENT_3D('',#12631,#10583,#10584);
#9700=AXIS2_PLACEMENT_3D('',#12633,#10586,#10587);
#9701=AXIS2_PLACEMENT_3D('',#12634,#10588,#10589);
#9702=AXIS2_PLACEMENT_3D('',#12637,#10592,#10593);
#9703=AXIS2_PLACEMENT_3D('',#12639,#10595,#10596);
#9704=AXIS2_PLACEMENT_3D('',#12641,#10598,#10599);
#9705=AXIS2_PLACEMENT_3D('',#12642,#10600,#10601);
#9706=AXIS2_PLACEMENT_3D('',#12659,#10610,#10611);
#9707=AXIS2_PLACEMENT_3D('',#12662,#10614,#10615);
#9708=AXIS2_PLACEMENT_3D('',#12664,#10617,#10618);
#9709=AXIS2_PLACEMENT_3D('',#12666,#10620,#10621);
#9710=AXIS2_PLACEMENT_3D('',#12667,#10622,#10623);
#9711=AXIS2_PLACEMENT_3D('',#12670,#10626,#10627);
#9712=AXIS2_PLACEMENT_3D('',#12672,#10629,#10630);
#9713=AXIS2_PLACEMENT_3D('',#12674,#10632,#10633);
#9714=AXIS2_PLACEMENT_3D('',#12675,#10634,#10635);
#9715=AXIS2_PLACEMENT_3D('',#12681,#10639,#10640);
#9716=AXIS2_PLACEMENT_3D('',#12685,#10643,#10644);
#9717=AXIS2_PLACEMENT_3D('',#12689,#10647,#10648);
#9718=AXIS2_PLACEMENT_3D('',#12691,#10650,#10651);
#9719=AXIS2_PLACEMENT_3D('',#12692,#10652,#10653);
#9720=AXIS2_PLACEMENT_3D('',#12698,#10657,#10658);
#9721=AXIS2_PLACEMENT_3D('',#12702,#10661,#10662);
#9722=AXIS2_PLACEMENT_3D('',#12706,#10665,#10666);
#9723=AXIS2_PLACEMENT_3D('',#12708,#10668,#10669);
#9724=AXIS2_PLACEMENT_3D('',#12709,#10670,#10671);
#9725=AXIS2_PLACEMENT_3D('',#12715,#10675,#10676);
#9726=AXIS2_PLACEMENT_3D('',#12719,#10679,#10680);
#9727=AXIS2_PLACEMENT_3D('',#12723,#10683,#10684);
#9728=AXIS2_PLACEMENT_3D('',#12725,#10686,#10687);
#9729=AXIS2_PLACEMENT_3D('',#12726,#10688,#10689);
#9730=AXIS2_PLACEMENT_3D('',#12732,#10693,#10694);
#9731=AXIS2_PLACEMENT_3D('',#12736,#10697,#10698);
#9732=AXIS2_PLACEMENT_3D('',#12740,#10701,#10702);
#9733=AXIS2_PLACEMENT_3D('',#12742,#10704,#10705);
#9734=AXIS2_PLACEMENT_3D('',#12743,#10706,#10707);
#9735=AXIS2_PLACEMENT_3D('',#12749,#10711,#10712);
#9736=AXIS2_PLACEMENT_3D('',#12753,#10715,#10716);
#9737=AXIS2_PLACEMENT_3D('',#12757,#10719,#10720);
#9738=AXIS2_PLACEMENT_3D('',#12759,#10722,#10723);
#9739=AXIS2_PLACEMENT_3D('',#12760,#10724,#10725);
#9740=AXIS2_PLACEMENT_3D('',#12761,#10726,#10727);
#9741=AXIS2_PLACEMENT_3D('',#12768,#10728,#10729);
#9742=AXIS2_PLACEMENT_3D('',#12769,#10730,#10731);
#9743=AXIS2_PLACEMENT_3D('',#12771,#10732,#10733);
#9744=AXIS2_PLACEMENT_3D('',#12772,#10734,#10735);
#9745=AXIS2_PLACEMENT_3D('',#12773,#10736,#10737);
#9746=AXIS2_PLACEMENT_3D('',#12775,#10738,#10739);
#9747=AXIS2_PLACEMENT_3D('',#12776,#10740,#10741);
#9748=AXIS2_PLACEMENT_3D('',#12777,#10742,#10743);
#9749=AXIS2_PLACEMENT_3D('',#12779,#10744,#10745);
#9750=AXIS2_PLACEMENT_3D('',#12780,#10746,#10747);
#9751=AXIS2_PLACEMENT_3D('',#12781,#10748,#10749);
#9752=AXIS2_PLACEMENT_3D('',#12783,#10750,#10751);
#9753=AXIS2_PLACEMENT_3D('',#12784,#10752,#10753);
#9754=AXIS2_PLACEMENT_3D('',#12785,#10754,#10755);
#9755=AXIS2_PLACEMENT_3D('',#12787,#10756,#10757);
#9756=AXIS2_PLACEMENT_3D('',#12788,#10758,#10759);
#9757=AXIS2_PLACEMENT_3D('',#12794,#10763,#10764);
#9758=AXIS2_PLACEMENT_3D('',#12798,#10767,#10768);
#9759=AXIS2_PLACEMENT_3D('',#12802,#10771,#10772);
#9760=AXIS2_PLACEMENT_3D('',#12804,#10774,#10775);
#9761=AXIS2_PLACEMENT_3D('',#12810,#10779,#10780);
#9762=AXIS2_PLACEMENT_3D('',#12814,#10783,#10784);
#9763=AXIS2_PLACEMENT_3D('',#12818,#10787,#10788);
#9764=AXIS2_PLACEMENT_3D('',#12820,#10790,#10791);
#9765=AXIS2_PLACEMENT_3D('',#12826,#10795,#10796);
#9766=AXIS2_PLACEMENT_3D('',#12830,#10799,#10800);
#9767=AXIS2_PLACEMENT_3D('',#12834,#10803,#10804);
#9768=AXIS2_PLACEMENT_3D('',#12836,#10806,#10807);
#9769=AXIS2_PLACEMENT_3D('',#12842,#10811,#10812);
#9770=AXIS2_PLACEMENT_3D('',#12846,#10815,#10816);
#9771=AXIS2_PLACEMENT_3D('',#12850,#10819,#10820);
#9772=AXIS2_PLACEMENT_3D('',#12852,#10822,#10823);
#9773=AXIS2_PLACEMENT_3D('',#12853,#10824,#10825);
#9774=AXIS2_PLACEMENT_3D('',#12855,#10826,#10827);
#9775=AXIS2_PLACEMENT_3D('',#12856,#10828,#10829);
#9776=AXIS2_PLACEMENT_3D('',#12858,#10830,#10831);
#9777=AXIS2_PLACEMENT_3D('',#12859,#10832,#10833);
#9778=AXIS2_PLACEMENT_3D('',#12861,#10834,#10835);
#9779=AXIS2_PLACEMENT_3D('',#12863,#10836,#10837);
#9780=AXIS2_PLACEMENT_3D('',#12864,#10838,#10839);
#9781=AXIS2_PLACEMENT_3D('',#12865,#10840,#10841);
#9782=AXIS2_PLACEMENT_3D('',#12866,#10842,#10843);
#9783=AXIS2_PLACEMENT_3D('',#12870,#10845,#10846);
#9784=AXIS2_PLACEMENT_3D('',#12874,#10848,#10849);
#9785=AXIS2_PLACEMENT_3D('',#12878,#10851,#10852);
#9786=AXIS2_PLACEMENT_3D('',#12882,#10854,#10855);
#9787=AXIS2_PLACEMENT_3D('',#12883,#10856,#10857);
#9788=AXIS2_PLACEMENT_3D('',#12884,#10858,#10859);
#9789=AXIS2_PLACEMENT_3D('',#12888,#10861,#10862);
#9790=AXIS2_PLACEMENT_3D('',#12892,#10864,#10865);
#9791=AXIS2_PLACEMENT_3D('',#12896,#10867,#10868);
#9792=AXIS2_PLACEMENT_3D('',#12899,#10870,#10871);
#9793=AXIS2_PLACEMENT_3D('',#12900,#10872,#10873);
#9794=AXIS2_PLACEMENT_3D('',#12904,#10875,#10876);
#9795=AXIS2_PLACEMENT_3D('',#12908,#10878,#10879);
#9796=AXIS2_PLACEMENT_3D('',#12912,#10881,#10882);
#9797=AXIS2_PLACEMENT_3D('',#12915,#10884,#10885);
#9798=AXIS2_PLACEMENT_3D('',#12916,#10886,#10887);
#9799=AXIS2_PLACEMENT_3D('',#12920,#10889,#10890);
#9800=AXIS2_PLACEMENT_3D('',#12924,#10892,#10893);
#9801=AXIS2_PLACEMENT_3D('',#12927,#10895,#10896);
#9802=AXIS2_PLACEMENT_3D('',#12930,#10898,#10899);
#9803=AXIS2_PLACEMENT_3D('',#13134,#11001,#11002);
#9804=AXIS2_PLACEMENT_3D('',#13138,#11004,#11005);
#9805=AXIS2_PLACEMENT_3D('',#13142,#11007,#11008);
#9806=AXIS2_PLACEMENT_3D('',#13146,#11010,#11011);
#9807=AXIS2_PLACEMENT_3D('',#13147,#11012,#11013);
#9808=AXIS2_PLACEMENT_3D('',#13148,#11014,#11015);
#9809=AXIS2_PLACEMENT_3D('',#13153,#11017,#11018);
#9810=AXIS2_PLACEMENT_3D('',#13156,#11020,#11021);
#9811=AXIS2_PLACEMENT_3D('',#13162,#11025,#11026);
#9812=AXIS2_PLACEMENT_3D('',#13168,#11030,#11031);
#9813=AXIS2_PLACEMENT_3D('',#13169,#11032,#11033);
#9814=AXIS2_PLACEMENT_3D('',#13173,#11035,#11036);
#9815=AXIS2_PLACEMENT_3D('',#13174,#11037,#11038);
#9816=AXIS2_PLACEMENT_3D('',#13180,#11042,#11043);
#9817=AXIS2_PLACEMENT_3D('',#13181,#11044,#11045);
#9818=AXIS2_PLACEMENT_3D('',#13185,#11047,#11048);
#9819=AXIS2_PLACEMENT_3D('',#13186,#11049,#11050);
#9820=AXIS2_PLACEMENT_3D('',#13192,#11054,#11055);
#9821=AXIS2_PLACEMENT_3D('',#13193,#11056,#11057);
#9822=AXIS2_PLACEMENT_3D('',#13197,#11059,#11060);
#9823=AXIS2_PLACEMENT_3D('',#13198,#11061,#11062);
#9824=AXIS2_PLACEMENT_3D('',#13204,#11066,#11067);
#9825=AXIS2_PLACEMENT_3D('',#13210,#11071,#11072);
#9826=AXIS2_PLACEMENT_3D('',#13214,#11075,#11076);
#9827=AXIS2_PLACEMENT_3D('',#13218,#11079,#11080);
#9828=AXIS2_PLACEMENT_3D('',#13222,#11083,#11084);
#9829=AXIS2_PLACEMENT_3D('',#13226,#11087,#11088);
#9830=AXIS2_PLACEMENT_3D('',#13230,#11091,#11092);
#9831=AXIS2_PLACEMENT_3D('',#13231,#11093,#11094);
#9832=AXIS2_PLACEMENT_3D('',#13233,#11095,#11096);
#9833=AXIS2_PLACEMENT_3D('',#13235,#11097,#11098);
#9834=AXIS2_PLACEMENT_3D('',#13237,#11099,#11100);
#9835=AXIS2_PLACEMENT_3D('',#13242,#11103,#11104);
#9836=AXIS2_PLACEMENT_3D('',#13246,#11107,#11108);
#9837=AXIS2_PLACEMENT_3D('',#13250,#11111,#11112);
#9838=AXIS2_PLACEMENT_3D('',#13254,#11115,#11116);
#9839=AXIS2_PLACEMENT_3D('',#13258,#11119,#11120);
#9840=AXIS2_PLACEMENT_3D('',#13262,#11123,#11124);
#9841=AXIS2_PLACEMENT_3D('',#13266,#11127,#11128);
#9842=AXIS2_PLACEMENT_3D('',#13270,#11131,#11132);
#9843=AXIS2_PLACEMENT_3D('',#13274,#11135,#11136);
#9844=AXIS2_PLACEMENT_3D('',#13278,#11139,#11140);
#9845=AXIS2_PLACEMENT_3D('',#13282,#11143,#11144);
#9846=AXIS2_PLACEMENT_3D('',#13286,#11147,#11148);
#9847=AXIS2_PLACEMENT_3D('',#13290,#11151,#11152);
#9848=AXIS2_PLACEMENT_3D('',#13294,#11155,#11156);
#9849=AXIS2_PLACEMENT_3D('',#13298,#11159,#11160);
#9850=AXIS2_PLACEMENT_3D('',#13302,#11163,#11164);
#9851=AXIS2_PLACEMENT_3D('',#13306,#11167,#11168);
#9852=AXIS2_PLACEMENT_3D('',#13310,#11171,#11172);
#9853=AXIS2_PLACEMENT_3D('',#13314,#11175,#11176);
#9854=AXIS2_PLACEMENT_3D('',#13318,#11179,#11180);
#9855=AXIS2_PLACEMENT_3D('',#13322,#11183,#11184);
#9856=AXIS2_PLACEMENT_3D('',#13326,#11187,#11188);
#9857=AXIS2_PLACEMENT_3D('',#13330,#11191,#11192);
#9858=AXIS2_PLACEMENT_3D('',#13334,#11195,#11196);
#9859=AXIS2_PLACEMENT_3D('',#13338,#11199,#11200);
#9860=AXIS2_PLACEMENT_3D('',#13342,#11203,#11204);
#9861=AXIS2_PLACEMENT_3D('',#13346,#11207,#11208);
#9862=AXIS2_PLACEMENT_3D('',#13350,#11211,#11212);
#9863=AXIS2_PLACEMENT_3D('',#13354,#11215,#11216);
#9864=AXIS2_PLACEMENT_3D('',#13358,#11219,#11220);
#9865=AXIS2_PLACEMENT_3D('',#13362,#11223,#11224);
#9866=AXIS2_PLACEMENT_3D('',#13366,#11227,#11228);
#9867=AXIS2_PLACEMENT_3D('',#13370,#11231,#11232);
#9868=AXIS2_PLACEMENT_3D('',#13374,#11235,#11236);
#9869=AXIS2_PLACEMENT_3D('',#13378,#11239,#11240);
#9870=AXIS2_PLACEMENT_3D('',#13382,#11243,#11244);
#9871=AXIS2_PLACEMENT_3D('',#13386,#11247,#11248);
#9872=AXIS2_PLACEMENT_3D('',#13390,#11251,#11252);
#9873=AXIS2_PLACEMENT_3D('',#13394,#11255,#11256);
#9874=AXIS2_PLACEMENT_3D('',#13398,#11259,#11260);
#9875=AXIS2_PLACEMENT_3D('',#13402,#11263,#11264);
#9876=AXIS2_PLACEMENT_3D('',#13406,#11267,#11268);
#9877=AXIS2_PLACEMENT_3D('',#13410,#11271,#11272);
#9878=AXIS2_PLACEMENT_3D('',#13414,#11275,#11276);
#9879=AXIS2_PLACEMENT_3D('',#13418,#11279,#11280);
#9880=AXIS2_PLACEMENT_3D('',#13422,#11283,#11284);
#9881=AXIS2_PLACEMENT_3D('',#13426,#11287,#11288);
#9882=AXIS2_PLACEMENT_3D('',#13430,#11291,#11292);
#9883=AXIS2_PLACEMENT_3D('',#13434,#11295,#11296);
#9884=AXIS2_PLACEMENT_3D('',#13438,#11299,#11300);
#9885=AXIS2_PLACEMENT_3D('',#13442,#11303,#11304);
#9886=AXIS2_PLACEMENT_3D('',#13446,#11307,#11308);
#9887=AXIS2_PLACEMENT_3D('',#13450,#11311,#11312);
#9888=AXIS2_PLACEMENT_3D('',#13454,#11315,#11316);
#9889=AXIS2_PLACEMENT_3D('',#13458,#11319,#11320);
#9890=AXIS2_PLACEMENT_3D('',#13462,#11323,#11324);
#9891=AXIS2_PLACEMENT_3D('',#13466,#11327,#11328);
#9892=AXIS2_PLACEMENT_3D('',#13470,#11331,#11332);
#9893=AXIS2_PLACEMENT_3D('',#13474,#11335,#11336);
#9894=AXIS2_PLACEMENT_3D('',#13478,#11339,#11340);
#9895=AXIS2_PLACEMENT_3D('',#13482,#11343,#11344);
#9896=AXIS2_PLACEMENT_3D('',#13486,#11347,#11348);
#9897=AXIS2_PLACEMENT_3D('',#13490,#11351,#11352);
#9898=AXIS2_PLACEMENT_3D('',#13494,#11355,#11356);
#9899=AXIS2_PLACEMENT_3D('',#13498,#11359,#11360);
#9900=AXIS2_PLACEMENT_3D('',#13502,#11363,#11364);
#9901=AXIS2_PLACEMENT_3D('',#13506,#11367,#11368);
#9902=AXIS2_PLACEMENT_3D('',#13510,#11371,#11372);
#9903=AXIS2_PLACEMENT_3D('',#13514,#11375,#11376);
#9904=AXIS2_PLACEMENT_3D('',#13518,#11379,#11380);
#9905=AXIS2_PLACEMENT_3D('',#13522,#11383,#11384);
#9906=AXIS2_PLACEMENT_3D('',#13526,#11387,#11388);
#9907=AXIS2_PLACEMENT_3D('',#13530,#11391,#11392);
#9908=AXIS2_PLACEMENT_3D('',#13534,#11395,#11396);
#9909=AXIS2_PLACEMENT_3D('',#13538,#11399,#11400);
#9910=AXIS2_PLACEMENT_3D('',#13542,#11403,#11404);
#9911=AXIS2_PLACEMENT_3D('',#13546,#11407,#11408);
#9912=AXIS2_PLACEMENT_3D('',#13550,#11411,#11412);
#9913=AXIS2_PLACEMENT_3D('',#13554,#11415,#11416);
#9914=AXIS2_PLACEMENT_3D('',#13558,#11419,#11420);
#9915=AXIS2_PLACEMENT_3D('',#13562,#11423,#11424);
#9916=AXIS2_PLACEMENT_3D('',#13566,#11427,#11428);
#9917=AXIS2_PLACEMENT_3D('',#13570,#11431,#11432);
#9918=AXIS2_PLACEMENT_3D('',#13574,#11435,#11436);
#9919=AXIS2_PLACEMENT_3D('',#13578,#11439,#11440);
#9920=AXIS2_PLACEMENT_3D('',#13582,#11443,#11444);
#9921=AXIS2_PLACEMENT_3D('',#13586,#11447,#11448);
#9922=AXIS2_PLACEMENT_3D('',#13590,#11451,#11452);
#9923=AXIS2_PLACEMENT_3D('',#13594,#11455,#11456);
#9924=AXIS2_PLACEMENT_3D('',#13598,#11459,#11460);
#9925=AXIS2_PLACEMENT_3D('',#13602,#11463,#11464);
#9926=AXIS2_PLACEMENT_3D('',#13606,#11467,#11468);
#9927=AXIS2_PLACEMENT_3D('',#13610,#11471,#11472);
#9928=AXIS2_PLACEMENT_3D('',#13619,#11477,#11478);
#9929=AXIS2_PLACEMENT_3D('',#13620,#11479,#11480);
#9930=AXIS2_PLACEMENT_3D('',#13624,#11482,#11483);
#9931=AXIS2_PLACEMENT_3D('',#13625,#11484,#11485);
#9932=AXIS2_PLACEMENT_3D('',#13631,#11489,#11490);
#9933=AXIS2_PLACEMENT_3D('',#13637,#11494,#11495);
#9934=AXIS2_PLACEMENT_3D('',#13638,#11496,#11497);
#9935=AXIS2_PLACEMENT_3D('',#13642,#11499,#11500);
#9936=AXIS2_PLACEMENT_3D('',#13643,#11501,#11502);
#9937=AXIS2_PLACEMENT_3D('',#13649,#11506,#11507);
#9938=AXIS2_PLACEMENT_3D('',#13650,#11508,#11509);
#9939=AXIS2_PLACEMENT_3D('',#13654,#11511,#11512);
#9940=AXIS2_PLACEMENT_3D('',#13655,#11513,#11514);
#9941=AXIS2_PLACEMENT_3D('',#13661,#11518,#11519);
#9942=AXIS2_PLACEMENT_3D('',#13662,#11520,#11521);
#9943=AXIS2_PLACEMENT_3D('',#13666,#11523,#11524);
#9944=AXIS2_PLACEMENT_3D('',#13667,#11525,#11526);
#9945=AXIS2_PLACEMENT_3D('',#13676,#11531,#11532);
#9946=AXIS2_PLACEMENT_3D('',#13677,#11533,#11534);
#9947=AXIS2_PLACEMENT_3D('',#13681,#11536,#11537);
#9948=AXIS2_PLACEMENT_3D('',#13682,#11538,#11539);
#9949=AXIS2_PLACEMENT_3D('',#13688,#11543,#11544);
#9950=AXIS2_PLACEMENT_3D('',#13694,#11548,#11549);
#9951=AXIS2_PLACEMENT_3D('',#13695,#11550,#11551);
#9952=AXIS2_PLACEMENT_3D('',#13699,#11553,#11554);
#9953=AXIS2_PLACEMENT_3D('',#13700,#11555,#11556);
#9954=AXIS2_PLACEMENT_3D('',#13706,#11560,#11561);
#9955=AXIS2_PLACEMENT_3D('',#13707,#11562,#11563);
#9956=AXIS2_PLACEMENT_3D('',#13711,#11565,#11566);
#9957=AXIS2_PLACEMENT_3D('',#13712,#11567,#11568);
#9958=AXIS2_PLACEMENT_3D('',#13718,#11572,#11573);
#9959=AXIS2_PLACEMENT_3D('',#13719,#11574,#11575);
#9960=AXIS2_PLACEMENT_3D('',#13723,#11577,#11578);
#9961=AXIS2_PLACEMENT_3D('',#13724,#11579,#11580);
#9962=AXIS2_PLACEMENT_3D('',#13733,#11585,#11586);
#9963=AXIS2_PLACEMENT_3D('',#13734,#11587,#11588);
#9964=AXIS2_PLACEMENT_3D('',#13738,#11590,#11591);
#9965=AXIS2_PLACEMENT_3D('',#13739,#11592,#11593);
#9966=AXIS2_PLACEMENT_3D('',#13745,#11597,#11598);
#9967=AXIS2_PLACEMENT_3D('',#13751,#11602,#11603);
#9968=AXIS2_PLACEMENT_3D('',#13752,#11604,#11605);
#9969=AXIS2_PLACEMENT_3D('',#13756,#11607,#11608);
#9970=AXIS2_PLACEMENT_3D('',#13757,#11609,#11610);
#9971=AXIS2_PLACEMENT_3D('',#13763,#11614,#11615);
#9972=AXIS2_PLACEMENT_3D('',#13764,#11616,#11617);
#9973=AXIS2_PLACEMENT_3D('',#13768,#11619,#11620);
#9974=AXIS2_PLACEMENT_3D('',#13769,#11621,#11622);
#9975=AXIS2_PLACEMENT_3D('',#13775,#11626,#11627);
#9976=AXIS2_PLACEMENT_3D('',#13776,#11628,#11629);
#9977=AXIS2_PLACEMENT_3D('',#13780,#11631,#11632);
#9978=AXIS2_PLACEMENT_3D('',#13781,#11633,#11634);
#9979=AXIS2_PLACEMENT_3D('',#13784,#11637,#11638);
#9980=AXIS2_PLACEMENT_3D('',#13786,#11640,#11641);
#9981=AXIS2_PLACEMENT_3D('',#13789,#11644,#11645);
#9982=AXIS2_PLACEMENT_3D('',#13792,#11648,#11649);
#9983=AXIS2_PLACEMENT_3D('',#13795,#11652,#11653);
#9984=AXIS2_PLACEMENT_3D('',#13796,#11654,#11655);
#9985=AXIS2_PLACEMENT_3D('',#13798,#11656,#11657);
#9986=AXIS2_PLACEMENT_3D('',#13800,#11658,#11659);
#9987=AXIS2_PLACEMENT_3D('',#13801,#11660,#11661);
#9988=AXIS2_PLACEMENT_3D('',#13804,#11664,#11665);
#9989=AXIS2_PLACEMENT_3D('',#13806,#11667,#11668);
#9990=AXIS2_PLACEMENT_3D('',#13808,#11670,#11671);
#9991=AXIS2_PLACEMENT_3D('',#13810,#11673,#11674);
#9992=AXIS2_PLACEMENT_3D('',#13812,#11676,#11677);
#9993=AXIS2_PLACEMENT_3D('',#13814,#11679,#11680);
#9994=AXIS2_PLACEMENT_3D('',#13816,#11682,#11683);
#9995=AXIS2_PLACEMENT_3D('',#13817,#11684,#11685);
#9996=AXIS2_PLACEMENT_3D('',#13818,#11686,#11687);
#9997=AXIS2_PLACEMENT_3D('',#13819,#11688,#11689);
#9998=AXIS2_PLACEMENT_3D('',#13820,#11690,#11691);
#9999=AXIS2_PLACEMENT_3D('',#13821,#11692,#11693);
#10000=AXIS2_PLACEMENT_3D('',#13822,#11694,#11695);
#10001=AXIS2_PLACEMENT_3D('',#13825,#11697,#11698);
#10002=AXIS2_PLACEMENT_3D('',#13828,#11700,#11701);
#10003=AXIS2_PLACEMENT_3D('',#13832,#11704,#11705);
#10004=AXIS2_PLACEMENT_3D('',#13835,#11707,#11708);
#10005=AXIS2_PLACEMENT_3D('',#13836,#11709,#11710);
#10006=AXIS2_PLACEMENT_3D('',#13840,#11713,#11714);
#10007=AXIS2_PLACEMENT_3D('',#13843,#11716,#11717);
#10008=AXIS2_PLACEMENT_3D('',#13844,#11718,#11719);
#10009=AXIS2_PLACEMENT_3D('',#13848,#11722,#11723);
#10010=AXIS2_PLACEMENT_3D('',#13851,#11725,#11726);
#10011=AXIS2_PLACEMENT_3D('',#13852,#11727,#11728);
#10012=AXIS2_PLACEMENT_3D('',#13856,#11731,#11732);
#10013=AXIS2_PLACEMENT_3D('',#13859,#11734,#11735);
#10014=AXIS2_PLACEMENT_3D('',#13860,#11736,#11737);
#10015=AXIS2_PLACEMENT_3D('',#13864,#11740,#11741);
#10016=AXIS2_PLACEMENT_3D('',#13867,#11743,#11744);
#10017=AXIS2_PLACEMENT_3D('',#13868,#11745,#11746);
#10018=AXIS2_PLACEMENT_3D('',#13872,#11749,#11750);
#10019=AXIS2_PLACEMENT_3D('',#13875,#11752,#11753);
#10020=AXIS2_PLACEMENT_3D('',#13876,#11754,#11755);
#10021=AXIS2_PLACEMENT_3D('',#13880,#11758,#11759);
#10022=AXIS2_PLACEMENT_3D('',#13883,#11761,#11762);
#10023=AXIS2_PLACEMENT_3D('',#13884,#11763,#11764);
#10024=AXIS2_PLACEMENT_3D('',#13886,#11766,#11767);
#10025=AXIS2_PLACEMENT_3D('',#13887,#11768,#11769);
#10026=AXIS2_PLACEMENT_3D('',#13888,#11770,#11771);
#10027=AXIS2_PLACEMENT_3D('',#13890,#11772,#11773);
#10028=AXIS2_PLACEMENT_3D('',#13891,#11774,#11775);
#10029=AXIS2_PLACEMENT_3D('',#13892,#11776,#11777);
#10030=AXIS2_PLACEMENT_3D('',#13894,#11778,#11779);
#10031=AXIS2_PLACEMENT_3D('',#13895,#11780,#11781);
#10032=AXIS2_PLACEMENT_3D('',#13896,#11782,#11783);
#10033=AXIS2_PLACEMENT_3D('',#13898,#11784,#11785);
#10034=AXIS2_PLACEMENT_3D('',#13899,#11786,#11787);
#10035=AXIS2_PLACEMENT_3D('',#13900,#11788,#11789);
#10036=AXIS2_PLACEMENT_3D('',#13902,#11790,#11791);
#10037=AXIS2_PLACEMENT_3D('',#13903,#11792,#11793);
#10038=AXIS2_PLACEMENT_3D('',#13904,#11794,#11795);
#10039=AXIS2_PLACEMENT_3D('',#14295,#11841,#11842);
#10040=AXIS2_PLACEMENT_3D('',#14297,#11843,#11844);
#10041=AXIS2_PLACEMENT_3D('',#14306,#11849,#11850);
#10042=AXIS2_PLACEMENT_3D('',#14312,#11854,#11855);
#10043=AXIS2_PLACEMENT_3D('',#14318,#11859,#11860);
#10044=AXIS2_PLACEMENT_3D('',#14321,#11863,#11864);
#10045=AXIS2_PLACEMENT_3D('',#14322,#11865,#11866);
#10046=AXIS2_PLACEMENT_3D('',#14324,#11867,#11868);
#10047=AXIS2_PLACEMENT_3D('',#14363,#11869,#11870);
#10048=AXIS2_PLACEMENT_3D('',#14478,#11882,#11883);
#10049=AXIS2_PLACEMENT_3D('',#14481,#11886,#11887);
#10050=AXIS2_PLACEMENT_3D('',#14483,#11889,#11890);
#10051=AXIS2_PLACEMENT_3D('',#14485,#11892,#11893);
#10052=AXIS2_PLACEMENT_3D('',#14487,#11895,#11896);
#10053=AXIS2_PLACEMENT_3D('',#14489,#11898,#11899);
#10054=AXIS2_PLACEMENT_3D('',#14491,#11901,#11902);
#10055=AXIS2_PLACEMENT_3D('',#14594,#11907,#11908);
#10056=AXIS2_PLACEMENT_3D('',#14595,#11909,#11910);
#10057=AXIS2_PLACEMENT_3D('',#14601,#11914,#11915);
#10058=AXIS2_PLACEMENT_3D('',#14605,#11918,#11919);
#10059=AXIS2_PLACEMENT_3D('',#14725,#11923,#11924);
#10060=AXIS2_PLACEMENT_3D('',#14726,#11925,#11926);
#10061=AXIS2_PLACEMENT_3D('',#14732,#11930,#11931);
#10062=AXIS2_PLACEMENT_3D('',#14736,#11934,#11935);
#10063=AXIS2_PLACEMENT_3D('',#14740,#11938,#11939);
#10064=AXIS2_PLACEMENT_3D('',#14744,#11942,#11943);
#10065=AXIS2_PLACEMENT_3D('',#14748,#11946,#11947);
#10066=AXIS2_PLACEMENT_3D('',#14752,#11950,#11951);
#10067=AXIS2_PLACEMENT_3D('',#14756,#11954,#11955);
#10068=AXIS2_PLACEMENT_3D('',#14760,#11958,#11959);
#10069=AXIS2_PLACEMENT_3D('',#14764,#11962,#11963);
#10070=AXIS2_PLACEMENT_3D('',#14768,#11966,#11967);
#10071=AXIS2_PLACEMENT_3D('',#14772,#11970,#11971);
#10072=AXIS2_PLACEMENT_3D('',#14774,#11973,#11974);
#10073=AXIS2_PLACEMENT_3D('',#15072,#11981,#11982);
#10074=AXIS2_PLACEMENT_3D('',#15076,#11985,#11986);
#10075=AXIS2_PLACEMENT_3D('',#15080,#11989,#11990);
#10076=AXIS2_PLACEMENT_3D('',#15344,#11997,#11998);
#10077=AXIS2_PLACEMENT_3D('',#15346,#12000,#12001);
#10078=AXIS2_PLACEMENT_3D('',#15347,#12002,#12003);
#10079=AXIS2_PLACEMENT_3D('',#15353,#12007,#12008);
#10080=AXIS2_PLACEMENT_3D('',#15357,#12011,#12012);
#10081=AXIS2_PLACEMENT_3D('',#15361,#12015,#12016);
#10082=AXIS2_PLACEMENT_3D('',#15365,#12019,#12020);
#10083=AXIS2_PLACEMENT_3D('',#15369,#12023,#12024);
#10084=AXIS2_PLACEMENT_3D('',#15373,#12027,#12028);
#10085=AXIS2_PLACEMENT_3D('',#15377,#12031,#12032);
#10086=AXIS2_PLACEMENT_3D('',#15381,#12035,#12036);
#10087=AXIS2_PLACEMENT_3D('',#15385,#12039,#12040);
#10088=AXIS2_PLACEMENT_3D('',#15387,#12042,#12043);
#10089=AXIS2_PLACEMENT_3D('',#15388,#12044,#12045);
#10090=AXIS2_PLACEMENT_3D('',#15411,#12057,#12058);
#10091=AXIS2_PLACEMENT_3D('',#15414,#12061,#12062);
#10092=AXIS2_PLACEMENT_3D('',#15416,#12064,#12065);
#10093=AXIS2_PLACEMENT_3D('',#15418,#12067,#12068);
#10094=AXIS2_PLACEMENT_3D('',#15420,#12070,#12071);
#10095=AXIS2_PLACEMENT_3D('',#15422,#12073,#12074);
#10096=AXIS2_PLACEMENT_3D('',#15424,#12076,#12077);
#10097=AXIS2_PLACEMENT_3D('',#15426,#12079,#12080);
#10098=AXIS2_PLACEMENT_3D('',#15427,#12081,#12082);
#10099=AXIS2_PLACEMENT_3D('',#15433,#12086,#12087);
#10100=AXIS2_PLACEMENT_3D('',#15437,#12090,#12091);
#10101=AXIS2_PLACEMENT_3D('',#15439,#12093,#12094);
#10102=AXIS2_PLACEMENT_3D('',#15440,#12095,#12096);
#10103=AXIS2_PLACEMENT_3D('',#15577,#12103,#12104);
#10104=AXIS2_PLACEMENT_3D('',#15697,#12110,#12111);
#10105=AXIS2_PLACEMENT_3D('',#15699,#12113,#12114);
#10106=AXIS2_PLACEMENT_3D('',#15700,#12115,#12116);
#10107=AXIS2_PLACEMENT_3D('',#15706,#12120,#12121);
#10108=AXIS2_PLACEMENT_3D('',#15898,#12128,#12129);
#10109=AXIS2_PLACEMENT_3D('',#15900,#12131,#12132);
#10110=DIRECTION('',(0.,0.,1.));
#10111=DIRECTION('',(1.,0.,0.));
#10112=DIRECTION('',(0.,0.,-1.));
#10113=DIRECTION('',(0.,1.,0.));
#10114=DIRECTION('',(0.,0.,1.));
#10115=DIRECTION('',(0.,-1.,0.));
#10116=DIRECTION('',(0.,0.,1.));
#10117=DIRECTION('',(0.,-1.,0.));
#10118=DIRECTION('',(0.,0.,1.));
#10119=DIRECTION('',(0.,-1.,0.));
#10120=DIRECTION('',(0.,0.,1.));
#10121=DIRECTION('',(0.,-1.,0.));
#10122=DIRECTION('',(0.,0.,1.));
#10123=DIRECTION('',(1.,0.,0.));
#10124=DIRECTION('',(0.,0.,1.));
#10125=DIRECTION('',(0.,-1.,0.));
#10126=DIRECTION('',(0.,0.,1.));
#10127=DIRECTION('',(0.,-1.,0.));
#10128=DIRECTION('',(0.,0.,1.));
#10129=DIRECTION('',(0.,-1.,0.));
#10130=DIRECTION('',(0.,0.,1.));
#10131=DIRECTION('',(0.,-1.,0.));
#10132=DIRECTION('',(0.,0.,1.));
#10133=DIRECTION('',(0.,-1.,0.));
#10134=DIRECTION('',(0.,0.,1.));
#10135=DIRECTION('',(0.,-1.,0.));
#10136=DIRECTION('',(0.,0.,-1.));
#10137=DIRECTION('',(0.,1.,0.));
#10138=DIRECTION('',(0.,0.,-1.));
#10139=DIRECTION('',(0.,1.,0.));
#10140=DIRECTION('',(0.,0.,1.));
#10141=DIRECTION('',(0.,-1.,0.));
#10142=DIRECTION('',(0.,0.,1.));
#10143=DIRECTION('',(0.,-1.,0.));
#10144=DIRECTION('',(0.,0.,-1.));
#10145=DIRECTION('',(0.,1.,0.));
#10146=DIRECTION('',(0.,0.,1.));
#10147=DIRECTION('',(0.,-1.,0.));
#10148=DIRECTION('',(0.,0.,1.));
#10149=DIRECTION('',(0.,-1.,0.));
#10150=DIRECTION('',(0.,0.,1.));
#10151=DIRECTION('',(1.,0.,0.));
#10152=DIRECTION('',(0.,0.,-1.));
#10153=DIRECTION('',(0.,1.,0.));
#10154=DIRECTION('',(0.,0.,1.));
#10155=DIRECTION('',(0.,-1.,0.));
#10156=DIRECTION('',(0.,0.,1.));
#10157=DIRECTION('',(0.,-1.,0.));
#10158=DIRECTION('',(0.,0.,1.));
#10159=DIRECTION('',(0.,-1.,0.));
#10160=DIRECTION('',(0.,0.,1.));
#10161=DIRECTION('',(0.,-1.,0.));
#10162=DIRECTION('',(0.,0.,1.));
#10163=DIRECTION('',(0.,-1.,0.));
#10164=DIRECTION('',(0.,0.,1.));
#10165=DIRECTION('',(0.,-1.,0.));
#10166=DIRECTION('',(0.,0.,1.));
#10167=DIRECTION('',(1.,0.,0.));
#10168=DIRECTION('',(0.,0.,-1.));
#10169=DIRECTION('',(0.,1.,0.));
#10170=DIRECTION('',(0.,0.,1.));
#10171=DIRECTION('',(0.,-1.,0.));
#10172=DIRECTION('',(0.,0.,1.));
#10173=DIRECTION('',(0.,-1.,0.));
#10174=DIRECTION('',(0.,0.,1.));
#10175=DIRECTION('',(0.,-1.,0.));
#10176=DIRECTION('',(0.,0.,1.));
#10177=DIRECTION('',(0.,-1.,0.));
#10178=DIRECTION('',(0.,0.,1.));
#10179=DIRECTION('',(1.,0.,0.));
#10180=DIRECTION('',(0.,0.,-1.));
#10181=DIRECTION('',(0.,1.,0.));
#10182=DIRECTION('',(0.,0.,1.));
#10183=DIRECTION('',(0.,-1.,0.));
#10184=DIRECTION('',(0.,0.,1.));
#10185=DIRECTION('',(0.,-1.,0.));
#10186=DIRECTION('',(0.,0.,1.));
#10187=DIRECTION('',(0.,-1.,0.));
#10188=DIRECTION('',(0.,0.,1.));
#10189=DIRECTION('',(0.,-1.,0.));
#10190=DIRECTION('',(0.,0.,1.));
#10191=DIRECTION('',(1.,0.,0.));
#10192=DIRECTION('',(0.,0.,-1.));
#10193=DIRECTION('',(0.,1.,0.));
#10194=DIRECTION('',(0.,0.,1.));
#10195=DIRECTION('',(0.,-1.,0.));
#10196=DIRECTION('',(0.,0.,1.));
#10197=DIRECTION('',(0.,-1.,0.));
#10198=DIRECTION('',(0.,0.,1.));
#10199=DIRECTION('',(0.,-1.,0.));
#10200=DIRECTION('',(0.,0.,1.));
#10201=DIRECTION('',(0.,-1.,0.));
#10202=DIRECTION('',(0.,0.,1.));
#10203=DIRECTION('',(1.,0.,0.));
#10204=DIRECTION('',(0.,0.,-1.));
#10205=DIRECTION('',(0.,1.,0.));
#10206=DIRECTION('',(0.,0.,1.));
#10207=DIRECTION('',(0.,-1.,0.));
#10208=DIRECTION('',(0.,0.,-1.));
#10209=DIRECTION('',(0.,0.,1.));
#10210=DIRECTION('',(0.,-1.,0.));
#10211=DIRECTION('',(0.,0.,-1.));
#10212=DIRECTION('',(0.,1.,0.));
#10213=DIRECTION('',(-1.,0.,0.));
#10214=DIRECTION('',(1.,0.,0.));
#10215=DIRECTION('',(0.,0.,-1.));
#10216=DIRECTION('',(1.,0.,0.));
#10217=DIRECTION('',(0.,0.,-1.));
#10218=DIRECTION('',(0.,1.,0.));
#10219=DIRECTION('',(0.,0.,1.));
#10220=DIRECTION('',(0.,-1.,0.));
#10221=DIRECTION('',(0.,0.,-1.));
#10222=DIRECTION('',(0.,0.,1.));
#10223=DIRECTION('',(0.,-1.,0.));
#10224=DIRECTION('',(-1.,-7.54227598250786E-17,0.));
#10225=DIRECTION('',(7.54227598250786E-17,-1.,0.));
#10226=DIRECTION('',(-7.54227598250786E-17,1.,0.));
#10227=DIRECTION('',(0.,0.,-1.));
#10228=DIRECTION('',(-7.54227598250786E-17,1.,0.));
#10229=DIRECTION('',(0.,0.,-1.));
#10230=DIRECTION('',(0.,1.,0.));
#10231=DIRECTION('',(0.,0.,1.));
#10232=DIRECTION('',(0.,-1.,0.));
#10233=DIRECTION('',(0.,0.,-1.));
#10234=DIRECTION('',(0.,0.,1.));
#10235=DIRECTION('',(0.,-1.,0.));
#10236=DIRECTION('',(0.,-1.,0.));
#10237=DIRECTION('',(1.,0.,0.));
#10238=DIRECTION('',(-1.,0.,0.));
#10239=DIRECTION('',(0.,0.,-1.));
#10240=DIRECTION('',(-1.,0.,0.));
#10241=DIRECTION('',(0.,0.,-1.));
#10242=DIRECTION('',(0.,1.,0.));
#10243=DIRECTION('',(0.,0.,1.));
#10244=DIRECTION('',(0.,-1.,0.));
#10245=DIRECTION('',(0.,0.,-1.));
#10246=DIRECTION('',(0.,0.,1.));
#10247=DIRECTION('',(0.,-1.,0.));
#10248=DIRECTION('',(1.,0.,0.));
#10249=DIRECTION('',(0.,1.,0.));
#10250=DIRECTION('',(0.,-1.,0.));
#10251=DIRECTION('',(0.,-1.,0.));
#10252=DIRECTION('',(0.,0.,1.));
#10253=DIRECTION('',(0.,-1.,0.));
#10254=DIRECTION('',(0.,0.,1.));
#10255=DIRECTION('',(0.,-1.,0.));
#10256=DIRECTION('',(0.,0.,1.));
#10257=DIRECTION('',(0.,-1.,0.));
#10258=DIRECTION('',(0.,0.,1.));
#10259=DIRECTION('',(0.,-1.,0.));
#10260=DIRECTION('',(0.,0.,1.));
#10261=DIRECTION('',(0.,-1.,0.));
#10262=DIRECTION('',(0.,0.,1.));
#10263=DIRECTION('',(0.,-1.,0.));
#10264=DIRECTION('',(0.,0.,1.));
#10265=DIRECTION('',(1.,0.,0.));
#10266=DIRECTION('',(-1.,0.,0.));
#10267=DIRECTION('',(0.,-1.,0.));
#10268=DIRECTION('',(0.,1.,0.));
#10269=DIRECTION('',(0.,0.,-1.));
#10270=DIRECTION('',(0.,1.,0.));
#10271=DIRECTION('',(0.,0.,-1.));
#10272=DIRECTION('',(0.,-1.,0.));
#10273=DIRECTION('',(1.,0.,0.));
#10274=DIRECTION('',(-1.,0.,0.));
#10275=DIRECTION('',(0.,0.,-1.));
#10276=DIRECTION('',(-1.,0.,0.));
#10277=DIRECTION('',(1.,0.,0.));
#10278=DIRECTION('',(0.,1.,0.));
#10279=DIRECTION('',(0.,-1.,0.));
#10280=DIRECTION('',(0.,0.,-1.));
#10281=DIRECTION('',(0.,-1.,0.));
#10282=DIRECTION('',(0.,1.,0.));
#10283=DIRECTION('',(-1.,0.,0.));
#10284=DIRECTION('',(1.,0.,0.));
#10285=DIRECTION('',(1.,0.,0.));
#10286=DIRECTION('',(0.,0.,-1.));
#10287=DIRECTION('',(0.,1.,0.));
#10288=DIRECTION('',(0.,0.,-1.));
#10289=DIRECTION('',(0.,1.,0.));
#10290=DIRECTION('',(0.,0.,1.));
#10291=DIRECTION('',(1.,0.,0.));
#10292=DIRECTION('',(1.,0.,0.));
#10293=DIRECTION('',(0.,1.,0.));
#10294=DIRECTION('',(0.,-1.,0.));
#10295=DIRECTION('',(0.,0.,-1.));
#10296=DIRECTION('',(0.,-1.,0.));
#10297=DIRECTION('',(0.,0.,-1.));
#10298=DIRECTION('',(0.,1.,0.));
#10299=DIRECTION('',(-1.,0.,0.));
#10300=DIRECTION('',(1.,0.,0.));
#10301=DIRECTION('',(0.,0.,-1.));
#10302=DIRECTION('',(1.,0.,0.));
#10303=DIRECTION('',(-1.,0.,0.));
#10304=DIRECTION('',(0.,-1.,0.));
#10305=DIRECTION('',(0.,1.,0.));
#10306=DIRECTION('',(0.,0.,-1.));
#10307=DIRECTION('',(0.,1.,0.));
#10308=DIRECTION('',(0.,-1.,0.));
#10309=DIRECTION('',(1.,0.,0.));
#10310=DIRECTION('',(-1.,0.,0.));
#10311=DIRECTION('',(-1.,0.,0.));
#10312=DIRECTION('',(0.,0.,-1.));
#10313=DIRECTION('',(0.,1.,0.));
#10314=DIRECTION('',(0.,0.,-1.));
#10315=DIRECTION('',(0.,1.,0.));
#10316=DIRECTION('',(0.,0.,1.));
#10317=DIRECTION('',(1.,0.,0.));
#10318=DIRECTION('',(1.,0.,0.));
#10319=DIRECTION('',(0.,1.,0.));
#10320=DIRECTION('',(0.,-1.,0.));
#10321=DIRECTION('',(0.,0.,-1.));
#10322=DIRECTION('',(0.,-1.,0.));
#10323=DIRECTION('',(0.,0.,-1.));
#10324=DIRECTION('',(0.,1.,0.));
#10325=DIRECTION('',(-1.,0.,0.));
#10326=DIRECTION('',(1.,0.,0.));
#10327=DIRECTION('',(0.,0.,-1.));
#10328=DIRECTION('',(1.,0.,0.));
#10329=DIRECTION('',(-1.,0.,0.));
#10330=DIRECTION('',(0.,-1.,0.));
#10331=DIRECTION('',(0.,1.,0.));
#10332=DIRECTION('',(0.,0.,-1.));
#10333=DIRECTION('',(0.,1.,0.));
#10334=DIRECTION('',(0.,-1.,0.));
#10335=DIRECTION('',(1.,0.,0.));
#10336=DIRECTION('',(-1.,0.,0.));
#10337=DIRECTION('',(-1.,0.,0.));
#10338=DIRECTION('',(0.,0.,-1.));
#10339=DIRECTION('',(0.,1.,0.));
#10340=DIRECTION('',(0.,0.,-1.));
#10341=DIRECTION('',(0.,1.,0.));
#10342=DIRECTION('',(0.,0.,1.));
#10343=DIRECTION('',(1.,0.,0.));
#10344=DIRECTION('',(1.,0.,0.));
#10345=DIRECTION('',(0.,1.,0.));
#10346=DIRECTION('',(0.,-1.,0.));
#10347=DIRECTION('',(0.,0.,-1.));
#10348=DIRECTION('',(0.,-1.,0.));
#10349=DIRECTION('',(0.,0.,-1.));
#10350=DIRECTION('',(0.,1.,0.));
#10351=DIRECTION('',(-1.,0.,0.));
#10352=DIRECTION('',(1.,0.,0.));
#10353=DIRECTION('',(0.,0.,-1.));
#10354=DIRECTION('',(1.,0.,0.));
#10355=DIRECTION('',(-1.,0.,0.));
#10356=DIRECTION('',(0.,-1.,0.));
#10357=DIRECTION('',(0.,1.,0.));
#10358=DIRECTION('',(0.,0.,-1.));
#10359=DIRECTION('',(0.,1.,0.));
#10360=DIRECTION('',(0.,-1.,0.));
#10361=DIRECTION('',(1.,0.,0.));
#10362=DIRECTION('',(-1.,0.,0.));
#10363=DIRECTION('',(-1.,0.,0.));
#10364=DIRECTION('',(0.,0.,-1.));
#10365=DIRECTION('',(0.,1.,0.));
#10366=DIRECTION('',(0.,0.,-1.));
#10367=DIRECTION('',(0.,1.,0.));
#10368=DIRECTION('',(0.,0.,1.));
#10369=DIRECTION('',(1.,0.,0.));
#10370=DIRECTION('',(1.,0.,0.));
#10371=DIRECTION('',(0.,1.,0.));
#10372=DIRECTION('',(0.,-1.,0.));
#10373=DIRECTION('',(0.,0.,-1.));
#10374=DIRECTION('',(0.,-1.,0.));
#10375=DIRECTION('',(0.,0.,-1.));
#10376=DIRECTION('',(0.,1.,0.));
#10377=DIRECTION('',(-1.,0.,0.));
#10378=DIRECTION('',(1.,0.,0.));
#10379=DIRECTION('',(0.,0.,-1.));
#10380=DIRECTION('',(1.,0.,0.));
#10381=DIRECTION('',(-1.,0.,0.));
#10382=DIRECTION('',(0.,-1.,0.));
#10383=DIRECTION('',(0.,1.,0.));
#10384=DIRECTION('',(0.,0.,-1.));
#10385=DIRECTION('',(0.,1.,0.));
#10386=DIRECTION('',(0.,-1.,0.));
#10387=DIRECTION('',(1.,0.,0.));
#10388=DIRECTION('',(-1.,0.,0.));
#10389=DIRECTION('',(-1.,0.,0.));
#10390=DIRECTION('',(0.,0.,-1.));
#10391=DIRECTION('',(0.,1.,0.));
#10392=DIRECTION('',(0.,0.,-1.));
#10393=DIRECTION('',(0.,1.,0.));
#10394=DIRECTION('',(0.,0.,1.));
#10395=DIRECTION('',(1.,0.,0.));
#10396=DIRECTION('',(1.,0.,0.));
#10397=DIRECTION('',(0.,1.,0.));
#10398=DIRECTION('',(0.,-1.,0.));
#10399=DIRECTION('',(0.,0.,-1.));
#10400=DIRECTION('',(0.,-1.,0.));
#10401=DIRECTION('',(0.,0.,-1.));
#10402=DIRECTION('',(0.,1.,0.));
#10403=DIRECTION('',(-1.,0.,0.));
#10404=DIRECTION('',(1.,0.,0.));
#10405=DIRECTION('',(0.,0.,-1.));
#10406=DIRECTION('',(1.,0.,0.));
#10407=DIRECTION('',(-1.,0.,0.));
#10408=DIRECTION('',(0.,-1.,0.));
#10409=DIRECTION('',(0.,1.,0.));
#10410=DIRECTION('',(0.,0.,-1.));
#10411=DIRECTION('',(0.,1.,0.));
#10412=DIRECTION('',(0.,-1.,0.));
#10413=DIRECTION('',(1.,0.,0.));
#10414=DIRECTION('',(-1.,0.,0.));
#10415=DIRECTION('',(-1.,0.,0.));
#10416=DIRECTION('',(0.,0.,-1.));
#10417=DIRECTION('',(0.,1.,0.));
#10418=DIRECTION('',(0.,0.,-1.));
#10419=DIRECTION('',(0.,1.,0.));
#10420=DIRECTION('',(0.,0.,1.));
#10421=DIRECTION('',(1.,0.,0.));
#10422=DIRECTION('',(1.,0.,0.));
#10423=DIRECTION('',(0.,1.,0.));
#10424=DIRECTION('',(0.,-1.,0.));
#10425=DIRECTION('',(0.,0.,-1.));
#10426=DIRECTION('',(0.,-1.,0.));
#10427=DIRECTION('',(0.,0.,-1.));
#10428=DIRECTION('',(0.,1.,0.));
#10429=DIRECTION('',(-1.,0.,0.));
#10430=DIRECTION('',(1.,0.,0.));
#10431=DIRECTION('',(0.,0.,-1.));
#10432=DIRECTION('',(1.,0.,0.));
#10433=DIRECTION('',(-1.,1.66694815499427E-16,0.));
#10434=DIRECTION('',(-1.66694815499427E-16,-1.,0.));
#10435=DIRECTION('',(1.66694815499427E-16,1.,0.));
#10436=DIRECTION('',(0.,0.,-1.));
#10437=DIRECTION('',(1.66694815499427E-16,1.,0.));
#10438=DIRECTION('',(0.,-1.,0.));
#10439=DIRECTION('',(1.,0.,0.));
#10440=DIRECTION('',(-1.,0.,0.));
#10441=DIRECTION('',(-1.,0.,0.));
#10442=DIRECTION('',(0.,0.,1.));
#10443=DIRECTION('',(0.,-1.,0.));
#10444=DIRECTION('',(0.,0.,1.));
#10445=DIRECTION('',(0.,-1.,0.));
#10446=DIRECTION('',(0.,0.,1.));
#10447=DIRECTION('',(1.,0.,0.));
#10448=DIRECTION('',(0.,0.,1.));
#10449=DIRECTION('',(0.,-1.,0.));
#10450=DIRECTION('',(0.,0.,1.));
#10451=DIRECTION('',(0.,-1.,0.));
#10452=DIRECTION('',(0.,0.,1.));
#10453=DIRECTION('',(0.,1.,0.));
#10454=DIRECTION('',(0.,0.,1.));
#10455=DIRECTION('',(0.,-1.,0.));
#10456=DIRECTION('',(0.,0.,1.));
#10457=DIRECTION('',(0.,-1.,0.));
#10458=DIRECTION('',(0.,0.,1.));
#10459=DIRECTION('',(0.,-1.,0.));
#10460=DIRECTION('',(-1.,2.89120579329468E-16,0.));
#10461=DIRECTION('',(-1.73472347597681E-16,1.,0.));
#10462=DIRECTION('',(1.,0.,0.));
#10463=DIRECTION('',(1.73472347597681E-16,-1.,0.));
#10464=DIRECTION('',(0.,0.,1.));
#10465=DIRECTION('',(0.,-1.,0.));
#10466=DIRECTION('',(-1.,0.,0.));
#10467=DIRECTION('',(0.,0.,1.));
#10468=DIRECTION('',(0.,-1.,0.));
#10469=DIRECTION('',(0.,-1.,0.));
#10470=DIRECTION('',(0.,0.,1.));
#10471=DIRECTION('',(0.,-1.,0.));
#10472=DIRECTION('',(1.,0.,0.));
#10473=DIRECTION('',(0.,0.,1.));
#10474=DIRECTION('',(0.,-1.,0.));
#10475=DIRECTION('',(0.,1.,0.));
#10476=DIRECTION('',(-1.,3.61400724161835E-17,0.));
#10477=DIRECTION('',(0.,1.,0.));
#10478=DIRECTION('',(1.,0.,0.));
#10479=DIRECTION('',(2.31296463463574E-16,-1.,0.));
#10480=DIRECTION('',(-1.,0.,0.));
#10481=DIRECTION('',(0.,1.,0.));
#10482=DIRECTION('',(1.,0.,0.));
#10483=DIRECTION('',(0.,-1.,0.));
#10484=DIRECTION('',(-1.,0.,0.));
#10485=DIRECTION('',(0.,1.,0.));
#10486=DIRECTION('',(1.,-3.46944695195361E-16,0.));
#10487=DIRECTION('',(3.61400724161835E-16,-1.,0.));
#10488=DIRECTION('',(-1.,0.,0.));
#10489=DIRECTION('',(0.,1.,0.));
#10490=DIRECTION('',(1.,0.,0.));
#10491=DIRECTION('',(0.,-1.,0.));
#10492=DIRECTION('',(-1.,1.44560289664734E-15,0.));
#10493=DIRECTION('',(-1.54886024640786E-16,1.,0.));
#10494=DIRECTION('',(1.,0.,0.));
#10495=DIRECTION('',(0.,-1.,0.));
#10496=DIRECTION('',(0.,0.,1.));
#10497=DIRECTION('',(0.,-1.,0.));
#10498=DIRECTION('',(-1.,0.,0.));
#10499=DIRECTION('',(0.,-1.,0.));
#10500=DIRECTION('',(1.,0.,0.));
#10501=DIRECTION('',(0.,1.,0.));
#10502=DIRECTION('',(-1.,0.,0.));
#10503=DIRECTION('',(0.,1.,0.));
#10504=DIRECTION('',(1.,0.,0.));
#10505=DIRECTION('',(0.,-1.,0.));
#10506=DIRECTION('',(-1.,0.,0.));
#10507=DIRECTION('',(0.,1.,0.));
#10508=DIRECTION('',(1.,0.,0.));
#10509=DIRECTION('',(0.,-1.,0.));
#10510=DIRECTION('',(0.,0.,1.));
#10511=DIRECTION('',(0.,-1.,0.));
#10512=DIRECTION('',(1.97127667724637E-16,-1.,0.));
#10513=DIRECTION('',(1.,2.25875452601147E-17,0.));
#10514=DIRECTION('',(-1.97127667724637E-16,1.,0.));
#10515=DIRECTION('',(-1.,0.,0.));
#10516=DIRECTION('',(1.,1.33440267382831E-15,0.));
#10517=DIRECTION('',(0.,-1.,0.));
#10518=DIRECTION('',(-1.,-1.33440267382831E-15,0.));
#10519=DIRECTION('',(0.,1.,0.));
#10520=DIRECTION('',(1.,1.33440267382831E-15,0.));
#10521=DIRECTION('',(0.,-1.,0.));
#10522=DIRECTION('',(-1.,0.,0.));
#10523=DIRECTION('',(0.,1.,0.));
#10524=DIRECTION('',(1.,1.33440267382831E-15,0.));
#10525=DIRECTION('',(0.,-1.,0.));
#10526=DIRECTION('',(-1.,-1.33440267382831E-15,0.));
#10527=DIRECTION('',(0.,1.,0.));
#10528=DIRECTION('',(0.,0.,-1.));
#10529=DIRECTION('',(0.,1.,0.));
#10530=DIRECTION('',(0.,0.,1.));
#10531=DIRECTION('',(0.,-1.,0.));
#10532=DIRECTION('',(0.,0.,-1.));
#10533=DIRECTION('',(0.,0.,-1.));
#10534=DIRECTION('',(0.,-1.,0.));
#10535=DIRECTION('',(1.,0.,0.));
#10536=DIRECTION('',(-1.,0.,0.));
#10537=DIRECTION('',(0.,0.,-1.));
#10538=DIRECTION('',(0.,0.,-1.));
#10539=DIRECTION('',(0.,1.,0.));
#10540=DIRECTION('',(0.,0.,1.));
#10541=DIRECTION('',(0.,-1.,0.));
#10542=DIRECTION('',(0.,0.,-1.));
#10543=DIRECTION('',(1.,0.,0.));
#10544=DIRECTION('',(0.,1.,0.));
#10545=DIRECTION('',(0.,-1.,0.));
#10546=DIRECTION('',(0.,0.,-1.));
#10547=DIRECTION('',(0.,0.,-1.));
#10548=DIRECTION('',(0.,1.,0.));
#10549=DIRECTION('',(0.,0.,1.));
#10550=DIRECTION('',(0.,-1.,0.));
#10551=DIRECTION('',(0.,0.,-1.));
#10552=DIRECTION('',(0.,1.,0.));
#10553=DIRECTION('',(-1.,0.,0.));
#10554=DIRECTION('',(1.,0.,0.));
#10555=DIRECTION('',(0.,0.,-1.));
#10556=DIRECTION('',(0.,0.,-1.));
#10557=DIRECTION('',(0.,1.,0.));
#10558=DIRECTION('',(0.,0.,1.));
#10559=DIRECTION('',(0.,-1.,0.));
#10560=DIRECTION('',(0.,0.,-1.));
#10561=DIRECTION('',(-1.,0.,0.));
#10562=DIRECTION('',(0.,-1.,0.));
#10563=DIRECTION('',(0.,1.,0.));
#10564=DIRECTION('',(0.,0.,1.));
#10565=DIRECTION('',(0.,-1.,0.));
#10566=DIRECTION('',(0.,0.,1.));
#10567=DIRECTION('',(0.,-1.,0.));
#10568=DIRECTION('',(-1.73472347597681E-16,1.,0.));
#10569=DIRECTION('',(-1.,2.89120579329468E-16,0.));
#10570=DIRECTION('',(1.73472347597681E-16,-1.,0.));
#10571=DIRECTION('',(1.,0.,0.));
#10572=DIRECTION('',(1.,2.25875452601147E-17,0.));
#10573=DIRECTION('',(1.97127667724637E-16,-1.,0.));
#10574=DIRECTION('',(-1.,0.,0.));
#10575=DIRECTION('',(-1.97127667724637E-16,1.,0.));
#10576=DIRECTION('',(-1.,-1.73472347597681E-16,0.));
#10577=DIRECTION('',(1.73472347597681E-16,-1.,0.));
#10578=DIRECTION('',(0.,0.,-1.));
#10579=DIRECTION('',(0.,0.,-1.));
#10580=DIRECTION('',(-2.89120579329468E-16,-1.,0.));
#10581=DIRECTION('',(1.,-2.89120579329468E-16,0.));
#10582=DIRECTION('',(0.,0.,-1.));
#10583=DIRECTION('',(1.,1.73472347597681E-16,0.));
#10584=DIRECTION('',(-1.73472347597681E-16,1.,0.));
#10585=DIRECTION('',(0.,0.,-1.));
#10586=DIRECTION('',(0.,1.,0.));
#10587=DIRECTION('',(-1.,0.,0.));
#10588=DIRECTION('',(1.,1.97127667724637E-16,0.));
#10589=DIRECTION('',(-1.97127667724637E-16,1.,0.));
#10590=DIRECTION('',(0.,0.,-1.));
#10591=DIRECTION('',(0.,0.,-1.));
#10592=DIRECTION('',(-2.25875452601147E-17,1.,0.));
#10593=DIRECTION('',(-1.,-2.25875452601147E-17,0.));
#10594=DIRECTION('',(0.,0.,-1.));
#10595=DIRECTION('',(-1.,-1.97127667724637E-16,0.));
#10596=DIRECTION('',(1.97127667724637E-16,-1.,0.));
#10597=DIRECTION('',(0.,0.,-1.));
#10598=DIRECTION('',(0.,-1.,0.));
#10599=DIRECTION('',(1.,0.,0.));
#10600=DIRECTION('',(0.,0.,1.));
#10601=DIRECTION('',(0.,-1.,0.));
#10602=DIRECTION('',(0.,1.,0.));
#10603=DIRECTION('',(-1.,3.61400724161835E-17,0.));
#10604=DIRECTION('',(2.31296463463574E-16,-1.,0.));
#10605=DIRECTION('',(1.,0.,0.));
#10606=DIRECTION('',(0.,-1.,0.));
#10607=DIRECTION('',(-1.,0.,0.));
#10608=DIRECTION('',(0.,1.,0.));
#10609=DIRECTION('',(1.,0.,0.));
#10610=DIRECTION('',(-1.,0.,0.));
#10611=DIRECTION('',(0.,-1.,0.));
#10612=DIRECTION('',(0.,0.,-1.));
#10613=DIRECTION('',(0.,0.,-1.));
#10614=DIRECTION('',(-3.61400724161835E-17,-1.,0.));
#10615=DIRECTION('',(1.,-3.61400724161835E-17,0.));
#10616=DIRECTION('',(0.,0.,-1.));
#10617=DIRECTION('',(1.,2.31296463463574E-16,0.));
#10618=DIRECTION('',(-2.31296463463574E-16,1.,0.));
#10619=DIRECTION('',(0.,0.,-1.));
#10620=DIRECTION('',(0.,1.,0.));
#10621=DIRECTION('',(-1.,0.,0.));
#10622=DIRECTION('',(0.,-1.,0.));
#10623=DIRECTION('',(1.,0.,0.));
#10624=DIRECTION('',(0.,0.,-1.));
#10625=DIRECTION('',(0.,0.,-1.));
#10626=DIRECTION('',(1.,0.,0.));
#10627=DIRECTION('',(0.,1.,0.));
#10628=DIRECTION('',(0.,0.,-1.));
#10629=DIRECTION('',(0.,1.,0.));
#10630=DIRECTION('',(-1.,0.,0.));
#10631=DIRECTION('',(0.,0.,-1.));
#10632=DIRECTION('',(-1.,0.,0.));
#10633=DIRECTION('',(0.,-1.,0.));
#10634=DIRECTION('',(1.,0.,0.));
#10635=DIRECTION('',(0.,1.,0.));
#10636=DIRECTION('',(0.,0.,-1.));
#10637=DIRECTION('',(0.,-1.,0.));
#10638=DIRECTION('',(0.,0.,-1.));
#10639=DIRECTION('',(-1.33440267382831E-15,1.,0.));
#10640=DIRECTION('',(-1.,-1.33440267382831E-15,0.));
#10641=DIRECTION('',(0.,0.,-1.));
#10642=DIRECTION('',(1.,1.33440267382831E-15,0.));
#10643=DIRECTION('',(-1.,0.,0.));
#10644=DIRECTION('',(0.,-1.,0.));
#10645=DIRECTION('',(0.,0.,-1.));
#10646=DIRECTION('',(0.,1.,0.));
#10647=DIRECTION('',(1.33440267382831E-15,-1.,0.));
#10648=DIRECTION('',(1.,1.33440267382831E-15,0.));
#10649=DIRECTION('',(-1.,-1.33440267382831E-15,0.));
#10650=DIRECTION('',(0.,0.,-1.));
#10651=DIRECTION('',(0.,1.,0.));
#10652=DIRECTION('',(-1.,0.,0.));
#10653=DIRECTION('',(0.,-1.,0.));
#10654=DIRECTION('',(0.,0.,-1.));
#10655=DIRECTION('',(0.,1.,0.));
#10656=DIRECTION('',(0.,0.,-1.));
#10657=DIRECTION('',(0.,-1.,0.));
#10658=DIRECTION('',(1.,0.,0.));
#10659=DIRECTION('',(0.,0.,-1.));
#10660=DIRECTION('',(-1.,0.,0.));
#10661=DIRECTION('',(1.,0.,0.));
#10662=DIRECTION('',(0.,1.,0.));
#10663=DIRECTION('',(0.,0.,-1.));
#10664=DIRECTION('',(0.,-1.,0.));
#10665=DIRECTION('',(0.,1.,0.));
#10666=DIRECTION('',(-1.,0.,0.));
#10667=DIRECTION('',(1.,0.,0.));
#10668=DIRECTION('',(0.,0.,1.));
#10669=DIRECTION('',(0.,-1.,0.));
#10670=DIRECTION('',(1.,0.,0.));
#10671=DIRECTION('',(0.,1.,0.));
#10672=DIRECTION('',(0.,0.,-1.));
#10673=DIRECTION('',(0.,-1.,0.));
#10674=DIRECTION('',(0.,0.,-1.));
#10675=DIRECTION('',(-1.33440267382831E-15,1.,0.));
#10676=DIRECTION('',(-1.,-1.33440267382831E-15,0.));
#10677=DIRECTION('',(0.,0.,-1.));
#10678=DIRECTION('',(1.,1.33440267382831E-15,0.));
#10679=DIRECTION('',(-1.,0.,0.));
#10680=DIRECTION('',(0.,-1.,0.));
#10681=DIRECTION('',(0.,0.,-1.));
#10682=DIRECTION('',(0.,1.,0.));
#10683=DIRECTION('',(0.,-1.,0.));
#10684=DIRECTION('',(1.,0.,0.));
#10685=DIRECTION('',(-1.,0.,0.));
#10686=DIRECTION('',(0.,0.,-1.));
#10687=DIRECTION('',(0.,1.,0.));
#10688=DIRECTION('',(1.,0.,0.));
#10689=DIRECTION('',(0.,1.,0.));
#10690=DIRECTION('',(0.,0.,-1.));
#10691=DIRECTION('',(0.,-1.,0.));
#10692=DIRECTION('',(0.,0.,-1.));
#10693=DIRECTION('',(-1.33440267382831E-15,1.,0.));
#10694=DIRECTION('',(-1.,-1.33440267382831E-15,0.));
#10695=DIRECTION('',(0.,0.,-1.));
#10696=DIRECTION('',(1.,1.33440267382831E-15,0.));
#10697=DIRECTION('',(-1.,0.,0.));
#10698=DIRECTION('',(0.,-1.,0.));
#10699=DIRECTION('',(0.,0.,-1.));
#10700=DIRECTION('',(0.,1.,0.));
#10701=DIRECTION('',(1.33440267382831E-15,-1.,0.));
#10702=DIRECTION('',(1.,1.33440267382831E-15,0.));
#10703=DIRECTION('',(-1.,-1.33440267382831E-15,0.));
#10704=DIRECTION('',(0.,0.,-1.));
#10705=DIRECTION('',(0.,1.,0.));
#10706=DIRECTION('',(-1.,0.,0.));
#10707=DIRECTION('',(0.,-1.,0.));
#10708=DIRECTION('',(0.,0.,-1.));
#10709=DIRECTION('',(0.,1.,0.));
#10710=DIRECTION('',(0.,0.,-1.));
#10711=DIRECTION('',(0.,-1.,0.));
#10712=DIRECTION('',(1.,0.,0.));
#10713=DIRECTION('',(0.,0.,-1.));
#10714=DIRECTION('',(-1.,0.,0.));
#10715=DIRECTION('',(1.,0.,0.));
#10716=DIRECTION('',(0.,1.,0.));
#10717=DIRECTION('',(0.,0.,-1.));
#10718=DIRECTION('',(0.,-1.,0.));
#10719=DIRECTION('',(0.,1.,0.));
#10720=DIRECTION('',(-1.,0.,0.));
#10721=DIRECTION('',(1.,0.,0.));
#10722=DIRECTION('',(0.,0.,1.));
#10723=DIRECTION('',(0.,-1.,0.));
#10724=DIRECTION('',(0.,0.,-1.));
#10725=DIRECTION('',(0.,1.,0.));
#10726=DIRECTION('',(0.,0.,1.));
#10727=DIRECTION('',(0.,-1.,0.));
#10728=DIRECTION('',(0.,0.,1.));
#10729=DIRECTION('',(0.,-1.,0.));
#10730=DIRECTION('',(0.,0.,1.));
#10731=DIRECTION('',(0.,-1.,0.));
#10732=DIRECTION('',(0.,0.,1.));
#10733=DIRECTION('',(0.,-1.,0.));
#10734=DIRECTION('',(0.,0.,1.));
#10735=DIRECTION('',(0.,-1.,0.));
#10736=DIRECTION('',(0.,0.,1.));
#10737=DIRECTION('',(0.,-1.,0.));
#10738=DIRECTION('',(0.,0.,1.));
#10739=DIRECTION('',(0.,-1.,0.));
#10740=DIRECTION('',(0.,0.,1.));
#10741=DIRECTION('',(-1.,3.49148133884313E-15,0.));
#10742=DIRECTION('',(0.,0.,1.));
#10743=DIRECTION('',(-1.,3.49148133884313E-15,0.));
#10744=DIRECTION('',(0.,0.,1.));
#10745=DIRECTION('',(-1.,3.49148133884313E-15,0.));
#10746=DIRECTION('',(0.,0.,1.));
#10747=DIRECTION('',(0.,1.,0.));
#10748=DIRECTION('',(0.,0.,1.));
#10749=DIRECTION('',(0.,1.,0.));
#10750=DIRECTION('',(0.,0.,1.));
#10751=DIRECTION('',(0.,1.,0.));
#10752=DIRECTION('',(0.,0.,1.));
#10753=DIRECTION('',(1.,-1.04744440165294E-14,0.));
#10754=DIRECTION('',(0.,0.,1.));
#10755=DIRECTION('',(1.,-1.04744440165294E-14,0.));
#10756=DIRECTION('',(0.,0.,1.));
#10757=DIRECTION('',(1.,-1.04744440165294E-14,0.));
#10758=DIRECTION('',(-1.,0.,0.));
#10759=DIRECTION('',(0.,-1.,0.));
#10760=DIRECTION('',(0.,0.,-1.));
#10761=DIRECTION('',(0.,1.,0.));
#10762=DIRECTION('',(0.,0.,-1.));
#10763=DIRECTION('',(0.,-1.,0.));
#10764=DIRECTION('',(1.,0.,0.));
#10765=DIRECTION('',(0.,0.,-1.));
#10766=DIRECTION('',(-1.,0.,0.));
#10767=DIRECTION('',(1.,0.,0.));
#10768=DIRECTION('',(0.,1.,0.));
#10769=DIRECTION('',(0.,0.,-1.));
#10770=DIRECTION('',(0.,-1.,0.));
#10771=DIRECTION('',(0.,1.,0.));
#10772=DIRECTION('',(-1.,0.,0.));
#10773=DIRECTION('',(1.,0.,0.));
#10774=DIRECTION('',(-1.,0.,0.));
#10775=DIRECTION('',(0.,-1.,0.));
#10776=DIRECTION('',(0.,0.,-1.));
#10777=DIRECTION('',(0.,1.,0.));
#10778=DIRECTION('',(0.,0.,-1.));
#10779=DIRECTION('',(0.,-1.,0.));
#10780=DIRECTION('',(1.,0.,0.));
#10781=DIRECTION('',(0.,0.,-1.));
#10782=DIRECTION('',(-1.,0.,0.));
#10783=DIRECTION('',(1.,3.61400724161835E-16,0.));
#10784=DIRECTION('',(-3.61400724161835E-16,1.,0.));
#10785=DIRECTION('',(0.,0.,-1.));
#10786=DIRECTION('',(3.61400724161835E-16,-1.,0.));
#10787=DIRECTION('',(3.46944695195361E-16,1.,0.));
#10788=DIRECTION('',(-1.,3.46944695195361E-16,0.));
#10789=DIRECTION('',(1.,-3.46944695195361E-16,0.));
#10790=DIRECTION('',(-1.,0.,0.));
#10791=DIRECTION('',(0.,-1.,0.));
#10792=DIRECTION('',(0.,0.,-1.));
#10793=DIRECTION('',(0.,1.,0.));
#10794=DIRECTION('',(0.,0.,-1.));
#10795=DIRECTION('',(0.,-1.,0.));
#10796=DIRECTION('',(1.,0.,0.));
#10797=DIRECTION('',(0.,0.,-1.));
#10798=DIRECTION('',(-1.,0.,0.));
#10799=DIRECTION('',(1.,0.,0.));
#10800=DIRECTION('',(0.,1.,0.));
#10801=DIRECTION('',(0.,0.,-1.));
#10802=DIRECTION('',(0.,-1.,0.));
#10803=DIRECTION('',(0.,1.,0.));
#10804=DIRECTION('',(-1.,0.,0.));
#10805=DIRECTION('',(1.,0.,0.));
#10806=DIRECTION('',(-1.,-1.54886024640786E-16,0.));
#10807=DIRECTION('',(1.54886024640786E-16,-1.,0.));
#10808=DIRECTION('',(0.,0.,-1.));
#10809=DIRECTION('',(-1.54886024640786E-16,1.,0.));
#10810=DIRECTION('',(0.,0.,-1.));
#10811=DIRECTION('',(-1.44560289664734E-15,-1.,0.));
#10812=DIRECTION('',(1.,-1.44560289664734E-15,0.));
#10813=DIRECTION('',(0.,0.,-1.));
#10814=DIRECTION('',(-1.,1.44560289664734E-15,0.));
#10815=DIRECTION('',(1.,0.,0.));
#10816=DIRECTION('',(0.,1.,0.));
#10817=DIRECTION('',(0.,0.,-1.));
#10818=DIRECTION('',(0.,-1.,0.));
#10819=DIRECTION('',(0.,1.,0.));
#10820=DIRECTION('',(-1.,0.,0.));
#10821=DIRECTION('',(1.,0.,0.));
#10822=DIRECTION('',(0.,0.,1.));
#10823=DIRECTION('',(0.,-1.,0.));
#10824=DIRECTION('',(0.,0.,1.));
#10825=DIRECTION('',(0.,-1.,0.));
#10826=DIRECTION('',(0.,0.,-1.));
#10827=DIRECTION('',(0.,1.,0.));
#10828=DIRECTION('',(0.,0.,1.));
#10829=DIRECTION('',(0.,-1.,0.));
#10830=DIRECTION('',(0.,0.,-1.));
#10831=DIRECTION('',(0.,1.,0.));
#10832=DIRECTION('',(0.,0.,1.));
#10833=DIRECTION('',(0.,-1.,0.));
#10834=DIRECTION('',(0.,0.,1.));
#10835=DIRECTION('',(0.,-1.,0.));
#10836=DIRECTION('',(0.,0.,1.));
#10837=DIRECTION('',(0.,-1.,0.));
#10838=DIRECTION('',(0.,0.,1.));
#10839=DIRECTION('',(0.,-1.,0.));
#10840=DIRECTION('',(0.,0.,1.));
#10841=DIRECTION('',(1.,0.,0.));
#10842=DIRECTION('',(0.,0.,-1.));
#10843=DIRECTION('',(0.,1.,0.));
#10844=DIRECTION('',(-0.707106781186548,-0.707106781186548,0.));
#10845=DIRECTION('',(0.,0.,1.));
#10846=DIRECTION('',(0.,-1.,0.));
#10847=DIRECTION('',(0.707106781186548,0.707106781186548,0.));
#10848=DIRECTION('',(0.,0.,1.));
#10849=DIRECTION('',(0.,-1.,0.));
#10850=DIRECTION('',(-7.54227598250786E-17,1.,0.));
#10851=DIRECTION('',(0.,0.,1.));
#10852=DIRECTION('',(0.,-1.,0.));
#10853=DIRECTION('',(-1.,0.,0.));
#10854=DIRECTION('',(0.,0.,1.));
#10855=DIRECTION('',(0.,-1.,0.));
#10856=DIRECTION('',(0.,0.,-1.));
#10857=DIRECTION('',(0.,1.,0.));
#10858=DIRECTION('',(0.,0.,1.));
#10859=DIRECTION('',(0.,-1.,0.));
#10860=DIRECTION('',(-1.,0.,0.));
#10861=DIRECTION('',(0.,0.,1.));
#10862=DIRECTION('',(0.,-1.,0.));
#10863=DIRECTION('',(0.,-1.,0.));
#10864=DIRECTION('',(0.,0.,1.));
#10865=DIRECTION('',(0.,-1.,0.));
#10866=DIRECTION('',(0.707106781186548,-0.707106781186548,0.));
#10867=DIRECTION('',(0.,0.,1.));
#10868=DIRECTION('',(0.,-1.,0.));
#10869=DIRECTION('',(-0.707106781186548,0.707106781186548,0.));
#10870=DIRECTION('',(0.,0.,-1.));
#10871=DIRECTION('',(0.,1.,0.));
#10872=DIRECTION('',(0.,0.,1.));
#10873=DIRECTION('',(0.,-1.,0.));
#10874=DIRECTION('',(-0.707106781186548,0.707106781186548,0.));
#10875=DIRECTION('',(0.,0.,1.));
#10876=DIRECTION('',(0.,-1.,0.));
#10877=DIRECTION('',(0.707106781186548,-0.707106781186548,0.));
#10878=DIRECTION('',(0.,0.,1.));
#10879=DIRECTION('',(0.,-1.,0.));
#10880=DIRECTION('',(1.,0.,0.));
#10881=DIRECTION('',(0.,0.,1.));
#10882=DIRECTION('',(0.,-1.,0.));
#10883=DIRECTION('',(-7.54227598250786E-17,1.,0.));
#10884=DIRECTION('',(0.,0.,-1.));
#10885=DIRECTION('',(0.,1.,0.));
#10886=DIRECTION('',(0.,0.,1.));
#10887=DIRECTION('',(0.,-1.,0.));
#10888=DIRECTION('',(0.707106781186548,0.707106781186548,0.));
#10889=DIRECTION('',(0.,0.,1.));
#10890=DIRECTION('',(0.,-1.,0.));
#10891=DIRECTION('',(-0.707106781186548,-0.707106781186548,0.));
#10892=DIRECTION('',(0.,0.,1.));
#10893=DIRECTION('',(0.,-1.,0.));
#10894=DIRECTION('',(0.,-1.,0.));
#10895=DIRECTION('',(0.,0.,1.));
#10896=DIRECTION('',(0.,1.,0.));
#10897=DIRECTION('',(1.,0.,0.));
#10898=DIRECTION('',(0.,0.,1.));
#10899=DIRECTION('',(0.,-1.,0.));
#10900=DIRECTION('',(-1.,1.64798730217797E-13,0.));
#10901=DIRECTION('',(0.,1.,0.));
#10902=DIRECTION('',(-1.,1.64798730217796E-13,0.));
#10903=DIRECTION('',(-1.6306400674182E-13,-1.,0.));
#10904=DIRECTION('',(-1.,1.64798730217797E-13,0.));
#10905=DIRECTION('',(0.,1.,0.));
#10906=DIRECTION('',(1.,0.,0.));
#10907=DIRECTION('',(0.,1.,0.));
#10908=DIRECTION('',(1.,0.,0.));
#10909=DIRECTION('',(0.,-1.,0.));
#10910=DIRECTION('',(1.,0.,0.));
#10911=DIRECTION('',(0.,1.,0.));
#10912=DIRECTION('',(1.,0.,0.));
#10913=DIRECTION('',(0.,-1.,0.));
#10914=DIRECTION('',(1.,0.,0.));
#10915=DIRECTION('',(0.,1.,0.));
#10916=DIRECTION('',(1.,0.,0.));
#10917=DIRECTION('',(0.,-1.,0.));
#10918=DIRECTION('',(1.,0.,0.));
#10919=DIRECTION('',(0.,1.,0.));
#10920=DIRECTION('',(1.,0.,0.));
#10921=DIRECTION('',(0.,-1.,0.));
#10922=DIRECTION('',(1.,0.,0.));
#10923=DIRECTION('',(0.,1.,0.));
#10924=DIRECTION('',(1.,4.33680868994201E-16,0.));
#10925=DIRECTION('',(-8.67361737988403E-16,1.,0.));
#10926=DIRECTION('',(1.,0.,0.));
#10927=DIRECTION('',(0.,1.,0.));
#10928=DIRECTION('',(1.,0.,0.));
#10929=DIRECTION('',(-8.67361737988404E-16,1.,0.));
#10930=DIRECTION('',(1.,0.,0.));
#10931=DIRECTION('',(0.,1.,0.));
#10932=DIRECTION('',(1.,0.,0.));
#10933=DIRECTION('',(0.,1.,0.));
#10934=DIRECTION('',(1.,0.,0.));
#10935=DIRECTION('',(0.,1.,0.));
#10936=DIRECTION('',(1.,0.,0.));
#10937=DIRECTION('',(-8.67361737988404E-16,1.,0.));
#10938=DIRECTION('',(1.,0.,0.));
#10939=DIRECTION('',(0.,1.,0.));
#10940=DIRECTION('',(1.,0.,0.));
#10941=DIRECTION('',(8.15320033709097E-14,1.,0.));
#10942=DIRECTION('',(1.,-8.23993651089003E-14,0.));
#10943=DIRECTION('',(3.29597460435593E-14,1.,0.));
#10944=DIRECTION('',(1.,0.,0.));
#10945=DIRECTION('',(8.153200337091E-14,1.,0.));
#10946=DIRECTION('',(1.,-8.15320033709099E-14,0.));
#10947=DIRECTION('',(8.23993651088981E-14,1.,0.));
#10948=DIRECTION('',(1.,0.,0.));
#10949=DIRECTION('',(8.23993651088984E-14,1.,0.));
#10950=DIRECTION('',(1.,-8.15320033709099E-14,0.));
#10951=DIRECTION('',(8.23993651088981E-14,1.,0.));
#10952=DIRECTION('',(1.,0.,0.));
#10953=DIRECTION('',(8.19656842399042E-14,1.,0.));
#10954=DIRECTION('',(1.,-1.28369537222287E-13,0.));
#10955=DIRECTION('',(3.70797142990076E-14,1.,0.));
#10956=DIRECTION('',(1.,0.,0.));
#10957=DIRECTION('',(8.153200337091E-14,1.,0.));
#10958=DIRECTION('',(-1.,8.06646416329215E-14,0.));
#10959=DIRECTION('',(8.19656842399038E-14,1.,0.));
#10960=DIRECTION('',(1.,0.,0.));
#10961=DIRECTION('',(8.23993651088986E-14,1.,0.));
#10962=DIRECTION('',(-1.,8.06646416329215E-14,0.));
#10963=DIRECTION('',(8.23993651088981E-14,1.,0.));
#10964=DIRECTION('',(1.,0.,0.));
#10965=DIRECTION('',(8.23993651088984E-14,1.,0.));
#10966=DIRECTION('',(-1.,8.15320033709099E-14,0.));
#10967=DIRECTION('',(8.15320033709097E-14,1.,0.));
#10968=DIRECTION('',(1.,0.,0.));
#10969=DIRECTION('',(8.15320033709096E-14,1.,0.));
#10970=DIRECTION('',(-1.,8.15320033709099E-14,0.));
#10971=DIRECTION('',(8.15320033709101E-14,1.,0.));
#10972=DIRECTION('',(1.,0.,0.));
#10973=DIRECTION('',(0.,1.,0.));
#10974=DIRECTION('',(-1.,1.52655665885957E-13,0.));
#10975=DIRECTION('',(1.63064006741824E-13,1.,0.));
#10976=DIRECTION('',(-1.,1.17961196366422E-13,0.));
#10977=DIRECTION('',(0.,1.,0.));
#10978=DIRECTION('',(-1.,1.64798730217797E-13,0.));
#10979=DIRECTION('',(1.63931368479808E-13,1.,0.));
#10980=DIRECTION('',(-1.,1.63931368479808E-13,0.));
#10981=DIRECTION('',(0.,1.,0.));
#10982=DIRECTION('',(-1.,1.63931368479808E-13,0.));
#10983=DIRECTION('',(1.63931368479808E-13,1.,0.));
#10984=DIRECTION('',(-1.,1.63931368479808E-13,0.));
#10985=DIRECTION('',(0.,1.,0.));
#10986=DIRECTION('',(-1.,1.63931368479808E-13,0.));
#10987=DIRECTION('',(2.10768902331188E-13,1.,0.));
#10988=DIRECTION('',(-1.,1.1145598333152E-13,0.));
#10989=DIRECTION('',(0.,1.,0.));
#10990=DIRECTION('',(-1.,1.63714528045311E-13,0.));
#10991=DIRECTION('',(-1.6306400674182E-13,-1.,0.));
#10992=DIRECTION('',(-1.,1.63931368479808E-13,0.));
#10993=DIRECTION('',(0.,1.,0.));
#10994=DIRECTION('',(-1.,1.63931368479808E-13,0.));
#10995=DIRECTION('',(-1.6306400674182E-13,-1.,0.));
#10996=DIRECTION('',(-1.,1.63931368479808E-13,0.));
#10997=DIRECTION('',(0.,1.,0.));
#10998=DIRECTION('',(-1.,1.63931368479808E-13,0.));
#10999=DIRECTION('',(-1.63931368479808E-13,-1.,0.));
#11000=DIRECTION('',(1.,0.,0.));
#11001=DIRECTION('',(0.,0.,1.));
#11002=DIRECTION('',(0.,1.,0.));
#11003=DIRECTION('',(0.,-1.,0.));
#11004=DIRECTION('',(0.,0.,1.));
#11005=DIRECTION('',(0.,-1.,0.));
#11006=DIRECTION('',(-1.,0.,0.));
#11007=DIRECTION('',(0.,0.,1.));
#11008=DIRECTION('',(0.,-1.,0.));
#11009=DIRECTION('',(-7.54227598250786E-17,1.,0.));
#11010=DIRECTION('',(0.,0.,1.));
#11011=DIRECTION('',(0.,-1.,0.));
#11012=DIRECTION('',(0.,0.,-1.));
#11013=DIRECTION('',(0.,1.,0.));
#11014=DIRECTION('',(0.,0.,1.));
#11015=DIRECTION('',(0.,-1.,0.));
#11016=DIRECTION('',(0.,0.,-1.));
#11017=DIRECTION('',(0.,0.,1.));
#11018=DIRECTION('',(0.,-1.,0.));
#11019=DIRECTION('',(0.,0.,-1.));
#11020=DIRECTION('',(-1.36025240817063E-16,-1.,0.));
#11021=DIRECTION('',(1.,-1.36025240817063E-16,0.));
#11022=DIRECTION('',(-1.,1.36025240817063E-16,0.));
#11023=DIRECTION('',(0.,0.,-1.));
#11024=DIRECTION('',(-1.,1.36025240817063E-16,0.));
#11025=DIRECTION('',(-1.,-3.22201274351509E-16,0.));
#11026=DIRECTION('',(3.22201274351509E-16,-1.,0.));
#11027=DIRECTION('',(-3.22201274351509E-16,1.,0.));
#11028=DIRECTION('',(0.,0.,-1.));
#11029=DIRECTION('',(-3.22201274351509E-16,1.,0.));
#11030=DIRECTION('',(0.,0.,-1.));
#11031=DIRECTION('',(0.,1.,0.));
#11032=DIRECTION('',(0.,0.,1.));
#11033=DIRECTION('',(0.,-1.,0.));
#11034=DIRECTION('',(0.,0.,-1.));
#11035=DIRECTION('',(0.,0.,1.));
#11036=DIRECTION('',(0.,-1.,0.));
#11037=DIRECTION('',(1.,0.,0.));
#11038=DIRECTION('',(0.,1.,0.));
#11039=DIRECTION('',(0.,-1.,0.));
#11040=DIRECTION('',(0.,0.,-1.));
#11041=DIRECTION('',(0.,-1.,0.));
#11042=DIRECTION('',(0.,0.,-1.));
#11043=DIRECTION('',(0.,1.,0.));
#11044=DIRECTION('',(0.,0.,1.));
#11045=DIRECTION('',(0.,-1.,0.));
#11046=DIRECTION('',(0.,0.,-1.));
#11047=DIRECTION('',(0.,0.,1.));
#11048=DIRECTION('',(0.,-1.,0.));
#11049=DIRECTION('',(0.,1.,0.));
#11050=DIRECTION('',(-1.,0.,0.));
#11051=DIRECTION('',(1.,0.,0.));
#11052=DIRECTION('',(0.,0.,-1.));
#11053=DIRECTION('',(1.,0.,0.));
#11054=DIRECTION('',(0.,0.,-1.));
#11055=DIRECTION('',(0.,1.,0.));
#11056=DIRECTION('',(0.,0.,1.));
#11057=DIRECTION('',(0.,-1.,0.));
#11058=DIRECTION('',(0.,0.,-1.));
#11059=DIRECTION('',(0.,0.,1.));
#11060=DIRECTION('',(0.,-1.,0.));
#11061=DIRECTION('',(2.41650955763632E-16,1.,0.));
#11062=DIRECTION('',(-1.,2.41650955763632E-16,0.));
#11063=DIRECTION('',(1.,-2.41650955763632E-16,0.));
#11064=DIRECTION('',(0.,0.,-1.));
#11065=DIRECTION('',(1.,-2.41650955763632E-16,0.));
#11066=DIRECTION('',(-1.64798730217797E-13,-1.,0.));
#11067=DIRECTION('',(1.,-1.64798730217797E-13,0.));
#11068=DIRECTION('',(-1.,1.64798730217797E-13,0.));
#11069=DIRECTION('',(0.,0.,-1.));
#11070=DIRECTION('',(0.,0.,-1.));
#11071=DIRECTION('',(-1.,0.,0.));
#11072=DIRECTION('',(0.,-1.,0.));
#11073=DIRECTION('',(0.,1.,0.));
#11074=DIRECTION('',(0.,0.,-1.));
#11075=DIRECTION('',(-1.64798730217796E-13,-1.,0.));
#11076=DIRECTION('',(1.,-1.64798730217796E-13,0.));
#11077=DIRECTION('',(-1.,1.64798730217796E-13,0.));
#11078=DIRECTION('',(0.,0.,-1.));
#11079=DIRECTION('',(1.,-1.6306400674182E-13,0.));
#11080=DIRECTION('',(1.6306400674182E-13,1.,0.));
#11081=DIRECTION('',(-1.6306400674182E-13,-1.,0.));
#11082=DIRECTION('',(0.,0.,-1.));
#11083=DIRECTION('',(-1.64798730217797E-13,-1.,0.));
#11084=DIRECTION('',(1.,-1.64798730217797E-13,0.));
#11085=DIRECTION('',(-1.,1.64798730217797E-13,0.));
#11086=DIRECTION('',(0.,0.,-1.));
#11087=DIRECTION('',(-1.,0.,0.));
#11088=DIRECTION('',(0.,-1.,0.));
#11089=DIRECTION('',(0.,1.,0.));
#11090=DIRECTION('',(0.,0.,-1.));
#11091=DIRECTION('',(0.,1.,0.));
#11092=DIRECTION('',(-1.,0.,0.));
#11093=DIRECTION('',(0.,1.,0.));
#11094=DIRECTION('',(-1.,0.,0.));
#11095=DIRECTION('',(0.,1.,0.));
#11096=DIRECTION('',(-1.,0.,0.));
#11097=DIRECTION('',(0.,1.,0.));
#11098=DIRECTION('',(-1.,0.,0.));
#11099=DIRECTION('',(0.,1.,0.));
#11100=DIRECTION('',(-1.,0.,0.));
#11101=DIRECTION('',(1.,0.,0.));
#11102=DIRECTION('',(0.,0.,-1.));
#11103=DIRECTION('',(-1.,0.,0.));
#11104=DIRECTION('',(0.,-1.,0.));
#11105=DIRECTION('',(0.,1.,0.));
#11106=DIRECTION('',(0.,0.,-1.));
#11107=DIRECTION('',(0.,1.,0.));
#11108=DIRECTION('',(-1.,0.,0.));
#11109=DIRECTION('',(1.,0.,0.));
#11110=DIRECTION('',(0.,0.,-1.));
#11111=DIRECTION('',(1.,0.,0.));
#11112=DIRECTION('',(0.,1.,0.));
#11113=DIRECTION('',(0.,-1.,0.));
#11114=DIRECTION('',(0.,0.,-1.));
#11115=DIRECTION('',(0.,1.,0.));
#11116=DIRECTION('',(-1.,0.,0.));
#11117=DIRECTION('',(1.,0.,0.));
#11118=DIRECTION('',(0.,0.,-1.));
#11119=DIRECTION('',(-1.,0.,0.));
#11120=DIRECTION('',(0.,-1.,0.));
#11121=DIRECTION('',(0.,1.,0.));
#11122=DIRECTION('',(0.,0.,-1.));
#11123=DIRECTION('',(0.,1.,0.));
#11124=DIRECTION('',(-1.,0.,0.));
#11125=DIRECTION('',(1.,0.,0.));
#11126=DIRECTION('',(0.,0.,-1.));
#11127=DIRECTION('',(1.,0.,0.));
#11128=DIRECTION('',(0.,1.,0.));
#11129=DIRECTION('',(0.,-1.,0.));
#11130=DIRECTION('',(0.,0.,-1.));
#11131=DIRECTION('',(0.,1.,0.));
#11132=DIRECTION('',(-1.,0.,0.));
#11133=DIRECTION('',(1.,0.,0.));
#11134=DIRECTION('',(0.,0.,-1.));
#11135=DIRECTION('',(-1.,0.,0.));
#11136=DIRECTION('',(0.,-1.,0.));
#11137=DIRECTION('',(0.,1.,0.));
#11138=DIRECTION('',(0.,0.,-1.));
#11139=DIRECTION('',(0.,1.,0.));
#11140=DIRECTION('',(-1.,0.,0.));
#11141=DIRECTION('',(1.,0.,0.));
#11142=DIRECTION('',(0.,0.,-1.));
#11143=DIRECTION('',(1.,0.,0.));
#11144=DIRECTION('',(0.,1.,0.));
#11145=DIRECTION('',(0.,-1.,0.));
#11146=DIRECTION('',(0.,0.,-1.));
#11147=DIRECTION('',(0.,1.,0.));
#11148=DIRECTION('',(-1.,0.,0.));
#11149=DIRECTION('',(1.,0.,0.));
#11150=DIRECTION('',(0.,0.,-1.));
#11151=DIRECTION('',(-1.,0.,0.));
#11152=DIRECTION('',(0.,-1.,0.));
#11153=DIRECTION('',(0.,1.,0.));
#11154=DIRECTION('',(0.,0.,-1.));
#11155=DIRECTION('',(0.,1.,0.));
#11156=DIRECTION('',(-1.,0.,0.));
#11157=DIRECTION('',(1.,0.,0.));
#11158=DIRECTION('',(0.,0.,-1.));
#11159=DIRECTION('',(1.,0.,0.));
#11160=DIRECTION('',(0.,1.,0.));
#11161=DIRECTION('',(0.,-1.,0.));
#11162=DIRECTION('',(0.,0.,-1.));
#11163=DIRECTION('',(0.,1.,0.));
#11164=DIRECTION('',(-1.,0.,0.));
#11165=DIRECTION('',(1.,0.,0.));
#11166=DIRECTION('',(0.,0.,-1.));
#11167=DIRECTION('',(-1.,0.,0.));
#11168=DIRECTION('',(0.,-1.,0.));
#11169=DIRECTION('',(0.,1.,0.));
#11170=DIRECTION('',(0.,0.,-1.));
#11171=DIRECTION('',(-4.33680868994201E-16,1.,0.));
#11172=DIRECTION('',(-1.,-4.33680868994201E-16,0.));
#11173=DIRECTION('',(1.,4.33680868994201E-16,0.));
#11174=DIRECTION('',(0.,0.,-1.));
#11175=DIRECTION('',(-1.,-8.67361737988403E-16,0.));
#11176=DIRECTION('',(8.67361737988403E-16,-1.,0.));
#11177=DIRECTION('',(-8.67361737988403E-16,1.,0.));
#11178=DIRECTION('',(0.,0.,-1.));
#11179=DIRECTION('',(0.,1.,0.));
#11180=DIRECTION('',(-1.,0.,0.));
#11181=DIRECTION('',(1.,0.,0.));
#11182=DIRECTION('',(0.,0.,-1.));
#11183=DIRECTION('',(-1.,0.,0.));
#11184=DIRECTION('',(0.,-1.,0.));
#11185=DIRECTION('',(0.,1.,0.));
#11186=DIRECTION('',(0.,0.,-1.));
#11187=DIRECTION('',(0.,1.,0.));
#11188=DIRECTION('',(-1.,0.,0.));
#11189=DIRECTION('',(1.,0.,0.));
#11190=DIRECTION('',(0.,0.,-1.));
#11191=DIRECTION('',(-1.,-8.67361737988404E-16,0.));
#11192=DIRECTION('',(8.67361737988404E-16,-1.,0.));
#11193=DIRECTION('',(-8.67361737988404E-16,1.,0.));
#11194=DIRECTION('',(0.,0.,-1.));
#11195=DIRECTION('',(0.,1.,0.));
#11196=DIRECTION('',(-1.,0.,0.));
#11197=DIRECTION('',(1.,0.,0.));
#11198=DIRECTION('',(0.,0.,-1.));
#11199=DIRECTION('',(-1.,0.,0.));
#11200=DIRECTION('',(0.,-1.,0.));
#11201=DIRECTION('',(0.,1.,0.));
#11202=DIRECTION('',(0.,0.,-1.));
#11203=DIRECTION('',(0.,1.,0.));
#11204=DIRECTION('',(-1.,0.,0.));
#11205=DIRECTION('',(1.,0.,0.));
#11206=DIRECTION('',(0.,0.,-1.));
#11207=DIRECTION('',(-1.,0.,0.));
#11208=DIRECTION('',(0.,-1.,0.));
#11209=DIRECTION('',(0.,1.,0.));
#11210=DIRECTION('',(0.,0.,-1.));
#11211=DIRECTION('',(0.,1.,0.));
#11212=DIRECTION('',(-1.,0.,0.));
#11213=DIRECTION('',(1.,0.,0.));
#11214=DIRECTION('',(0.,0.,-1.));
#11215=DIRECTION('',(-1.,0.,0.));
#11216=DIRECTION('',(0.,-1.,0.));
#11217=DIRECTION('',(0.,1.,0.));
#11218=DIRECTION('',(0.,0.,-1.));
#11219=DIRECTION('',(0.,1.,0.));
#11220=DIRECTION('',(-1.,0.,0.));
#11221=DIRECTION('',(1.,0.,0.));
#11222=DIRECTION('',(0.,0.,-1.));
#11223=DIRECTION('',(-1.,-8.67361737988404E-16,0.));
#11224=DIRECTION('',(8.67361737988404E-16,-1.,0.));
#11225=DIRECTION('',(-8.67361737988404E-16,1.,0.));
#11226=DIRECTION('',(0.,0.,-1.));
#11227=DIRECTION('',(0.,1.,0.));
#11228=DIRECTION('',(-1.,0.,0.));
#11229=DIRECTION('',(1.,0.,0.));
#11230=DIRECTION('',(0.,0.,-1.));
#11231=DIRECTION('',(-1.,0.,0.));
#11232=DIRECTION('',(0.,-1.,0.));
#11233=DIRECTION('',(0.,1.,0.));
#11234=DIRECTION('',(0.,0.,-1.));
#11235=DIRECTION('',(0.,1.,0.));
#11236=DIRECTION('',(-1.,0.,0.));
#11237=DIRECTION('',(1.,0.,0.));
#11238=DIRECTION('',(0.,0.,-1.));
#11239=DIRECTION('',(-1.,8.15320033709097E-14,0.));
#11240=DIRECTION('',(-8.15320033709097E-14,-1.,0.));
#11241=DIRECTION('',(8.15320033709097E-14,1.,0.));
#11242=DIRECTION('',(0.,0.,-1.));
#11243=DIRECTION('',(8.23993651089003E-14,1.,0.));
#11244=DIRECTION('',(-1.,8.23993651089003E-14,0.));
#11245=DIRECTION('',(1.,-8.23993651089003E-14,0.));
#11246=DIRECTION('',(0.,0.,-1.));
#11247=DIRECTION('',(-1.,3.29597460435593E-14,0.));
#11248=DIRECTION('',(-3.29597460435593E-14,-1.,0.));
#11249=DIRECTION('',(3.29597460435593E-14,1.,0.));
#11250=DIRECTION('',(0.,0.,-1.));
#11251=DIRECTION('',(0.,1.,0.));
#11252=DIRECTION('',(-1.,0.,0.));
#11253=DIRECTION('',(1.,0.,0.));
#11254=DIRECTION('',(0.,0.,-1.));
#11255=DIRECTION('',(-1.,8.153200337091E-14,0.));
#11256=DIRECTION('',(-8.153200337091E-14,-1.,0.));
#11257=DIRECTION('',(8.153200337091E-14,1.,0.));
#11258=DIRECTION('',(0.,0.,-1.));
#11259=DIRECTION('',(8.15320033709099E-14,1.,0.));
#11260=DIRECTION('',(-1.,8.15320033709099E-14,0.));
#11261=DIRECTION('',(1.,-8.15320033709099E-14,0.));
#11262=DIRECTION('',(0.,0.,-1.));
#11263=DIRECTION('',(-1.,8.23993651088981E-14,0.));
#11264=DIRECTION('',(-8.23993651088981E-14,-1.,0.));
#11265=DIRECTION('',(8.23993651088981E-14,1.,0.));
#11266=DIRECTION('',(0.,0.,-1.));
#11267=DIRECTION('',(0.,1.,0.));
#11268=DIRECTION('',(-1.,0.,0.));
#11269=DIRECTION('',(1.,0.,0.));
#11270=DIRECTION('',(0.,0.,-1.));
#11271=DIRECTION('',(-1.,8.23993651088984E-14,0.));
#11272=DIRECTION('',(-8.23993651088984E-14,-1.,0.));
#11273=DIRECTION('',(8.23993651088984E-14,1.,0.));
#11274=DIRECTION('',(0.,0.,-1.));
#11275=DIRECTION('',(8.15320033709099E-14,1.,0.));
#11276=DIRECTION('',(-1.,8.15320033709099E-14,0.));
#11277=DIRECTION('',(1.,-8.15320033709099E-14,0.));
#11278=DIRECTION('',(0.,0.,-1.));
#11279=DIRECTION('',(-1.,8.23993651088981E-14,0.));
#11280=DIRECTION('',(-8.23993651088981E-14,-1.,0.));
#11281=DIRECTION('',(8.23993651088981E-14,1.,0.));
#11282=DIRECTION('',(0.,0.,-1.));
#11283=DIRECTION('',(0.,1.,0.));
#11284=DIRECTION('',(-1.,0.,0.));
#11285=DIRECTION('',(1.,0.,0.));
#11286=DIRECTION('',(0.,0.,-1.));
#11287=DIRECTION('',(-1.,8.19656842399042E-14,0.));
#11288=DIRECTION('',(-8.19656842399042E-14,-1.,0.));
#11289=DIRECTION('',(8.19656842399042E-14,1.,0.));
#11290=DIRECTION('',(0.,0.,-1.));
#11291=DIRECTION('',(1.28369537222287E-13,1.,0.));
#11292=DIRECTION('',(-1.,1.28369537222287E-13,0.));
#11293=DIRECTION('',(1.,-1.28369537222287E-13,0.));
#11294=DIRECTION('',(0.,0.,-1.));
#11295=DIRECTION('',(-1.,3.70797142990076E-14,0.));
#11296=DIRECTION('',(-3.70797142990076E-14,-1.,0.));
#11297=DIRECTION('',(3.70797142990076E-14,1.,0.));
#11298=DIRECTION('',(0.,0.,-1.));
#11299=DIRECTION('',(0.,1.,0.));
#11300=DIRECTION('',(-1.,0.,0.));
#11301=DIRECTION('',(1.,0.,0.));
#11302=DIRECTION('',(0.,0.,-1.));
#11303=DIRECTION('',(-1.,8.153200337091E-14,0.));
#11304=DIRECTION('',(-8.153200337091E-14,-1.,0.));
#11305=DIRECTION('',(8.153200337091E-14,1.,0.));
#11306=DIRECTION('',(0.,0.,-1.));
#11307=DIRECTION('',(-8.06646416329215E-14,-1.,0.));
#11308=DIRECTION('',(1.,-8.06646416329215E-14,0.));
#11309=DIRECTION('',(-1.,8.06646416329215E-14,0.));
#11310=DIRECTION('',(0.,0.,-1.));
#11311=DIRECTION('',(-1.,8.19656842399038E-14,0.));
#11312=DIRECTION('',(-8.19656842399038E-14,-1.,0.));
#11313=DIRECTION('',(8.19656842399038E-14,1.,0.));
#11314=DIRECTION('',(0.,0.,-1.));
#11315=DIRECTION('',(0.,1.,0.));
#11316=DIRECTION('',(-1.,0.,0.));
#11317=DIRECTION('',(1.,0.,0.));
#11318=DIRECTION('',(0.,0.,-1.));
#11319=DIRECTION('',(-1.,8.23993651088986E-14,0.));
#11320=DIRECTION('',(-8.23993651088986E-14,-1.,0.));
#11321=DIRECTION('',(8.23993651088986E-14,1.,0.));
#11322=DIRECTION('',(0.,0.,-1.));
#11323=DIRECTION('',(-8.06646416329215E-14,-1.,0.));
#11324=DIRECTION('',(1.,-8.06646416329215E-14,0.));
#11325=DIRECTION('',(-1.,8.06646416329215E-14,0.));
#11326=DIRECTION('',(0.,0.,-1.));
#11327=DIRECTION('',(-1.,8.23993651088981E-14,0.));
#11328=DIRECTION('',(-8.23993651088981E-14,-1.,0.));
#11329=DIRECTION('',(8.23993651088981E-14,1.,0.));
#11330=DIRECTION('',(0.,0.,-1.));
#11331=DIRECTION('',(0.,1.,0.));
#11332=DIRECTION('',(-1.,0.,0.));
#11333=DIRECTION('',(1.,0.,0.));
#11334=DIRECTION('',(0.,0.,-1.));
#11335=DIRECTION('',(-1.,8.23993651088984E-14,0.));
#11336=DIRECTION('',(-8.23993651088984E-14,-1.,0.));
#11337=DIRECTION('',(8.23993651088984E-14,1.,0.));
#11338=DIRECTION('',(0.,0.,-1.));
#11339=DIRECTION('',(-8.15320033709099E-14,-1.,0.));
#11340=DIRECTION('',(1.,-8.15320033709099E-14,0.));
#11341=DIRECTION('',(-1.,8.15320033709099E-14,0.));
#11342=DIRECTION('',(0.,0.,-1.));
#11343=DIRECTION('',(-1.,8.15320033709097E-14,0.));
#11344=DIRECTION('',(-8.15320033709097E-14,-1.,0.));
#11345=DIRECTION('',(8.15320033709097E-14,1.,0.));
#11346=DIRECTION('',(0.,0.,-1.));
#11347=DIRECTION('',(0.,1.,0.));
#11348=DIRECTION('',(-1.,0.,0.));
#11349=DIRECTION('',(1.,0.,0.));
#11350=DIRECTION('',(0.,0.,-1.));
#11351=DIRECTION('',(-1.,8.15320033709096E-14,0.));
#11352=DIRECTION('',(-8.15320033709096E-14,-1.,0.));
#11353=DIRECTION('',(8.15320033709096E-14,1.,0.));
#11354=DIRECTION('',(0.,0.,-1.));
#11355=DIRECTION('',(-8.15320033709099E-14,-1.,0.));
#11356=DIRECTION('',(1.,-8.15320033709099E-14,0.));
#11357=DIRECTION('',(-1.,8.15320033709099E-14,0.));
#11358=DIRECTION('',(0.,0.,-1.));
#11359=DIRECTION('',(-1.,8.15320033709101E-14,0.));
#11360=DIRECTION('',(-8.15320033709101E-14,-1.,0.));
#11361=DIRECTION('',(8.15320033709101E-14,1.,0.));
#11362=DIRECTION('',(0.,0.,-1.));
#11363=DIRECTION('',(0.,1.,0.));
#11364=DIRECTION('',(-1.,0.,0.));
#11365=DIRECTION('',(1.,0.,0.));
#11366=DIRECTION('',(0.,0.,-1.));
#11367=DIRECTION('',(-1.,0.,0.));
#11368=DIRECTION('',(0.,-1.,0.));
#11369=DIRECTION('',(0.,1.,0.));
#11370=DIRECTION('',(0.,0.,-1.));
#11371=DIRECTION('',(-1.52655665885957E-13,-1.,0.));
#11372=DIRECTION('',(1.,-1.52655665885957E-13,0.));
#11373=DIRECTION('',(-1.,1.52655665885957E-13,0.));
#11374=DIRECTION('',(0.,0.,-1.));
#11375=DIRECTION('',(-1.,1.63064006741824E-13,0.));
#11376=DIRECTION('',(-1.63064006741824E-13,-1.,0.));
#11377=DIRECTION('',(1.63064006741824E-13,1.,0.));
#11378=DIRECTION('',(0.,0.,-1.));
#11379=DIRECTION('',(-1.17961196366422E-13,-1.,0.));
#11380=DIRECTION('',(1.,-1.17961196366422E-13,0.));
#11381=DIRECTION('',(-1.,1.17961196366422E-13,0.));
#11382=DIRECTION('',(0.,0.,-1.));
#11383=DIRECTION('',(-1.,0.,0.));
#11384=DIRECTION('',(0.,-1.,0.));
#11385=DIRECTION('',(0.,1.,0.));
#11386=DIRECTION('',(0.,0.,-1.));
#11387=DIRECTION('',(-1.64798730217797E-13,-1.,0.));
#11388=DIRECTION('',(1.,-1.64798730217797E-13,0.));
#11389=DIRECTION('',(-1.,1.64798730217797E-13,0.));
#11390=DIRECTION('',(0.,0.,-1.));
#11391=DIRECTION('',(-1.,1.63931368479808E-13,0.));
#11392=DIRECTION('',(-1.63931368479808E-13,-1.,0.));
#11393=DIRECTION('',(1.63931368479808E-13,1.,0.));
#11394=DIRECTION('',(0.,0.,-1.));
#11395=DIRECTION('',(-1.63931368479808E-13,-1.,0.));
#11396=DIRECTION('',(1.,-1.63931368479808E-13,0.));
#11397=DIRECTION('',(-1.,1.63931368479808E-13,0.));
#11398=DIRECTION('',(0.,0.,-1.));
#11399=DIRECTION('',(-1.,0.,0.));
#11400=DIRECTION('',(0.,-1.,0.));
#11401=DIRECTION('',(0.,1.,0.));
#11402=DIRECTION('',(0.,0.,-1.));
#11403=DIRECTION('',(-1.63931368479808E-13,-1.,0.));
#11404=DIRECTION('',(1.,-1.63931368479808E-13,0.));
#11405=DIRECTION('',(-1.,1.63931368479808E-13,0.));
#11406=DIRECTION('',(0.,0.,-1.));
#11407=DIRECTION('',(-1.,1.63931368479808E-13,0.));
#11408=DIRECTION('',(-1.63931368479808E-13,-1.,0.));
#11409=DIRECTION('',(1.63931368479808E-13,1.,0.));
#11410=DIRECTION('',(0.,0.,-1.));
#11411=DIRECTION('',(-1.63931368479808E-13,-1.,0.));
#11412=DIRECTION('',(1.,-1.63931368479808E-13,0.));
#11413=DIRECTION('',(-1.,1.63931368479808E-13,0.));
#11414=DIRECTION('',(0.,0.,-1.));
#11415=DIRECTION('',(-1.,0.,0.));
#11416=DIRECTION('',(0.,-1.,0.));
#11417=DIRECTION('',(0.,1.,0.));
#11418=DIRECTION('',(0.,0.,-1.));
#11419=DIRECTION('',(-1.63931368479808E-13,-1.,0.));
#11420=DIRECTION('',(1.,-1.63931368479808E-13,0.));
#11421=DIRECTION('',(-1.,1.63931368479808E-13,0.));
#11422=DIRECTION('',(0.,0.,-1.));
#11423=DIRECTION('',(-1.,2.10768902331188E-13,0.));
#11424=DIRECTION('',(-2.10768902331188E-13,-1.,0.));
#11425=DIRECTION('',(2.10768902331188E-13,1.,0.));
#11426=DIRECTION('',(0.,0.,-1.));
#11427=DIRECTION('',(-1.1145598333152E-13,-1.,0.));
#11428=DIRECTION('',(1.,-1.1145598333152E-13,0.));
#11429=DIRECTION('',(-1.,1.1145598333152E-13,0.));
#11430=DIRECTION('',(0.,0.,-1.));
#11431=DIRECTION('',(-1.,0.,0.));
#11432=DIRECTION('',(0.,-1.,0.));
#11433=DIRECTION('',(0.,1.,0.));
#11434=DIRECTION('',(0.,0.,-1.));
#11435=DIRECTION('',(-1.63714528045311E-13,-1.,0.));
#11436=DIRECTION('',(1.,-1.63714528045311E-13,0.));
#11437=DIRECTION('',(-1.,1.63714528045311E-13,0.));
#11438=DIRECTION('',(0.,0.,-1.));
#11439=DIRECTION('',(1.,-1.6306400674182E-13,0.));
#11440=DIRECTION('',(1.6306400674182E-13,1.,0.));
#11441=DIRECTION('',(-1.6306400674182E-13,-1.,0.));
#11442=DIRECTION('',(0.,0.,-1.));
#11443=DIRECTION('',(-1.63931368479808E-13,-1.,0.));
#11444=DIRECTION('',(1.,-1.63931368479808E-13,0.));
#11445=DIRECTION('',(-1.,1.63931368479808E-13,0.));
#11446=DIRECTION('',(0.,0.,-1.));
#11447=DIRECTION('',(-1.,0.,0.));
#11448=DIRECTION('',(0.,-1.,0.));
#11449=DIRECTION('',(0.,1.,0.));
#11450=DIRECTION('',(0.,0.,-1.));
#11451=DIRECTION('',(-1.63931368479808E-13,-1.,0.));
#11452=DIRECTION('',(1.,-1.63931368479808E-13,0.));
#11453=DIRECTION('',(-1.,1.63931368479808E-13,0.));
#11454=DIRECTION('',(0.,0.,-1.));
#11455=DIRECTION('',(1.,-1.6306400674182E-13,0.));
#11456=DIRECTION('',(1.6306400674182E-13,1.,0.));
#11457=DIRECTION('',(-1.6306400674182E-13,-1.,0.));
#11458=DIRECTION('',(0.,0.,-1.));
#11459=DIRECTION('',(-1.63931368479808E-13,-1.,0.));
#11460=DIRECTION('',(1.,-1.63931368479808E-13,0.));
#11461=DIRECTION('',(-1.,1.63931368479808E-13,0.));
#11462=DIRECTION('',(0.,0.,-1.));
#11463=DIRECTION('',(-1.,0.,0.));
#11464=DIRECTION('',(0.,-1.,0.));
#11465=DIRECTION('',(0.,1.,0.));
#11466=DIRECTION('',(0.,0.,-1.));
#11467=DIRECTION('',(-1.63931368479808E-13,-1.,0.));
#11468=DIRECTION('',(1.,-1.63931368479808E-13,0.));
#11469=DIRECTION('',(-1.,1.63931368479808E-13,0.));
#11470=DIRECTION('',(0.,0.,-1.));
#11471=DIRECTION('',(-2.72050481634236E-16,-1.,0.));
#11472=DIRECTION('',(1.,-2.72050481634236E-16,0.));
#11473=DIRECTION('',(-1.,2.72050481634236E-16,0.));
#11474=DIRECTION('',(0.,0.,-1.));
#11475=DIRECTION('',(-1.,2.72050481634236E-16,0.));
#11476=DIRECTION('',(0.,0.,-1.));
#11477=DIRECTION('',(0.,0.,-1.));
#11478=DIRECTION('',(0.,1.,0.));
#11479=DIRECTION('',(0.,0.,1.));
#11480=DIRECTION('',(0.,-1.,0.));
#11481=DIRECTION('',(0.,0.,-1.));
#11482=DIRECTION('',(0.,0.,1.));
#11483=DIRECTION('',(0.,-1.,0.));
#11484=DIRECTION('',(1.,2.72050481634183E-16,0.));
#11485=DIRECTION('',(-2.72050481634183E-16,1.,0.));
#11486=DIRECTION('',(2.72050481634183E-16,-1.,0.));
#11487=DIRECTION('',(0.,0.,-1.));
#11488=DIRECTION('',(2.72050481634183E-16,-1.,0.));
#11489=DIRECTION('',(5.63852230115141E-16,1.,0.));
#11490=DIRECTION('',(-1.,5.63852230115141E-16,0.));
#11491=DIRECTION('',(1.,-5.63852230115141E-16,0.));
#11492=DIRECTION('',(0.,0.,-1.));
#11493=DIRECTION('',(1.,-5.63852230115141E-16,0.));
#11494=DIRECTION('',(0.,0.,-1.));
#11495=DIRECTION('',(0.,1.,0.));
#11496=DIRECTION('',(0.,0.,1.));
#11497=DIRECTION('',(0.,-1.,0.));
#11498=DIRECTION('',(0.,0.,-1.));
#11499=DIRECTION('',(0.,0.,1.));
#11500=DIRECTION('',(0.,-1.,0.));
#11501=DIRECTION('',(0.,1.,0.));
#11502=DIRECTION('',(-1.,0.,0.));
#11503=DIRECTION('',(1.,0.,0.));
#11504=DIRECTION('',(0.,0.,-1.));
#11505=DIRECTION('',(1.,0.,0.));
#11506=DIRECTION('',(0.,0.,-1.));
#11507=DIRECTION('',(0.,1.,0.));
#11508=DIRECTION('',(0.,0.,1.));
#11509=DIRECTION('',(0.,-1.,0.));
#11510=DIRECTION('',(0.,0.,-1.));
#11511=DIRECTION('',(0.,0.,1.));
#11512=DIRECTION('',(0.,-1.,0.));
#11513=DIRECTION('',(-1.,-3.39000956327907E-15,0.));
#11514=DIRECTION('',(3.39000956327907E-15,-1.,0.));
#11515=DIRECTION('',(-3.39000956327907E-15,1.,0.));
#11516=DIRECTION('',(0.,0.,-1.));
#11517=DIRECTION('',(-3.39000956327907E-15,1.,0.));
#11518=DIRECTION('',(0.,0.,-1.));
#11519=DIRECTION('',(0.,1.,0.));
#11520=DIRECTION('',(0.,0.,1.));
#11521=DIRECTION('',(0.,-1.,0.));
#11522=DIRECTION('',(0.,0.,-1.));
#11523=DIRECTION('',(0.,0.,1.));
#11524=DIRECTION('',(0.,-1.,0.));
#11525=DIRECTION('',(1.,0.,0.));
#11526=DIRECTION('',(0.,1.,0.));
#11527=DIRECTION('',(0.,-1.,0.));
#11528=DIRECTION('',(0.,0.,-1.));
#11529=DIRECTION('',(0.,-1.,0.));
#11530=DIRECTION('',(0.,0.,-1.));
#11531=DIRECTION('',(0.,0.,-1.));
#11532=DIRECTION('',(0.,1.,0.));
#11533=DIRECTION('',(0.,0.,1.));
#11534=DIRECTION('',(0.,-1.,0.));
#11535=DIRECTION('',(0.,0.,-1.));
#11536=DIRECTION('',(0.,0.,1.));
#11537=DIRECTION('',(0.,-1.,0.));
#11538=DIRECTION('',(0.,1.,0.));
#11539=DIRECTION('',(-1.,0.,0.));
#11540=DIRECTION('',(1.,0.,0.));
#11541=DIRECTION('',(0.,0.,-1.));
#11542=DIRECTION('',(1.,0.,0.));
#11543=DIRECTION('',(-1.,1.61100637175755E-16,0.));
#11544=DIRECTION('',(-1.61100637175755E-16,-1.,0.));
#11545=DIRECTION('',(1.61100637175755E-16,1.,0.));
#11546=DIRECTION('',(0.,0.,-1.));
#11547=DIRECTION('',(1.61100637175755E-16,1.,0.));
#11548=DIRECTION('',(0.,0.,-1.));
#11549=DIRECTION('',(0.,1.,0.));
#11550=DIRECTION('',(0.,0.,1.));
#11551=DIRECTION('',(0.,-1.,0.));
#11552=DIRECTION('',(0.,0.,-1.));
#11553=DIRECTION('',(0.,0.,1.));
#11554=DIRECTION('',(0.,-1.,0.));
#11555=DIRECTION('',(-1.,0.,0.));
#11556=DIRECTION('',(0.,-1.,0.));
#11557=DIRECTION('',(0.,1.,0.));
#11558=DIRECTION('',(0.,0.,-1.));
#11559=DIRECTION('',(0.,1.,0.));
#11560=DIRECTION('',(0.,0.,-1.));
#11561=DIRECTION('',(0.,1.,0.));
#11562=DIRECTION('',(0.,0.,1.));
#11563=DIRECTION('',(0.,-1.,0.));
#11564=DIRECTION('',(0.,0.,-1.));
#11565=DIRECTION('',(0.,0.,1.));
#11566=DIRECTION('',(0.,-1.,0.));
#11567=DIRECTION('',(0.,-1.,0.));
#11568=DIRECTION('',(1.,0.,0.));
#11569=DIRECTION('',(-1.,0.,0.));
#11570=DIRECTION('',(0.,0.,-1.));
#11571=DIRECTION('',(-1.,0.,0.));
#11572=DIRECTION('',(0.,0.,-1.));
#11573=DIRECTION('',(0.,1.,0.));
#11574=DIRECTION('',(0.,0.,1.));
#11575=DIRECTION('',(0.,-1.,0.));
#11576=DIRECTION('',(0.,0.,-1.));
#11577=DIRECTION('',(0.,0.,1.));
#11578=DIRECTION('',(0.,-1.,0.));
#11579=DIRECTION('',(-1.36025240817091E-16,1.,0.));
#11580=DIRECTION('',(-1.,-1.36025240817091E-16,0.));
#11581=DIRECTION('',(1.,1.36025240817091E-16,0.));
#11582=DIRECTION('',(0.,0.,-1.));
#11583=DIRECTION('',(1.,1.36025240817091E-16,0.));
#11584=DIRECTION('',(0.,0.,-1.));
#11585=DIRECTION('',(0.,0.,-1.));
#11586=DIRECTION('',(0.,1.,0.));
#11587=DIRECTION('',(0.,0.,1.));
#11588=DIRECTION('',(0.,-1.,0.));
#11589=DIRECTION('',(0.,0.,-1.));
#11590=DIRECTION('',(0.,0.,1.));
#11591=DIRECTION('',(0.,-1.,0.));
#11592=DIRECTION('',(-1.,2.72050481634152E-16,0.));
#11593=DIRECTION('',(-2.72050481634152E-16,-1.,0.));
#11594=DIRECTION('',(2.72050481634152E-16,1.,0.));
#11595=DIRECTION('',(0.,0.,-1.));
#11596=DIRECTION('',(2.72050481634152E-16,1.,0.));
#11597=DIRECTION('',(2.41650955763632E-16,1.,0.));
#11598=DIRECTION('',(-1.,2.41650955763632E-16,0.));
#11599=DIRECTION('',(1.,-2.41650955763632E-16,0.));
#11600=DIRECTION('',(0.,0.,-1.));
#11601=DIRECTION('',(1.,-2.41650955763632E-16,0.));
#11602=DIRECTION('',(0.,0.,-1.));
#11603=DIRECTION('',(0.,1.,0.));
#11604=DIRECTION('',(0.,0.,1.));
#11605=DIRECTION('',(0.,-1.,0.));
#11606=DIRECTION('',(0.,0.,-1.));
#11607=DIRECTION('',(0.,0.,1.));
#11608=DIRECTION('',(0.,-1.,0.));
#11609=DIRECTION('',(0.,-1.,0.));
#11610=DIRECTION('',(1.,0.,0.));
#11611=DIRECTION('',(-1.,0.,0.));
#11612=DIRECTION('',(0.,0.,-1.));
#11613=DIRECTION('',(-1.,0.,0.));
#11614=DIRECTION('',(0.,0.,-1.));
#11615=DIRECTION('',(0.,1.,0.));
#11616=DIRECTION('',(0.,0.,1.));
#11617=DIRECTION('',(0.,-1.,0.));
#11618=DIRECTION('',(0.,0.,-1.));
#11619=DIRECTION('',(0.,0.,1.));
#11620=DIRECTION('',(0.,-1.,0.));
#11621=DIRECTION('',(1.,0.,0.));
#11622=DIRECTION('',(0.,1.,0.));
#11623=DIRECTION('',(0.,-1.,0.));
#11624=DIRECTION('',(0.,0.,-1.));
#11625=DIRECTION('',(0.,-1.,0.));
#11626=DIRECTION('',(0.,0.,-1.));
#11627=DIRECTION('',(0.,1.,0.));
#11628=DIRECTION('',(0.,0.,1.));
#11629=DIRECTION('',(0.,-1.,0.));
#11630=DIRECTION('',(0.,0.,-1.));
#11631=DIRECTION('',(0.,0.,1.));
#11632=DIRECTION('',(0.,-1.,0.));
#11633=DIRECTION('',(-1.,1.36025240817104E-16,0.));
#11634=DIRECTION('',(-1.36025240817104E-16,-1.,0.));
#11635=DIRECTION('',(1.36025240817104E-16,1.,0.));
#11636=DIRECTION('',(1.36025240817104E-16,1.,0.));
#11637=DIRECTION('',(1.,-1.63931368479808E-13,0.));
#11638=DIRECTION('',(1.63931368479808E-13,1.,0.));
#11639=DIRECTION('',(-1.63931368479808E-13,-1.,0.));
#11640=DIRECTION('',(-1.,-3.22201274351509E-16,0.));
#11641=DIRECTION('',(3.22201274351509E-16,-1.,0.));
#11642=DIRECTION('',(-3.22201274351509E-16,1.,0.));
#11643=DIRECTION('',(-3.22201274351509E-16,1.,0.));
#11644=DIRECTION('',(5.63852230115141E-16,1.,0.));
#11645=DIRECTION('',(-1.,5.63852230115141E-16,0.));
#11646=DIRECTION('',(1.,-5.63852230115141E-16,0.));
#11647=DIRECTION('',(1.,-5.63852230115141E-16,0.));
#11648=DIRECTION('',(-1.,1.61100637175755E-16,0.));
#11649=DIRECTION('',(-1.61100637175755E-16,-1.,0.));
#11650=DIRECTION('',(1.61100637175755E-16,1.,0.));
#11651=DIRECTION('',(1.61100637175755E-16,1.,0.));
#11652=DIRECTION('',(0.,0.,-1.));
#11653=DIRECTION('',(0.,1.,0.));
#11654=DIRECTION('',(0.,0.,-1.));
#11655=DIRECTION('',(0.,1.,0.));
#11656=DIRECTION('',(0.,0.,1.));
#11657=DIRECTION('',(0.,-1.,0.));
#11658=DIRECTION('',(0.,0.,1.));
#11659=DIRECTION('',(0.,-1.,0.));
#11660=DIRECTION('',(1.,0.,0.));
#11661=DIRECTION('',(0.,1.,0.));
#11662=DIRECTION('',(0.,0.,-1.));
#11663=DIRECTION('',(0.,0.,-1.));
#11664=DIRECTION('',(0.,0.,-1.));
#11665=DIRECTION('',(0.,1.,0.));
#11666=DIRECTION('',(0.,0.,-1.));
#11667=DIRECTION('',(0.,-1.,0.));
#11668=DIRECTION('',(1.,0.,0.));
#11669=DIRECTION('',(0.,0.,-1.));
#11670=DIRECTION('',(0.,0.,-1.));
#11671=DIRECTION('',(0.,1.,0.));
#11672=DIRECTION('',(0.,0.,-1.));
#11673=DIRECTION('',(-1.,-7.54227598250786E-17,0.));
#11674=DIRECTION('',(7.54227598250786E-17,-1.,0.));
#11675=DIRECTION('',(0.,0.,-1.));
#11676=DIRECTION('',(0.,0.,-1.));
#11677=DIRECTION('',(0.,1.,0.));
#11678=DIRECTION('',(0.,0.,-1.));
#11679=DIRECTION('',(0.,1.,0.));
#11680=DIRECTION('',(-1.,0.,0.));
#11681=DIRECTION('',(0.,0.,-1.));
#11682=DIRECTION('',(0.,0.,-1.));
#11683=DIRECTION('',(0.,1.,0.));
#11684=DIRECTION('',(0.,0.,-1.));
#11685=DIRECTION('',(0.,1.,0.));
#11686=DIRECTION('',(0.,0.,-1.));
#11687=DIRECTION('',(0.,1.,0.));
#11688=DIRECTION('',(0.,0.,-1.));
#11689=DIRECTION('',(0.,1.,0.));
#11690=DIRECTION('',(0.,0.,-1.));
#11691=DIRECTION('',(0.,1.,0.));
#11692=DIRECTION('',(0.,0.,-1.));
#11693=DIRECTION('',(0.,1.,0.));
#11694=DIRECTION('',(0.,0.,-1.));
#11695=DIRECTION('',(0.,1.,0.));
#11696=DIRECTION('',(0.,0.,-1.));
#11697=DIRECTION('',(0.,0.,1.));
#11698=DIRECTION('',(0.,-1.,0.));
#11699=DIRECTION('',(0.,0.,-1.));
#11700=DIRECTION('',(0.707106781186548,0.707106781186548,0.));
#11701=DIRECTION('',(-0.707106781186548,0.707106781186548,0.));
#11702=DIRECTION('',(0.,0.,-1.));
#11703=DIRECTION('',(0.707106781186548,-0.707106781186548,0.));
#11704=DIRECTION('',(0.,0.,-1.));
#11705=DIRECTION('',(0.,1.,0.));
#11706=DIRECTION('',(0.,0.,-1.));
#11707=DIRECTION('',(0.,0.,1.));
#11708=DIRECTION('',(0.,-1.,0.));
#11709=DIRECTION('',(0.707106781186548,-0.707106781186548,0.));
#11710=DIRECTION('',(0.707106781186548,0.707106781186548,0.));
#11711=DIRECTION('',(0.,0.,-1.));
#11712=DIRECTION('',(-0.707106781186548,-0.707106781186548,0.));
#11713=DIRECTION('',(0.,0.,-1.));
#11714=DIRECTION('',(0.,1.,0.));
#11715=DIRECTION('',(0.,0.,-1.));
#11716=DIRECTION('',(0.,0.,1.));
#11717=DIRECTION('',(0.,-1.,0.));
#11718=DIRECTION('',(-0.707106781186548,0.707106781186548,0.));
#11719=DIRECTION('',(-0.707106781186548,-0.707106781186548,0.));
#11720=DIRECTION('',(0.,0.,-1.));
#11721=DIRECTION('',(0.707106781186548,0.707106781186548,0.));
#11722=DIRECTION('',(0.,0.,-1.));
#11723=DIRECTION('',(0.,1.,0.));
#11724=DIRECTION('',(0.,0.,-1.));
#11725=DIRECTION('',(0.,0.,1.));
#11726=DIRECTION('',(0.,-1.,0.));
#11727=DIRECTION('',(0.707106781186548,0.707106781186548,0.));
#11728=DIRECTION('',(-0.707106781186548,0.707106781186548,0.));
#11729=DIRECTION('',(0.,0.,-1.));
#11730=DIRECTION('',(0.707106781186548,-0.707106781186548,0.));
#11731=DIRECTION('',(0.,0.,-1.));
#11732=DIRECTION('',(0.,1.,0.));
#11733=DIRECTION('',(0.,0.,-1.));
#11734=DIRECTION('',(0.,0.,1.));
#11735=DIRECTION('',(0.,-1.,0.));
#11736=DIRECTION('',(-0.707106781186548,-0.707106781186548,0.));
#11737=DIRECTION('',(0.707106781186548,-0.707106781186548,0.));
#11738=DIRECTION('',(0.,0.,-1.));
#11739=DIRECTION('',(-0.707106781186548,0.707106781186548,0.));
#11740=DIRECTION('',(0.,0.,-1.));
#11741=DIRECTION('',(0.,1.,0.));
#11742=DIRECTION('',(0.,0.,-1.));
#11743=DIRECTION('',(0.,0.,1.));
#11744=DIRECTION('',(0.,-1.,0.));
#11745=DIRECTION('',(-0.707106781186548,0.707106781186548,0.));
#11746=DIRECTION('',(-0.707106781186548,-0.707106781186548,0.));
#11747=DIRECTION('',(0.,0.,-1.));
#11748=DIRECTION('',(0.707106781186548,0.707106781186548,0.));
#11749=DIRECTION('',(0.,0.,-1.));
#11750=DIRECTION('',(0.,1.,0.));
#11751=DIRECTION('',(0.,0.,-1.));
#11752=DIRECTION('',(0.,0.,1.));
#11753=DIRECTION('',(0.,-1.,0.));
#11754=DIRECTION('',(0.707106781186548,-0.707106781186548,0.));
#11755=DIRECTION('',(0.707106781186548,0.707106781186548,0.));
#11756=DIRECTION('',(0.,0.,-1.));
#11757=DIRECTION('',(-0.707106781186548,-0.707106781186548,0.));
#11758=DIRECTION('',(0.,0.,-1.));
#11759=DIRECTION('',(0.,1.,0.));
#11760=DIRECTION('',(0.,0.,-1.));
#11761=DIRECTION('',(0.,0.,1.));
#11762=DIRECTION('',(0.,-1.,0.));
#11763=DIRECTION('',(-0.707106781186548,-0.707106781186548,0.));
#11764=DIRECTION('',(0.707106781186548,-0.707106781186548,0.));
#11765=DIRECTION('',(-0.707106781186548,0.707106781186548,0.));
#11766=DIRECTION('',(0.,0.,1.));
#11767=DIRECTION('',(0.,-1.,0.));
#11768=DIRECTION('',(0.,1.,0.));
#11769=DIRECTION('',(-1.,0.,0.));
#11770=DIRECTION('',(0.,1.,0.));
#11771=DIRECTION('',(-1.,0.,0.));
#11772=DIRECTION('',(0.,1.,0.));
#11773=DIRECTION('',(-1.,0.,0.));
#11774=DIRECTION('',(0.,1.,0.));
#11775=DIRECTION('',(-1.,0.,0.));
#11776=DIRECTION('',(0.,1.,0.));
#11777=DIRECTION('',(-1.,0.,0.));
#11778=DIRECTION('',(0.,1.,0.));
#11779=DIRECTION('',(-1.,0.,0.));
#11780=DIRECTION('',(0.,1.,0.));
#11781=DIRECTION('',(-1.,0.,0.));
#11782=DIRECTION('',(0.,1.,0.));
#11783=DIRECTION('',(-1.,0.,0.));
#11784=DIRECTION('',(0.,1.,0.));
#11785=DIRECTION('',(-1.,0.,0.));
#11786=DIRECTION('',(0.,1.,0.));
#11787=DIRECTION('',(-1.,0.,0.));
#11788=DIRECTION('',(0.,1.,0.));
#11789=DIRECTION('',(-1.,0.,0.));
#11790=DIRECTION('',(0.,1.,0.));
#11791=DIRECTION('',(-1.,0.,0.));
#11792=DIRECTION('',(0.,0.,1.));
#11793=DIRECTION('',(1.,0.,0.));
#11794=DIRECTION('',(0.,-1.,0.));
#11795=DIRECTION('',(1.,0.,0.));
#11796=DIRECTION('',(1.,0.,0.));
#11797=DIRECTION('',(0.,0.,-1.));
#11798=DIRECTION('',(-1.,0.,0.));
#11799=DIRECTION('',(-1.,0.,0.));
#11800=DIRECTION('',(-0.419058177461747,0.,0.907959384500452));
#11801=DIRECTION('',(1.,0.,0.));
#11802=DIRECTION('',(0.418842224744609,0.,-0.908059023836549));
#11803=DIRECTION('',(1.,0.,0.));
#11804=DIRECTION('',(0.428596026355544,0.,0.903496234741594));
#11805=DIRECTION('',(1.,0.,0.));
#11806=DIRECTION('',(-0.428584206872173,0.,-0.903501841514311));
#11807=DIRECTION('',(1.,0.,0.));
#11808=DIRECTION('',(0.,0.,-1.));
#11809=DIRECTION('',(-1.,0.,0.));
#11810=DIRECTION('',(-0.642922308187064,0.,0.76593139747331));
#11811=DIRECTION('',(0.,0.,-1.));
#11812=DIRECTION('',(-1.,0.,0.));
#11813=DIRECTION('',(0.,0.,1.));
#11814=DIRECTION('',(1.,0.,0.));
#11815=DIRECTION('',(0.642871248750166,0.,-0.765974253829985));
#11816=DIRECTION('',(0.,0.,1.));
#11817=DIRECTION('',(0.725753998329553,0.,0.687954310916552));
#11818=DIRECTION('',(1.,0.,0.));
#11819=DIRECTION('',(0.,0.,-1.));
#11820=DIRECTION('',(-1.,0.,0.));
#11821=DIRECTION('',(0.,0.,-1.));
#11822=DIRECTION('',(-1.,0.,0.));
#11823=DIRECTION('',(0.,0.,1.));
#11824=DIRECTION('',(1.,0.,0.));
#11825=DIRECTION('',(0.,0.,1.));
#11826=DIRECTION('',(-1.,0.,0.));
#11827=DIRECTION('',(0.,0.,1.));
#11828=DIRECTION('',(1.,0.,0.));
#11829=DIRECTION('',(0.,0.,1.));
#11830=DIRECTION('',(-1.,0.,0.));
#11831=DIRECTION('',(0.,0.,1.));
#11832=DIRECTION('',(1.,0.,0.));
#11833=DIRECTION('',(0.,0.,-1.));
#11834=DIRECTION('',(-1.,0.,0.));
#11835=DIRECTION('',(-0.622788232243938,0.,0.782390450976027));
#11836=DIRECTION('',(1.,0.,0.));
#11837=DIRECTION('',(0.622788232243937,0.,-0.782390450976027));
#11838=DIRECTION('',(1.,0.,0.));
#11839=DIRECTION('',(0.,0.,1.));
#11840=DIRECTION('',(1.,0.,0.));
#11841=DIRECTION('',(0.,-1.,0.));
#11842=DIRECTION('',(1.,0.,-4.89966315499651E-16));
#11843=DIRECTION('',(1.,0.,0.));
#11844=DIRECTION('',(0.,1.,0.));
#11845=DIRECTION('',(0.,0.,-1.));
#11846=DIRECTION('',(0.,1.,0.));
#11847=DIRECTION('',(0.,0.,-1.));
#11848=DIRECTION('',(0.,1.,0.));
#11849=DIRECTION('',(0.,0.,1.));
#11850=DIRECTION('',(0.,-1.,0.));
#11851=DIRECTION('',(1.,0.,0.));
#11852=DIRECTION('',(0.,1.,0.));
#11853=DIRECTION('',(1.,0.,0.));
#11854=DIRECTION('',(-1.,0.,0.));
#11855=DIRECTION('',(0.,-1.,0.));
#11856=DIRECTION('',(0.,0.,1.));
#11857=DIRECTION('',(0.,1.,0.));
#11858=DIRECTION('',(0.,0.,1.));
#11859=DIRECTION('',(0.,0.,-1.));
#11860=DIRECTION('',(0.,1.,0.));
#11861=DIRECTION('',(-1.,0.,0.));
#11862=DIRECTION('',(-1.,0.,0.));
#11863=DIRECTION('',(0.,1.,0.));
#11864=DIRECTION('',(-1.,0.,0.));
#11865=DIRECTION('',(0.,-1.,0.));
#11866=DIRECTION('',(1.,0.,-4.89966315499651E-16));
#11867=DIRECTION('',(0.,1.,0.));
#11868=DIRECTION('',(-1.,0.,0.));
#11869=DIRECTION('',(1.11244528942412E-13,-1.,1.39082495030618E-11));
#11870=DIRECTION('',(0.,-1.39082495030618E-11,-1.));
#11871=DIRECTION('',(0.,0.,-1.));
#11872=DIRECTION('',(1.,0.,0.));
#11873=DIRECTION('',(0.,0.,1.));
#11874=DIRECTION('',(1.,0.,0.));
#11875=DIRECTION('',(0.622788232243937,0.,-0.782390450976027));
#11876=DIRECTION('',(1.,0.,0.));
#11877=DIRECTION('',(-0.622788232243938,0.,0.782390450976027));
#11878=DIRECTION('',(-1.,0.,0.));
#11879=DIRECTION('',(0.,0.,1.));
#11880=DIRECTION('',(1.,0.,0.));
#11881=DIRECTION('',(-0.999970673881285,0.,0.00765841872775843));
#11882=DIRECTION('',(1.,0.,0.));
#11883=DIRECTION('',(0.,1.,0.));
#11884=DIRECTION('',(0.,1.,0.));
#11885=DIRECTION('',(0.,1.,0.));
#11886=DIRECTION('',(0.,0.,1.));
#11887=DIRECTION('',(0.,-1.,0.));
#11888=DIRECTION('',(0.,1.,0.));
#11889=DIRECTION('',(-1.,0.,0.));
#11890=DIRECTION('',(0.,-1.,0.));
#11891=DIRECTION('',(0.,1.,0.));
#11892=DIRECTION('',(0.,0.,1.));
#11893=DIRECTION('',(0.,-1.,0.));
#11894=DIRECTION('',(0.,1.,0.));
#11895=DIRECTION('',(0.782390450976027,0.,0.622788232243938));
#11896=DIRECTION('',(-0.622788232243938,0.,0.782390450976027));
#11897=DIRECTION('',(0.,1.,0.));
#11898=DIRECTION('',(0.,0.,1.));
#11899=DIRECTION('',(0.,-1.,0.));
#11900=DIRECTION('',(0.,1.,0.));
#11901=DIRECTION('',(-0.782390450976027,0.,-0.622788232243938));
#11902=DIRECTION('',(0.622788232243938,0.,-0.782390450976027));
#11903=DIRECTION('',(0.,1.,0.));
#11904=DIRECTION('',(0.,1.,0.));
#11905=DIRECTION('',(0.,1.,0.));
#11906=DIRECTION('',(0.,1.,0.));
#11907=DIRECTION('',(0.,0.,-1.));
#11908=DIRECTION('',(0.,1.,0.));
#11909=DIRECTION('',(0.,0.,1.));
#11910=DIRECTION('',(0.,-1.,0.));
#11911=DIRECTION('',(1.,0.,0.));
#11912=DIRECTION('',(0.,1.,0.));
#11913=DIRECTION('',(0.,1.,0.));
#11914=DIRECTION('',(-1.,0.,0.));
#11915=DIRECTION('',(0.,-1.,0.));
#11916=DIRECTION('',(0.,0.,1.));
#11917=DIRECTION('',(0.,1.,0.));
#11918=DIRECTION('',(-0.00765841872775844,0.,-0.999970673881285));
#11919=DIRECTION('',(0.999970673881285,0.,-0.00765841872775844));
#11920=DIRECTION('',(-0.999970673881285,0.,0.00765841872775843));
#11921=DIRECTION('',(0.,1.,0.));
#11922=DIRECTION('',(0.,1.,0.));
#11923=DIRECTION('',(0.,-1.,0.));
#11924=DIRECTION('',(1.,0.,0.));
#11925=DIRECTION('',(1.,0.,0.));
#11926=DIRECTION('',(0.,1.,0.));
#11927=DIRECTION('',(0.,1.,0.));
#11928=DIRECTION('',(0.,0.,-1.));
#11929=DIRECTION('',(0.,1.,0.));
#11930=DIRECTION('',(0.,0.,1.));
#11931=DIRECTION('',(0.,-1.,0.));
#11932=DIRECTION('',(0.,1.,0.));
#11933=DIRECTION('',(1.,0.,0.));
#11934=DIRECTION('',(-1.,0.,0.));
#11935=DIRECTION('',(0.,-1.,0.));
#11936=DIRECTION('',(0.,1.,0.));
#11937=DIRECTION('',(0.,0.,1.));
#11938=DIRECTION('',(0.,0.,-1.));
#11939=DIRECTION('',(0.,1.,0.));
#11940=DIRECTION('',(0.,1.,0.));
#11941=DIRECTION('',(-1.,0.,0.));
#11942=DIRECTION('',(-1.,0.,0.));
#11943=DIRECTION('',(0.,-1.,0.));
#11944=DIRECTION('',(0.,1.,0.));
#11945=DIRECTION('',(0.,0.,1.));
#11946=DIRECTION('',(0.,0.,1.));
#11947=DIRECTION('',(0.,-1.,0.));
#11948=DIRECTION('',(0.,1.,0.));
#11949=DIRECTION('',(1.,0.,0.));
#11950=DIRECTION('',(-1.,0.,0.));
#11951=DIRECTION('',(0.,-1.,0.));
#11952=DIRECTION('',(0.,1.,0.));
#11953=DIRECTION('',(0.,0.,1.));
#11954=DIRECTION('',(0.,0.,-1.));
#11955=DIRECTION('',(0.,1.,0.));
#11956=DIRECTION('',(0.,1.,0.));
#11957=DIRECTION('',(-1.,0.,0.));
#11958=DIRECTION('',(-1.,0.,0.));
#11959=DIRECTION('',(0.,-1.,0.));
#11960=DIRECTION('',(0.,1.,0.));
#11961=DIRECTION('',(0.,0.,1.));
#11962=DIRECTION('',(0.,0.,1.));
#11963=DIRECTION('',(0.,-1.,0.));
#11964=DIRECTION('',(0.,1.,0.));
#11965=DIRECTION('',(1.,0.,0.));
#11966=DIRECTION('',(-1.,0.,0.));
#11967=DIRECTION('',(0.,-1.,0.));
#11968=DIRECTION('',(0.,1.,0.));
#11969=DIRECTION('',(0.,0.,1.));
#11970=DIRECTION('',(0.,0.,-1.));
#11971=DIRECTION('',(0.,1.,0.));
#11972=DIRECTION('',(-1.,0.,0.));
#11973=DIRECTION('',(0.,1.,0.));
#11974=DIRECTION('',(-1.,0.,0.));
#11975=DIRECTION('',(0.,1.,0.));
#11976=DIRECTION('',(0.,1.,0.));
#11977=DIRECTION('',(0.,1.,0.));
#11978=DIRECTION('',(0.,1.,0.));
#11979=DIRECTION('',(0.,1.,0.));
#11980=DIRECTION('',(0.,1.,0.));
#11981=DIRECTION('',(0.,0.,-1.));
#11982=DIRECTION('',(0.,1.,0.));
#11983=DIRECTION('',(0.,1.,0.));
#11984=DIRECTION('',(-1.,0.,0.));
#11985=DIRECTION('',(1.,0.,0.));
#11986=DIRECTION('',(0.,1.,0.));
#11987=DIRECTION('',(0.,1.,0.));
#11988=DIRECTION('',(0.,0.,-1.));
#11989=DIRECTION('',(0.,0.,1.));
#11990=DIRECTION('',(0.,-1.,0.));
#11991=DIRECTION('',(0.,1.,0.));
#11992=DIRECTION('',(1.,0.,0.));
#11993=DIRECTION('',(0.,1.,0.));
#11994=DIRECTION('',(0.,1.,0.));
#11995=DIRECTION('',(0.,1.,0.));
#11996=DIRECTION('',(0.,1.,0.));
#11997=DIRECTION('',(-0.687954310916552,0.,0.725753998329553));
#11998=DIRECTION('',(-0.725753998329553,0.,-0.687954310916552));
#11999=DIRECTION('',(0.725753998329553,0.,0.687954310916552));
#12000=DIRECTION('',(-1.54207844074899E-14,-1.,-9.66754697824835E-13));
#12001=DIRECTION('',(0.,9.66754697824835E-13,-1.));
#12002=DIRECTION('',(0.,0.,1.));
#12003=DIRECTION('',(0.,-1.,0.));
#12004=DIRECTION('',(0.,1.,0.));
#12005=DIRECTION('',(1.,0.,0.));
#12006=DIRECTION('',(0.,1.,0.));
#12007=DIRECTION('',(-1.,0.,0.));
#12008=DIRECTION('',(0.,-1.,0.));
#12009=DIRECTION('',(0.,1.,0.));
#12010=DIRECTION('',(0.,0.,1.));
#12011=DIRECTION('',(0.765974253829985,0.,0.642871248750166));
#12012=DIRECTION('',(-0.642871248750166,0.,0.765974253829985));
#12013=DIRECTION('',(0.,1.,0.));
#12014=DIRECTION('',(0.642871248750166,0.,-0.765974253829985));
#12015=DIRECTION('',(0.,0.,1.));
#12016=DIRECTION('',(0.,-1.,0.));
#12017=DIRECTION('',(0.,1.,0.));
#12018=DIRECTION('',(1.,0.,0.));
#12019=DIRECTION('',(-1.,0.,0.));
#12020=DIRECTION('',(0.,-1.,0.));
#12021=DIRECTION('',(0.,1.,0.));
#12022=DIRECTION('',(0.,0.,1.));
#12023=DIRECTION('',(0.,0.,-1.));
#12024=DIRECTION('',(0.,1.,0.));
#12025=DIRECTION('',(0.,1.,0.));
#12026=DIRECTION('',(-1.,0.,0.));
#12027=DIRECTION('',(1.,0.,0.));
#12028=DIRECTION('',(0.,1.,0.));
#12029=DIRECTION('',(0.,1.,0.));
#12030=DIRECTION('',(0.,0.,-1.));
#12031=DIRECTION('',(-0.76593139747331,0.,-0.642922308187064));
#12032=DIRECTION('',(0.642922308187064,0.,-0.76593139747331));
#12033=DIRECTION('',(0.,1.,0.));
#12034=DIRECTION('',(-0.642922308187064,0.,0.76593139747331));
#12035=DIRECTION('',(0.,0.,-1.));
#12036=DIRECTION('',(0.,1.,0.));
#12037=DIRECTION('',(0.,1.,0.));
#12038=DIRECTION('',(-1.,0.,0.));
#12039=DIRECTION('',(1.,0.,0.));
#12040=DIRECTION('',(0.,1.,0.));
#12041=DIRECTION('',(0.,0.,-1.));
#12042=DIRECTION('',(0.,1.,0.));
#12043=DIRECTION('',(-1.,0.,0.));
#12044=DIRECTION('',(0.,-1.,0.));
#12045=DIRECTION('',(1.,0.,0.));
#12046=DIRECTION('',(-1.,0.,0.));
#12047=DIRECTION('',(-0.428584206872173,0.,-0.903501841514311));
#12048=DIRECTION('',(1.,0.,0.));
#12049=DIRECTION('',(0.428596026355544,0.,0.903496234741594));
#12050=DIRECTION('',(1.,0.,0.));
#12051=DIRECTION('',(0.418842224744609,0.,-0.908059023836549));
#12052=DIRECTION('',(1.,0.,0.));
#12053=DIRECTION('',(-0.419058177461747,0.,0.907959384500452));
#12054=DIRECTION('',(0.428351119156279,0.,0.903612371936973));
#12055=DIRECTION('',(0.418997788826974,0.,-0.907987253742092));
#12056=DIRECTION('',(-1.,0.,0.));
#12057=DIRECTION('',(0.,0.,-1.));
#12058=DIRECTION('',(0.,1.,0.));
#12059=DIRECTION('',(0.,1.,0.));
#12060=DIRECTION('',(0.,1.,0.));
#12061=DIRECTION('',(0.90350184151431,0.,-0.428584206872173));
#12062=DIRECTION('',(0.428584206872173,0.,0.903501841514311));
#12063=DIRECTION('',(0.,1.,0.));
#12064=DIRECTION('',(0.,0.,1.));
#12065=DIRECTION('',(0.,-1.,0.));
#12066=DIRECTION('',(0.,1.,0.));
#12067=DIRECTION('',(-0.903496234741594,0.,0.428596026355544));
#12068=DIRECTION('',(-0.428596026355544,0.,-0.903496234741594));
#12069=DIRECTION('',(0.,1.,0.));
#12070=DIRECTION('',(0.,0.,1.));
#12071=DIRECTION('',(0.,-1.,0.));
#12072=DIRECTION('',(0.,1.,0.));
#12073=DIRECTION('',(0.908059023836549,0.,0.418842224744609));
#12074=DIRECTION('',(-0.418842224744609,0.,0.908059023836549));
#12075=DIRECTION('',(0.,1.,0.));
#12076=DIRECTION('',(0.,0.,1.));
#12077=DIRECTION('',(0.,-1.,0.));
#12078=DIRECTION('',(0.,1.,0.));
#12079=DIRECTION('',(-0.907959384500452,0.,-0.419058177461747));
#12080=DIRECTION('',(0.419058177461747,0.,-0.907959384500452));
#12081=DIRECTION('',(0.907987253742092,0.,0.418997788826974));
#12082=DIRECTION('',(-0.418997788826975,0.,0.907987253742092));
#12083=DIRECTION('',(0.418997788826974,0.,-0.907987253742092));
#12084=DIRECTION('',(0.,1.,0.));
#12085=DIRECTION('',(0.,1.,0.));
#12086=DIRECTION('',(-0.903612371936973,0.,0.428351119156279));
#12087=DIRECTION('',(-0.428351119156279,0.,-0.903612371936973));
#12088=DIRECTION('',(0.428351119156279,0.,0.903612371936973));
#12089=DIRECTION('',(0.,1.,0.));
#12090=DIRECTION('',(0.,0.,-1.));
#12091=DIRECTION('',(0.,1.,0.));
#12092=DIRECTION('',(-1.,0.,0.));
#12093=DIRECTION('',(0.,-1.,0.));
#12094=DIRECTION('',(1.,0.,0.));
#12095=DIRECTION('',(5.18331473891819E-15,-1.,7.21884346869145E-13));
#12096=DIRECTION('',(0.,-7.21884346869145E-13,-1.));
#12097=DIRECTION('',(1.,0.,0.));
#12098=DIRECTION('',(-1.,0.,0.));
#12099=DIRECTION('',(0.,0.,-1.));
#12100=DIRECTION('',(-1.,0.,0.));
#12101=DIRECTION('',(0.,0.,1.));
#12102=DIRECTION('',(1.,0.,0.));
#12103=DIRECTION('',(0.,0.,1.));
#12104=DIRECTION('',(0.,-1.,0.));
#12105=DIRECTION('',(0.,1.,0.));
#12106=DIRECTION('',(0.,1.,0.));
#12107=DIRECTION('',(0.,1.,0.));
#12108=DIRECTION('',(0.,1.,0.));
#12109=DIRECTION('',(0.,1.,0.));
#12110=DIRECTION('',(0.,0.,-1.));
#12111=DIRECTION('',(0.,1.,0.));
#12112=DIRECTION('',(0.,1.,0.));
#12113=DIRECTION('',(1.,0.,0.));
#12114=DIRECTION('',(0.,1.,0.));
#12115=DIRECTION('',(-1.,0.,0.));
#12116=DIRECTION('',(0.,-1.,0.));
#12117=DIRECTION('',(0.,0.,1.));
#12118=DIRECTION('',(0.,1.,0.));
#12119=DIRECTION('',(0.,1.,0.));
#12120=DIRECTION('',(0.,0.,-1.));
#12121=DIRECTION('',(0.,1.,0.));
#12122=DIRECTION('',(-1.,0.,0.));
#12123=DIRECTION('',(0.,1.,0.));
#12124=DIRECTION('',(0.,1.,0.));
#12125=DIRECTION('',(0.,1.,0.));
#12126=DIRECTION('',(0.,1.,0.));
#12127=DIRECTION('',(0.,1.,0.));
#12128=DIRECTION('',(0.,0.,1.));
#12129=DIRECTION('',(0.,-1.,0.));
#12130=DIRECTION('',(1.,0.,0.));
#12131=DIRECTION('',(0.,-1.,0.));
#12132=DIRECTION('',(1.,0.,0.));
#12133=CARTESIAN_POINT('',(0.,0.,0.));
#12134=CARTESIAN_POINT('',(0.0115,-0.0115,0.098));
#12135=CARTESIAN_POINT('',(0.0115,-0.0115,0.098));
#12136=CARTESIAN_POINT('',(0.0115,-0.015,0.098));
#12137=CARTESIAN_POINT('',(0.0115,-0.0115,0.093));
#12138=CARTESIAN_POINT('',(0.0115,-0.015,0.093));
#12139=CARTESIAN_POINT('',(0.0115,-0.0115,0.098));
#12140=CARTESIAN_POINT('',(0.0115,-0.0115,0.093));
#12141=CARTESIAN_POINT('',(0.,0.,0.));
#12142=CARTESIAN_POINT('',(0.,0.,0.0055));
#12143=CARTESIAN_POINT('',(0.,0.,0.0055));
#12144=CARTESIAN_POINT('',(0.,-0.004,0.0055));
#12145=CARTESIAN_POINT('',(0.,0.,0.0055));
#12146=CARTESIAN_POINT('',(0.,-0.008,0.0055));
#12147=CARTESIAN_POINT('',(0.,0.,0.));
#12148=CARTESIAN_POINT('',(0.,0.,0.));
#12149=CARTESIAN_POINT('',(0.,-0.008,0.));
#12150=CARTESIAN_POINT('',(0.,0.,0.));
#12151=CARTESIAN_POINT('',(0.,-0.0025,0.));
#12152=CARTESIAN_POINT('',(0.,0.,0.0055));
#12153=CARTESIAN_POINT('',(0.,0.,0.0055));
#12154=CARTESIAN_POINT('',(0.,0.,0.0055));
#12155=CARTESIAN_POINT('',(0.,-0.0025,0.0055));
#12156=CARTESIAN_POINT('',(0.,0.,0.0055));
#12157=CARTESIAN_POINT('',(0.,0.,0.0075));
#12158=CARTESIAN_POINT('',(0.,0.,0.0075));
#12159=CARTESIAN_POINT('',(0.,-0.004,0.0075));
#12160=CARTESIAN_POINT('',(0.,0.,0.0075));
#12161=CARTESIAN_POINT('',(0.,0.,0.));
#12162=CARTESIAN_POINT('',(0.,0.,0.0095));
#12163=CARTESIAN_POINT('',(0.,0.,0.008));
#12164=CARTESIAN_POINT('',(0.,-0.009,0.008));
#12165=CARTESIAN_POINT('',(0.,0.,0.0095));
#12166=CARTESIAN_POINT('',(0.,-0.009,0.0095));
#12167=CARTESIAN_POINT('',(0.,0.,0.0095));
#12168=CARTESIAN_POINT('',(0.,0.,0.0075));
#12169=CARTESIAN_POINT('',(0.,0.,0.0075));
#12170=CARTESIAN_POINT('',(0.,-0.0085,0.0075));
#12171=CARTESIAN_POINT('',(0.,0.,0.008));
#12172=CARTESIAN_POINT('',(0.,0.,0.));
#12173=CARTESIAN_POINT('',(-0.0115,0.0115,0.098));
#12174=CARTESIAN_POINT('',(-0.0115,0.0115,0.098));
#12175=CARTESIAN_POINT('',(-0.0115,0.008,0.098));
#12176=CARTESIAN_POINT('',(-0.0115,0.0115,0.093));
#12177=CARTESIAN_POINT('',(-0.0115,0.008,0.093));
#12178=CARTESIAN_POINT('',(-0.0115,0.0115,0.098));
#12179=CARTESIAN_POINT('',(-0.0115,0.0115,0.093));
#12180=CARTESIAN_POINT('',(0.,0.,0.));
#12181=CARTESIAN_POINT('',(0.0115,0.0115,0.098));
#12182=CARTESIAN_POINT('',(0.0115,0.0115,0.098));
#12183=CARTESIAN_POINT('',(0.0115,0.008,0.098));
#12184=CARTESIAN_POINT('',(0.0115,0.0115,0.093));
#12185=CARTESIAN_POINT('',(0.0115,0.008,0.093));
#12186=CARTESIAN_POINT('',(0.0115,0.0115,0.098));
#12187=CARTESIAN_POINT('',(0.0115,0.0115,0.093));
#12188=CARTESIAN_POINT('',(0.,0.,0.));
#12189=CARTESIAN_POINT('',(-0.0115,-0.0115,0.098));
#12190=CARTESIAN_POINT('',(-0.0115,-0.0115,0.098));
#12191=CARTESIAN_POINT('',(-0.0115,-0.015,0.098));
#12192=CARTESIAN_POINT('',(-0.0115,-0.0115,0.093));
#12193=CARTESIAN_POINT('',(-0.0115,-0.015,0.093));
#12194=CARTESIAN_POINT('',(-0.0115,-0.0115,0.098));
#12195=CARTESIAN_POINT('',(-0.0115,-0.0115,0.093));
#12196=CARTESIAN_POINT('',(0.,0.,0.));
#12197=CARTESIAN_POINT('',(-0.0115,-0.0115,0.093));
#12198=CARTESIAN_POINT('',(-0.0115,-0.0115,0.0905));
#12199=CARTESIAN_POINT('',(-0.015,-0.0115,0.0905));
#12200=CARTESIAN_POINT('',(-0.0115,-0.015,0.0905));
#12201=CARTESIAN_POINT('',(-0.0115,-0.015,0.093));
#12202=CARTESIAN_POINT('',(-0.0115,-0.015,0.093));
#12203=CARTESIAN_POINT('',(-0.0115,-0.0115,0.093));
#12204=CARTESIAN_POINT('',(-0.015,-0.0115,0.093));
#12205=CARTESIAN_POINT('',(-0.015,-0.0115,0.093));
#12206=CARTESIAN_POINT('',(-0.0115,-0.015,0.093));
#12207=CARTESIAN_POINT('',(-0.0115,-0.015,0.0905));
#12208=CARTESIAN_POINT('',(0.0115,-0.015,0.0905));
#12209=CARTESIAN_POINT('',(0.0115,-0.015,0.093));
#12210=CARTESIAN_POINT('',(0.0115,-0.015,0.093));
#12211=CARTESIAN_POINT('',(-0.0115,-0.015,0.093));
#12212=CARTESIAN_POINT('',(0.0115,-0.0115,0.093));
#12213=CARTESIAN_POINT('',(0.0115,-0.0115,0.0905));
#12214=CARTESIAN_POINT('',(0.015,-0.0115,0.0905));
#12215=CARTESIAN_POINT('',(0.015,-0.0115,0.093));
#12216=CARTESIAN_POINT('',(0.015,-0.0115,0.093));
#12217=CARTESIAN_POINT('',(0.0115,-0.0115,0.093));
#12218=CARTESIAN_POINT('',(0.015,-0.0115,0.093));
#12219=CARTESIAN_POINT('',(0.015,-0.0115,0.0905));
#12220=CARTESIAN_POINT('',(0.015,0.0115,0.0905));
#12221=CARTESIAN_POINT('',(0.015,0.0115,0.093));
#12222=CARTESIAN_POINT('',(0.015,0.0115,0.093));
#12223=CARTESIAN_POINT('',(0.015,-0.0115,0.093));
#12224=CARTESIAN_POINT('',(0.0115,0.0115,0.093));
#12225=CARTESIAN_POINT('',(0.0115,0.0115,0.0905));
#12226=CARTESIAN_POINT('',(0.0115,0.015,0.0905));
#12227=CARTESIAN_POINT('',(0.0115,0.015,0.093));
#12228=CARTESIAN_POINT('',(0.0115,0.015,0.093));
#12229=CARTESIAN_POINT('',(0.0115,0.0115,0.093));
#12230=CARTESIAN_POINT('',(-0.0115,0.015,0.093));
#12231=CARTESIAN_POINT('',(-0.0115,0.015,0.0905));
#12232=CARTESIAN_POINT('',(-0.0115,0.015,0.0905));
#12233=CARTESIAN_POINT('',(-0.0115,0.015,0.093));
#12234=CARTESIAN_POINT('',(-0.0115,0.015,0.093));
#12235=CARTESIAN_POINT('',(-0.0115,0.015,0.093));
#12236=CARTESIAN_POINT('',(-0.0115,0.0115,0.093));
#12237=CARTESIAN_POINT('',(-0.0115,0.0115,0.0905));
#12238=CARTESIAN_POINT('',(-0.015,0.0115,0.0905));
#12239=CARTESIAN_POINT('',(-0.015,0.0115,0.093));
#12240=CARTESIAN_POINT('',(-0.015,0.0115,0.093));
#12241=CARTESIAN_POINT('',(-0.0115,0.0115,0.093));
#12242=CARTESIAN_POINT('',(-0.015,-0.0115,0.093));
#12243=CARTESIAN_POINT('',(-0.015,-0.0115,0.0905));
#12244=CARTESIAN_POINT('',(-0.015,-0.0115,0.093));
#12245=CARTESIAN_POINT('',(-0.0115,-0.0115,0.093));
#12246=CARTESIAN_POINT('',(0.,0.,0.093));
#12247=CARTESIAN_POINT('',(0.,-0.013,0.093));
#12248=CARTESIAN_POINT('',(-0.0115,-0.0115,0.0905));
#12249=CARTESIAN_POINT('',(0.,0.,0.0914));
#12250=CARTESIAN_POINT('',(0.,0.,0.0914));
#12251=CARTESIAN_POINT('',(0.,-0.013,0.0914));
#12252=CARTESIAN_POINT('',(0.,0.,0.0914));
#12253=CARTESIAN_POINT('',(0.,0.,0.));
#12254=CARTESIAN_POINT('',(1.37955812021841E-5,0.00446480125901672,0.1021));
#12255=CARTESIAN_POINT('',(1.37955812021841E-5,0.00446480125901672,0.0996));
#12256=CARTESIAN_POINT('',(1.37955812021841E-5,0.00446480125901672,0.0996));
#12257=CARTESIAN_POINT('',(1.37955812021841E-5,0.00946480125901672,0.0996));
#12258=CARTESIAN_POINT('',(1.37955812021841E-5,0.00946480125901672,0.1021));
#12259=CARTESIAN_POINT('',(1.37955812021841E-5,0.00946480125901672,0.1021));
#12260=CARTESIAN_POINT('',(1.37955812021841E-5,0.00446480125901672,0.1021));
#12261=CARTESIAN_POINT('',(1.37955812021841E-5,0.00446480125901672,0.1021));
#12262=CARTESIAN_POINT('',(1.37955812021841E-5,0.00446480125901672,0.1021));
#12263=CARTESIAN_POINT('',(-0.00578620441879782,0.00946480125901672,0.1021));
#12264=CARTESIAN_POINT('',(-0.00578620441879782,0.00946480125901672,0.0996));
#12265=CARTESIAN_POINT('',(-0.00578620441879782,0.00946480125901672,0.0996));
#12266=CARTESIAN_POINT('',(-0.00578620441879782,0.00946480125901672,0.1021));
#12267=CARTESIAN_POINT('',(-0.00578620441879782,0.00946480125901672,0.1021));
#12268=CARTESIAN_POINT('',(-0.00578620441879782,0.00946480125901672,0.1021));
#12269=CARTESIAN_POINT('',(-0.00578620441879782,0.00446480125901672,0.1021));
#12270=CARTESIAN_POINT('',(-0.00578620441879782,0.00446480125901672,0.0996));
#12271=CARTESIAN_POINT('',(-0.00578620441879782,0.00446480125901672,0.0996));
#12272=CARTESIAN_POINT('',(-0.00578620441879782,0.00446480125901672,0.1021));
#12273=CARTESIAN_POINT('',(-0.00578620441879782,0.00446480125901672,0.1021));
#12274=CARTESIAN_POINT('',(-0.00578620441879782,0.00446480125901672,0.1021));
#12275=CARTESIAN_POINT('',(-0.00578620441879782,0.00446480125901672,0.1021));
#12276=CARTESIAN_POINT('',(-0.00578620441879782,0.00446480125901672,0.0996));
#12277=CARTESIAN_POINT('',(-0.00578620441879782,0.00446480125901672,0.1021));
#12278=CARTESIAN_POINT('',(0.,0.,0.1021));
#12279=CARTESIAN_POINT('',(0.,0.,0.0996));
#12280=CARTESIAN_POINT('',(0.,0.,0.));
#12281=CARTESIAN_POINT('',(-0.00509737441573771,0.00946480125901672,0.1002));
#12282=CARTESIAN_POINT('',(-0.00509737441573771,0.00946480125901672,0.0996));
#12283=CARTESIAN_POINT('',(-0.00509737441573771,0.0129648012590167,0.0996));
#12284=CARTESIAN_POINT('',(-0.00509737441573771,0.00946480125901672,0.0996));
#12285=CARTESIAN_POINT('',(-0.00509737441573771,0.00946480125901672,0.1002));
#12286=CARTESIAN_POINT('',(-0.00509737441573771,0.00946480125901672,0.1002));
#12287=CARTESIAN_POINT('',(-0.00509737441573771,0.00946480125901672,0.1002));
#12288=CARTESIAN_POINT('',(-0.00509737441573771,0.0129648012590167,0.1002));
#12289=CARTESIAN_POINT('',(-0.00509737441573771,0.0129648012590167,0.1002));
#12290=CARTESIAN_POINT('',(-0.00509737441573771,0.00946480125901672,0.1002));
#12291=CARTESIAN_POINT('',(-0.00509737441573771,0.00946480125901672,0.0996));
#12292=CARTESIAN_POINT('',(-0.00459737441573771,0.00946480125901672,0.0996));
#12293=CARTESIAN_POINT('',(-0.00459737441573771,0.00946480125901672,0.1002));
#12294=CARTESIAN_POINT('',(-0.00459737441573771,0.00946480125901672,0.1002));
#12295=CARTESIAN_POINT('',(-0.00509737441573771,0.00946480125901672,0.1002));
#12296=CARTESIAN_POINT('',(-0.00459737441573771,0.00946480125901672,0.1002));
#12297=CARTESIAN_POINT('',(-0.00459737441573771,0.00946480125901672,0.0996));
#12298=CARTESIAN_POINT('',(-0.00459737441573771,0.0129648012590167,0.0996));
#12299=CARTESIAN_POINT('',(-0.00459737441573771,0.0129648012590167,0.1002));
#12300=CARTESIAN_POINT('',(-0.00459737441573771,0.0129648012590167,0.1002));
#12301=CARTESIAN_POINT('',(-0.00459737441573771,0.00946480125901672,0.1002));
#12302=CARTESIAN_POINT('',(-0.00509737441573771,0.0129648012590167,0.1002));
#12303=CARTESIAN_POINT('',(-0.00509737441573771,0.0129648012590167,0.0996));
#12304=CARTESIAN_POINT('',(-0.00509737441573771,0.0129648012590167,0.1002));
#12305=CARTESIAN_POINT('',(0.,0.,0.1002));
#12306=CARTESIAN_POINT('',(0.,0.,0.0996));
#12307=CARTESIAN_POINT('',(0.,0.,0.));
#12308=CARTESIAN_POINT('',(-0.00409737441573771,0.00946480125901672,0.1002));
#12309=CARTESIAN_POINT('',(-0.00409737441573771,0.00946480125901672,0.0996));
#12310=CARTESIAN_POINT('',(-0.00409737441573771,0.0129648012590167,0.0996));
#12311=CARTESIAN_POINT('',(-0.00409737441573771,0.00946480125901672,0.0996));
#12312=CARTESIAN_POINT('',(-0.00409737441573771,0.00946480125901672,0.1002));
#12313=CARTESIAN_POINT('',(-0.00409737441573771,0.00946480125901672,0.1002));
#12314=CARTESIAN_POINT('',(-0.00409737441573771,0.00946480125901672,0.1002));
#12315=CARTESIAN_POINT('',(-0.00409737441573771,0.0129648012590167,0.1002));
#12316=CARTESIAN_POINT('',(-0.00409737441573771,0.0129648012590167,0.1002));
#12317=CARTESIAN_POINT('',(-0.00409737441573771,0.00946480125901672,0.1002));
#12318=CARTESIAN_POINT('',(-0.00409737441573771,0.00946480125901672,0.0996));
#12319=CARTESIAN_POINT('',(-0.00359737441573771,0.00946480125901672,0.0996));
#12320=CARTESIAN_POINT('',(-0.00359737441573771,0.00946480125901672,0.1002));
#12321=CARTESIAN_POINT('',(-0.00359737441573771,0.00946480125901672,0.1002));
#12322=CARTESIAN_POINT('',(-0.00409737441573771,0.00946480125901672,0.1002));
#12323=CARTESIAN_POINT('',(-0.00359737441573771,0.00946480125901672,0.1002));
#12324=CARTESIAN_POINT('',(-0.00359737441573771,0.00946480125901672,0.0996));
#12325=CARTESIAN_POINT('',(-0.00359737441573771,0.0129648012590167,0.0996));
#12326=CARTESIAN_POINT('',(-0.00359737441573771,0.0129648012590167,0.1002));
#12327=CARTESIAN_POINT('',(-0.00359737441573771,0.0129648012590167,0.1002));
#12328=CARTESIAN_POINT('',(-0.00359737441573771,0.00946480125901672,0.1002));
#12329=CARTESIAN_POINT('',(-0.00409737441573771,0.0129648012590167,0.1002));
#12330=CARTESIAN_POINT('',(-0.00409737441573771,0.0129648012590167,0.0996));
#12331=CARTESIAN_POINT('',(-0.00409737441573771,0.0129648012590167,0.1002));
#12332=CARTESIAN_POINT('',(0.,0.,0.1002));
#12333=CARTESIAN_POINT('',(0.,0.,0.0996));
#12334=CARTESIAN_POINT('',(0.,0.,0.));
#12335=CARTESIAN_POINT('',(-0.00309737441573771,0.00946480125901672,0.1002));
#12336=CARTESIAN_POINT('',(-0.00309737441573771,0.00946480125901672,0.0996));
#12337=CARTESIAN_POINT('',(-0.00309737441573771,0.0129648012590167,0.0996));
#12338=CARTESIAN_POINT('',(-0.00309737441573771,0.00946480125901672,0.0996));
#12339=CARTESIAN_POINT('',(-0.00309737441573771,0.00946480125901672,0.1002));
#12340=CARTESIAN_POINT('',(-0.00309737441573771,0.00946480125901672,0.1002));
#12341=CARTESIAN_POINT('',(-0.00309737441573771,0.00946480125901672,0.1002));
#12342=CARTESIAN_POINT('',(-0.00309737441573771,0.0129648012590167,0.1002));
#12343=CARTESIAN_POINT('',(-0.00309737441573771,0.0129648012590167,0.1002));
#12344=CARTESIAN_POINT('',(-0.00309737441573771,0.00946480125901672,0.1002));
#12345=CARTESIAN_POINT('',(-0.00309737441573771,0.00946480125901672,0.0996));
#12346=CARTESIAN_POINT('',(-0.00259737441573771,0.00946480125901672,0.0996));
#12347=CARTESIAN_POINT('',(-0.00259737441573771,0.00946480125901672,0.1002));
#12348=CARTESIAN_POINT('',(-0.00259737441573771,0.00946480125901672,0.1002));
#12349=CARTESIAN_POINT('',(-0.00309737441573771,0.00946480125901672,0.1002));
#12350=CARTESIAN_POINT('',(-0.00259737441573771,0.00946480125901672,0.1002));
#12351=CARTESIAN_POINT('',(-0.00259737441573771,0.00946480125901672,0.0996));
#12352=CARTESIAN_POINT('',(-0.00259737441573771,0.0129648012590167,0.0996));
#12353=CARTESIAN_POINT('',(-0.00259737441573771,0.0129648012590167,0.1002));
#12354=CARTESIAN_POINT('',(-0.00259737441573771,0.0129648012590167,0.1002));
#12355=CARTESIAN_POINT('',(-0.00259737441573771,0.00946480125901672,0.1002));
#12356=CARTESIAN_POINT('',(-0.00309737441573771,0.0129648012590167,0.1002));
#12357=CARTESIAN_POINT('',(-0.00309737441573771,0.0129648012590167,0.0996));
#12358=CARTESIAN_POINT('',(-0.00309737441573771,0.0129648012590167,0.1002));
#12359=CARTESIAN_POINT('',(0.,0.,0.1002));
#12360=CARTESIAN_POINT('',(0.,0.,0.0996));
#12361=CARTESIAN_POINT('',(0.,0.,0.));
#12362=CARTESIAN_POINT('',(-0.00209737441573771,0.00946480125901672,0.1002));
#12363=CARTESIAN_POINT('',(-0.00209737441573771,0.00946480125901672,0.0996));
#12364=CARTESIAN_POINT('',(-0.00209737441573771,0.0129648012590167,0.0996));
#12365=CARTESIAN_POINT('',(-0.00209737441573771,0.00946480125901672,0.0996));
#12366=CARTESIAN_POINT('',(-0.00209737441573771,0.00946480125901672,0.1002));
#12367=CARTESIAN_POINT('',(-0.00209737441573771,0.00946480125901672,0.1002));
#12368=CARTESIAN_POINT('',(-0.00209737441573771,0.00946480125901672,0.1002));
#12369=CARTESIAN_POINT('',(-0.00209737441573771,0.0129648012590167,0.1002));
#12370=CARTESIAN_POINT('',(-0.00209737441573771,0.0129648012590167,0.1002));
#12371=CARTESIAN_POINT('',(-0.00209737441573771,0.00946480125901672,0.1002));
#12372=CARTESIAN_POINT('',(-0.00209737441573771,0.00946480125901672,0.0996));
#12373=CARTESIAN_POINT('',(-0.00159737441573771,0.00946480125901672,0.0996));
#12374=CARTESIAN_POINT('',(-0.00159737441573771,0.00946480125901672,0.1002));
#12375=CARTESIAN_POINT('',(-0.00159737441573771,0.00946480125901672,0.1002));
#12376=CARTESIAN_POINT('',(-0.00209737441573771,0.00946480125901672,0.1002));
#12377=CARTESIAN_POINT('',(-0.00159737441573771,0.00946480125901672,0.1002));
#12378=CARTESIAN_POINT('',(-0.00159737441573771,0.00946480125901672,0.0996));
#12379=CARTESIAN_POINT('',(-0.00159737441573771,0.0129648012590167,0.0996));
#12380=CARTESIAN_POINT('',(-0.00159737441573771,0.0129648012590167,0.1002));
#12381=CARTESIAN_POINT('',(-0.00159737441573771,0.0129648012590167,0.1002));
#12382=CARTESIAN_POINT('',(-0.00159737441573771,0.00946480125901672,0.1002));
#12383=CARTESIAN_POINT('',(-0.00209737441573771,0.0129648012590167,0.1002));
#12384=CARTESIAN_POINT('',(-0.00209737441573771,0.0129648012590167,0.0996));
#12385=CARTESIAN_POINT('',(-0.00209737441573771,0.0129648012590167,0.1002));
#12386=CARTESIAN_POINT('',(0.,0.,0.1002));
#12387=CARTESIAN_POINT('',(0.,0.,0.0996));
#12388=CARTESIAN_POINT('',(0.,0.,0.));
#12389=CARTESIAN_POINT('',(-0.00109737441573771,0.00946480125901672,0.1002));
#12390=CARTESIAN_POINT('',(-0.00109737441573771,0.00946480125901672,0.0996));
#12391=CARTESIAN_POINT('',(-0.00109737441573771,0.0129648012590167,0.0996));
#12392=CARTESIAN_POINT('',(-0.00109737441573771,0.00946480125901672,0.0996));
#12393=CARTESIAN_POINT('',(-0.00109737441573771,0.00946480125901672,0.1002));
#12394=CARTESIAN_POINT('',(-0.00109737441573771,0.00946480125901672,0.1002));
#12395=CARTESIAN_POINT('',(-0.00109737441573771,0.00946480125901672,0.1002));
#12396=CARTESIAN_POINT('',(-0.00109737441573771,0.0129648012590167,0.1002));
#12397=CARTESIAN_POINT('',(-0.00109737441573771,0.0129648012590167,0.1002));
#12398=CARTESIAN_POINT('',(-0.00109737441573771,0.00946480125901672,0.1002));
#12399=CARTESIAN_POINT('',(-0.00109737441573771,0.00946480125901672,0.0996));
#12400=CARTESIAN_POINT('',(-0.000597374415737711,0.00946480125901672,0.0996));
#12401=CARTESIAN_POINT('',(-0.000597374415737711,0.00946480125901672,0.1002));
#12402=CARTESIAN_POINT('',(-0.000597374415737711,0.00946480125901672,0.1002));
#12403=CARTESIAN_POINT('',(-0.00109737441573771,0.00946480125901672,0.1002));
#12404=CARTESIAN_POINT('',(-0.000597374415737711,0.00946480125901672,0.1002));
#12405=CARTESIAN_POINT('',(-0.000597374415737711,0.00946480125901672,0.0996));
#12406=CARTESIAN_POINT('',(-0.000597374415737711,0.0129648012590167,0.0996));
#12407=CARTESIAN_POINT('',(-0.000597374415737711,0.0129648012590167,0.1002));
#12408=CARTESIAN_POINT('',(-0.000597374415737711,0.0129648012590167,0.1002));
#12409=CARTESIAN_POINT('',(-0.000597374415737711,0.00946480125901672,0.1002));
#12410=CARTESIAN_POINT('',(-0.00109737441573771,0.0129648012590167,0.1002));
#12411=CARTESIAN_POINT('',(-0.00109737441573771,0.0129648012590167,0.0996));
#12412=CARTESIAN_POINT('',(-0.00109737441573771,0.0129648012590167,0.1002));
#12413=CARTESIAN_POINT('',(0.,0.,0.1002));
#12414=CARTESIAN_POINT('',(0.,0.,0.0996));
#12415=CARTESIAN_POINT('',(0.,0.,0.));
#12416=CARTESIAN_POINT('',(-0.00509737441573771,0.00446480125901672,0.1002));
#12417=CARTESIAN_POINT('',(-0.00509737441573771,0.00446480125901672,0.0996));
#12418=CARTESIAN_POINT('',(-0.00509737441573771,0.00446480125901672,0.0996));
#12419=CARTESIAN_POINT('',(-0.00509737441573771,0.00316397835191289,0.0996));
#12420=CARTESIAN_POINT('',(-0.00509737441573771,0.00316397835191289,0.1002));
#12421=CARTESIAN_POINT('',(-0.00509737441573771,0.00316397835191289,0.1002));
#12422=CARTESIAN_POINT('',(-0.00509737441573771,0.00446480125901672,0.1002));
#12423=CARTESIAN_POINT('',(-0.00509737441573771,0.00446480125901672,0.1002));
#12424=CARTESIAN_POINT('',(-0.00509737441573771,0.00446480125901672,0.1002));
#12425=CARTESIAN_POINT('',(-0.00509737441573771,0.00316397835191289,0.1002));
#12426=CARTESIAN_POINT('',(-0.00509737441573771,0.00316397835191289,0.0996));
#12427=CARTESIAN_POINT('',(-0.000642955740327873,0.00316397835191289,0.0996));
#12428=CARTESIAN_POINT('',(-0.000642955740327873,0.00316397835191289,0.1002));
#12429=CARTESIAN_POINT('',(-0.000642955740327873,0.00316397835191289,0.1002));
#12430=CARTESIAN_POINT('',(-0.00509737441573771,0.00316397835191289,0.1002));
#12431=CARTESIAN_POINT('',(-0.000642955740327873,0.00446480125901672,0.1002));
#12432=CARTESIAN_POINT('',(-0.000642955740327873,0.00446480125901672,0.0996));
#12433=CARTESIAN_POINT('',(-0.000642955740327873,0.00446480125901672,0.0996));
#12434=CARTESIAN_POINT('',(-0.000642955740327873,0.00446480125901672,0.1002));
#12435=CARTESIAN_POINT('',(-0.000642955740327873,0.00446480125901672,0.1002));
#12436=CARTESIAN_POINT('',(-0.000642955740327873,0.00446480125901672,0.1002));
#12437=CARTESIAN_POINT('',(-0.00509737441573771,0.00446480125901672,0.1002));
#12438=CARTESIAN_POINT('',(-0.00509737441573771,0.00446480125901672,0.0996));
#12439=CARTESIAN_POINT('',(-0.00509737441573771,0.00446480125901672,0.1002));
#12440=CARTESIAN_POINT('',(0.,0.,0.1002));
#12441=CARTESIAN_POINT('',(0.,0.,0.0996));
#12442=CARTESIAN_POINT('',(0.,0.,0.));
#12443=CARTESIAN_POINT('',(0.0115,0.0115,0.0996));
#12444=CARTESIAN_POINT('',(0.0115,-0.0115,0.0996));
#12445=CARTESIAN_POINT('',(0.0115,-0.0136,0.0996));
#12446=CARTESIAN_POINT('',(0.0115,0.0115,0.0996));
#12447=CARTESIAN_POINT('',(0.00985713484452453,0.0101919502758211,0.0996));
#12448=CARTESIAN_POINT('',(0.00946079782895121,0.0109983482227781,0.0996));
#12449=CARTESIAN_POINT('',(0.00663435480039709,0.00910858109259038,0.0996));
#12450=CARTESIAN_POINT('',(-0.0115,0.0115,0.0996));
#12451=CARTESIAN_POINT('',(-0.0115,0.0094,0.0996));
#12452=CARTESIAN_POINT('',(-0.0115,-0.0115,0.0996));
#12453=CARTESIAN_POINT('',(-0.0115,-0.0136,0.0996));
#12454=CARTESIAN_POINT('',(-0.014,0.009,0.0996));
#12455=CARTESIAN_POINT('',(-0.008,0.009,0.0996));
#12456=CARTESIAN_POINT('',(-0.014,0.009,0.0996));
#12457=CARTESIAN_POINT('',(-0.008,0.009,0.0996));
#12458=CARTESIAN_POINT('',(-0.008,-0.001,0.0996));
#12459=CARTESIAN_POINT('',(-0.014,-0.001,0.0996));
#12460=CARTESIAN_POINT('',(-0.014,-0.001,0.0996));
#12461=CARTESIAN_POINT('',(-0.014,0.009,0.0996));
#12462=CARTESIAN_POINT('',(0.0115,0.0115,0.0996));
#12463=CARTESIAN_POINT('',(0.016,0.0115,0.0996));
#12464=CARTESIAN_POINT('',(0.0115,0.016,0.0996));
#12465=CARTESIAN_POINT('',(0.0115,0.016,0.0996));
#12466=CARTESIAN_POINT('',(-0.0115,0.016,0.0996));
#12467=CARTESIAN_POINT('',(-0.0115,0.0115,0.0996));
#12468=CARTESIAN_POINT('',(-0.016,0.0115,0.0996));
#12469=CARTESIAN_POINT('',(-0.016,0.0115,0.0996));
#12470=CARTESIAN_POINT('',(-0.016,-0.0115,0.0996));
#12471=CARTESIAN_POINT('',(-0.0115,-0.0115,0.0996));
#12472=CARTESIAN_POINT('',(-0.0115,-0.016,0.0996));
#12473=CARTESIAN_POINT('',(-0.0115,-0.016,0.0996));
#12474=CARTESIAN_POINT('',(0.0115,-0.016,0.0996));
#12475=CARTESIAN_POINT('',(0.0115,-0.0115,0.0996));
#12476=CARTESIAN_POINT('',(0.016,-0.0115,0.0996));
#12477=CARTESIAN_POINT('',(0.016,-0.0115,0.0996));
#12478=CARTESIAN_POINT('',(-0.014,-0.0015,0.0996));
#12479=CARTESIAN_POINT('',(-0.008,-0.0015,0.0996));
#12480=CARTESIAN_POINT('',(-0.014,-0.0015,0.0996));
#12481=CARTESIAN_POINT('',(-0.008,-0.0015,0.0996));
#12482=CARTESIAN_POINT('',(-0.008,-0.009,0.0996));
#12483=CARTESIAN_POINT('',(-0.014,-0.009,0.0996));
#12484=CARTESIAN_POINT('',(-0.014,-0.009,0.0996));
#12485=CARTESIAN_POINT('',(-0.014,-0.0015,0.0996));
#12486=CARTESIAN_POINT('',(0.00113156284153004,-0.00120802185792317,0.0996));
#12487=CARTESIAN_POINT('',(0.00613156284153004,-0.00120802185792317,0.0996));
#12488=CARTESIAN_POINT('',(0.00113156284153004,-0.00120802185792317,0.0996));
#12489=CARTESIAN_POINT('',(0.00613156284153004,-0.00120802185792317,0.0996));
#12490=CARTESIAN_POINT('',(0.00613156284153004,-0.00180802185792317,0.0996));
#12491=CARTESIAN_POINT('',(0.00113156284153004,-0.00180802185792317,0.0996));
#12492=CARTESIAN_POINT('',(0.00113156284153004,-0.00180802185792317,0.0996));
#12493=CARTESIAN_POINT('',(0.00113156284153004,-0.00120802185792317,0.0996));
#12494=CARTESIAN_POINT('',(0.00113156284153005,-0.00914821857923465,0.0996));
#12495=CARTESIAN_POINT('',(0.00613156284153005,-0.00914821857923465,0.0996));
#12496=CARTESIAN_POINT('',(0.00113156284153005,-0.00914821857923465,0.0996));
#12497=CARTESIAN_POINT('',(0.00613156284153005,-0.00914821857923465,0.0996));
#12498=CARTESIAN_POINT('',(0.00613156284153005,-0.00974821857923465,0.0996));
#12499=CARTESIAN_POINT('',(0.00113156284153005,-0.00974821857923465,0.0996));
#12500=CARTESIAN_POINT('',(0.00113156284153005,-0.00974821857923465,0.0996));
#12501=CARTESIAN_POINT('',(0.00113156284153005,-0.00914821857923465,0.0996));
#12502=CARTESIAN_POINT('',(-0.00149327894382514,-0.00281449094994503,0.0996));
#12503=CARTESIAN_POINT('',(-0.000893278943825137,-0.00281449094994503,0.0996));
#12504=CARTESIAN_POINT('',(-0.00149327894382514,-0.00281449094994503,0.0996));
#12505=CARTESIAN_POINT('',(-0.000893278943825137,-0.00281449094994503,0.0996));
#12506=CARTESIAN_POINT('',(-0.000893278943825137,-0.00421449094994503,0.0996));
#12507=CARTESIAN_POINT('',(-0.00149327894382514,-0.00421449094994503,0.0996));
#12508=CARTESIAN_POINT('',(-0.00149327894382514,-0.00421449094994503,0.0996));
#12509=CARTESIAN_POINT('',(-0.00149327894382514,-0.00281449094994503,0.0996));
#12510=CARTESIAN_POINT('',(-0.00149327894382514,-0.00618518975650241,0.0996));
#12511=CARTESIAN_POINT('',(-0.000893278943825137,-0.00618518975650241,0.0996));
#12512=CARTESIAN_POINT('',(-0.00149327894382514,-0.00618518975650241,0.0996));
#12513=CARTESIAN_POINT('',(-0.000893278943825137,-0.00618518975650241,0.0996));
#12514=CARTESIAN_POINT('',(-0.000893278943825137,-0.00758518975650241,0.0996));
#12515=CARTESIAN_POINT('',(-0.00149327894382514,-0.00758518975650241,0.0996));
#12516=CARTESIAN_POINT('',(-0.00149327894382514,-0.00758518975650241,0.0996));
#12517=CARTESIAN_POINT('',(-0.00149327894382514,-0.00618518975650241,0.0996));
#12518=CARTESIAN_POINT('',(0.0115,0.0115,0.0996));
#12519=CARTESIAN_POINT('',(-0.0134,-0.0021,0.0996));
#12520=CARTESIAN_POINT('',(-0.0086,-0.0021,0.0996));
#12521=CARTESIAN_POINT('',(-0.0134,-0.0021,0.0996));
#12522=CARTESIAN_POINT('',(-0.0134,-0.0021,0.0996));
#12523=CARTESIAN_POINT('',(-0.0134,-0.0084,0.0996));
#12524=CARTESIAN_POINT('',(-0.0134,-0.0084,0.0996));
#12525=CARTESIAN_POINT('',(-0.0086,-0.0084,0.0996));
#12526=CARTESIAN_POINT('',(-0.0086,-0.0021,0.0996));
#12527=CARTESIAN_POINT('',(-0.011325,-0.00619,0.0996));
#12528=CARTESIAN_POINT('',(-0.010675,-0.00619,0.0996));
#12529=CARTESIAN_POINT('',(-0.011325,-0.00619,0.0996));
#12530=CARTESIAN_POINT('',(-0.010675,-0.00619,0.0996));
#12531=CARTESIAN_POINT('',(-0.010675,-0.00684,0.0996));
#12532=CARTESIAN_POINT('',(-0.011325,-0.00684,0.0996));
#12533=CARTESIAN_POINT('',(-0.011325,-0.00684,0.0996));
#12534=CARTESIAN_POINT('',(-0.011325,-0.00619,0.0996));
#12535=CARTESIAN_POINT('',(-0.011325,-0.00366,0.0996));
#12536=CARTESIAN_POINT('',(-0.010675,-0.00366,0.0996));
#12537=CARTESIAN_POINT('',(-0.011325,-0.00366,0.0996));
#12538=CARTESIAN_POINT('',(-0.010675,-0.00366,0.0996));
#12539=CARTESIAN_POINT('',(-0.010675,-0.00431,0.0996));
#12540=CARTESIAN_POINT('',(-0.011325,-0.00431,0.0996));
#12541=CARTESIAN_POINT('',(-0.011325,-0.00431,0.0996));
#12542=CARTESIAN_POINT('',(-0.011325,-0.00366,0.0996));
#12543=CARTESIAN_POINT('',(0.0115,0.0115,0.0996));
#12544=CARTESIAN_POINT('',(-0.0134,0.0084,0.0996));
#12545=CARTESIAN_POINT('',(-0.0134,0.0084,0.0996));
#12546=CARTESIAN_POINT('',(-0.0134,-0.0004,0.0996));
#12547=CARTESIAN_POINT('',(-0.0134,-0.0004,0.0996));
#12548=CARTESIAN_POINT('',(-0.0086,-0.0004,0.0996));
#12549=CARTESIAN_POINT('',(-0.0086,0.0084,0.0996));
#12550=CARTESIAN_POINT('',(-0.0086,0.0084,0.0996));
#12551=CARTESIAN_POINT('',(-0.0134,0.0084,0.0996));
#12552=CARTESIAN_POINT('',(-0.010675,0.006365,0.0996));
#12553=CARTESIAN_POINT('',(-0.011325,0.006365,0.0996));
#12554=CARTESIAN_POINT('',(-0.010675,0.006365,0.0996));
#12555=CARTESIAN_POINT('',(-0.011325,0.007015,0.0996));
#12556=CARTESIAN_POINT('',(-0.011325,0.007015,0.0996));
#12557=CARTESIAN_POINT('',(-0.010675,0.007015,0.0996));
#12558=CARTESIAN_POINT('',(-0.010675,0.007015,0.0996));
#12559=CARTESIAN_POINT('',(-0.010675,0.007015,0.0996));
#12560=CARTESIAN_POINT('',(-0.010675,0.003835,0.0996));
#12561=CARTESIAN_POINT('',(-0.011325,0.003835,0.0996));
#12562=CARTESIAN_POINT('',(-0.010675,0.003835,0.0996));
#12563=CARTESIAN_POINT('',(-0.011325,0.004485,0.0996));
#12564=CARTESIAN_POINT('',(-0.011325,0.004485,0.0996));
#12565=CARTESIAN_POINT('',(-0.010675,0.004485,0.0996));
#12566=CARTESIAN_POINT('',(-0.010675,0.004485,0.0996));
#12567=CARTESIAN_POINT('',(-0.010675,0.004485,0.0996));
#12568=CARTESIAN_POINT('',(-0.010675,0.001305,0.0996));
#12569=CARTESIAN_POINT('',(-0.011325,0.001305,0.0996));
#12570=CARTESIAN_POINT('',(-0.010675,0.001305,0.0996));
#12571=CARTESIAN_POINT('',(-0.011325,0.001955,0.0996));
#12572=CARTESIAN_POINT('',(-0.011325,0.001955,0.0996));
#12573=CARTESIAN_POINT('',(-0.010675,0.001955,0.0996));
#12574=CARTESIAN_POINT('',(-0.010675,0.001955,0.0996));
#12575=CARTESIAN_POINT('',(-0.010675,0.001955,0.0996));
#12576=CARTESIAN_POINT('',(0.0115,0.0115,0.0996));
#12577=CARTESIAN_POINT('',(0.0115,0.0115,0.098));
#12578=CARTESIAN_POINT('',(0.016,0.0115,0.098));
#12579=CARTESIAN_POINT('',(0.0115,0.016,0.098));
#12580=CARTESIAN_POINT('',(0.0115,0.016,0.0996));
#12581=CARTESIAN_POINT('',(0.016,0.0115,0.0996));
#12582=CARTESIAN_POINT('',(0.0115,0.016,0.0996));
#12583=CARTESIAN_POINT('',(0.0115,0.016,0.098));
#12584=CARTESIAN_POINT('',(-0.0115,0.016,0.098));
#12585=CARTESIAN_POINT('',(-0.0115,0.016,0.0996));
#12586=CARTESIAN_POINT('',(-0.0115,0.0115,0.0996));
#12587=CARTESIAN_POINT('',(-0.0115,0.0115,0.098));
#12588=CARTESIAN_POINT('',(-0.016,0.0115,0.098));
#12589=CARTESIAN_POINT('',(-0.016,0.0115,0.0996));
#12590=CARTESIAN_POINT('',(-0.016,0.0115,0.0996));
#12591=CARTESIAN_POINT('',(-0.016,0.0115,0.098));
#12592=CARTESIAN_POINT('',(-0.016,-0.0115,0.098));
#12593=CARTESIAN_POINT('',(-0.016,-0.0115,0.0996));
#12594=CARTESIAN_POINT('',(-0.0115,-0.0115,0.0996));
#12595=CARTESIAN_POINT('',(-0.0115,-0.0115,0.098));
#12596=CARTESIAN_POINT('',(-0.0115,-0.016,0.098));
#12597=CARTESIAN_POINT('',(-0.0115,-0.016,0.0996));
#12598=CARTESIAN_POINT('',(-0.0115,-0.016,0.0996));
#12599=CARTESIAN_POINT('',(-0.0115,-0.016,0.098));
#12600=CARTESIAN_POINT('',(0.0115,-0.016,0.098));
#12601=CARTESIAN_POINT('',(0.0115,-0.016,0.0996));
#12602=CARTESIAN_POINT('',(0.0115,-0.0115,0.0996));
#12603=CARTESIAN_POINT('',(0.0115,-0.0115,0.098));
#12604=CARTESIAN_POINT('',(0.016,-0.0115,0.098));
#12605=CARTESIAN_POINT('',(0.016,-0.0115,0.0996));
#12606=CARTESIAN_POINT('',(0.016,-0.0115,0.0996));
#12607=CARTESIAN_POINT('',(0.016,-0.0115,0.098));
#12608=CARTESIAN_POINT('',(0.0115,0.0115,0.098));
#12609=CARTESIAN_POINT('',(0.,0.,0.1066));
#12610=CARTESIAN_POINT('',(-0.008,0.009,0.1066));
#12611=CARTESIAN_POINT('',(-0.008,-0.001,0.1066));
#12612=CARTESIAN_POINT('',(-0.008,0.009,0.1066));
#12613=CARTESIAN_POINT('',(-0.014,0.009,0.1066));
#12614=CARTESIAN_POINT('',(-0.014,0.009,0.1066));
#12615=CARTESIAN_POINT('',(-0.014,0.009,0.1066));
#12616=CARTESIAN_POINT('',(-0.014,-0.001,0.1066));
#12617=CARTESIAN_POINT('',(-0.014,-0.001,0.1066));
#12618=CARTESIAN_POINT('',(-0.0134,-0.0004,0.1066));
#12619=CARTESIAN_POINT('',(-0.0134,-0.0004,0.1066));
#12620=CARTESIAN_POINT('',(-0.0086,-0.0004,0.1066));
#12621=CARTESIAN_POINT('',(-0.0134,0.0084,0.1066));
#12622=CARTESIAN_POINT('',(-0.0134,0.0084,0.1066));
#12623=CARTESIAN_POINT('',(-0.0134,0.0084,0.1066));
#12624=CARTESIAN_POINT('',(-0.0086,0.0084,0.1066));
#12625=CARTESIAN_POINT('',(-0.0086,0.0084,0.1066));
#12626=CARTESIAN_POINT('',(-0.008,0.009,0.1066));
#12627=CARTESIAN_POINT('',(-0.008,0.009,0.1066));
#12628=CARTESIAN_POINT('',(-0.008,-0.001,0.1066));
#12629=CARTESIAN_POINT('',(-0.014,0.009,0.1066));
#12630=CARTESIAN_POINT('',(-0.014,0.009,0.1066));
#12631=CARTESIAN_POINT('',(-0.014,0.009,0.1066));
#12632=CARTESIAN_POINT('',(-0.014,-0.001,0.1066));
#12633=CARTESIAN_POINT('',(-0.014,-0.001,0.1066));
#12634=CARTESIAN_POINT('',(-0.0134,0.0084,0.1066));
#12635=CARTESIAN_POINT('',(-0.0134,0.0084,0.1066));
#12636=CARTESIAN_POINT('',(-0.0134,-0.0004,0.1066));
#12637=CARTESIAN_POINT('',(-0.0134,-0.0004,0.1066));
#12638=CARTESIAN_POINT('',(-0.0086,-0.0004,0.1066));
#12639=CARTESIAN_POINT('',(-0.0086,0.0084,0.1066));
#12640=CARTESIAN_POINT('',(-0.0086,0.0084,0.1066));
#12641=CARTESIAN_POINT('',(-0.0134,0.0084,0.1066));
#12642=CARTESIAN_POINT('',(0.,0.,0.1066));
#12643=CARTESIAN_POINT('',(-0.008,-0.0015,0.1066));
#12644=CARTESIAN_POINT('',(-0.008,-0.009,0.1066));
#12645=CARTESIAN_POINT('',(-0.008,-0.0015,0.1066));
#12646=CARTESIAN_POINT('',(-0.014,-0.0015,0.1066));
#12647=CARTESIAN_POINT('',(-0.014,-0.0015,0.1066));
#12648=CARTESIAN_POINT('',(-0.014,-0.0015,0.1066));
#12649=CARTESIAN_POINT('',(-0.014,-0.009,0.1066));
#12650=CARTESIAN_POINT('',(-0.014,-0.009,0.1066));
#12651=CARTESIAN_POINT('',(-0.0134,-0.0021,0.1066));
#12652=CARTESIAN_POINT('',(-0.0134,-0.0021,0.1066));
#12653=CARTESIAN_POINT('',(-0.0134,-0.0084,0.1066));
#12654=CARTESIAN_POINT('',(-0.0134,-0.0021,0.1066));
#12655=CARTESIAN_POINT('',(-0.0086,-0.0021,0.1066));
#12656=CARTESIAN_POINT('',(-0.0086,-0.0021,0.1066));
#12657=CARTESIAN_POINT('',(-0.0086,-0.0084,0.1066));
#12658=CARTESIAN_POINT('',(-0.0134,-0.0084,0.1066));
#12659=CARTESIAN_POINT('',(-0.008,-0.0015,0.1066));
#12660=CARTESIAN_POINT('',(-0.008,-0.0015,0.1066));
#12661=CARTESIAN_POINT('',(-0.008,-0.009,0.1066));
#12662=CARTESIAN_POINT('',(-0.014,-0.0015,0.1066));
#12663=CARTESIAN_POINT('',(-0.014,-0.0015,0.1066));
#12664=CARTESIAN_POINT('',(-0.014,-0.0015,0.1066));
#12665=CARTESIAN_POINT('',(-0.014,-0.009,0.1066));
#12666=CARTESIAN_POINT('',(-0.014,-0.009,0.1066));
#12667=CARTESIAN_POINT('',(-0.0134,-0.0021,0.1066));
#12668=CARTESIAN_POINT('',(-0.0086,-0.0021,0.1066));
#12669=CARTESIAN_POINT('',(-0.0134,-0.0021,0.1066));
#12670=CARTESIAN_POINT('',(-0.0134,-0.0021,0.1066));
#12671=CARTESIAN_POINT('',(-0.0134,-0.0084,0.1066));
#12672=CARTESIAN_POINT('',(-0.0134,-0.0084,0.1066));
#12673=CARTESIAN_POINT('',(-0.0086,-0.0084,0.1066));
#12674=CARTESIAN_POINT('',(-0.0086,-0.0021,0.1066));
#12675=CARTESIAN_POINT('',(-0.011325,0.007015,0.1051));
#12676=CARTESIAN_POINT('',(-0.011325,0.006365,0.1051));
#12677=CARTESIAN_POINT('',(-0.011325,0.006365,0.1051));
#12678=CARTESIAN_POINT('',(-0.011325,0.007015,0.1051));
#12679=CARTESIAN_POINT('',(-0.011325,0.007015,0.1051));
#12680=CARTESIAN_POINT('',(-0.011325,0.007015,0.1051));
#12681=CARTESIAN_POINT('',(-0.010675,0.006365,0.1051));
#12682=CARTESIAN_POINT('',(-0.010675,0.006365,0.1051));
#12683=CARTESIAN_POINT('',(-0.010675,0.006365,0.1051));
#12684=CARTESIAN_POINT('',(-0.010675,0.006365,0.1051));
#12685=CARTESIAN_POINT('',(-0.010675,0.007015,0.1051));
#12686=CARTESIAN_POINT('',(-0.010675,0.007015,0.1051));
#12687=CARTESIAN_POINT('',(-0.010675,0.007015,0.1051));
#12688=CARTESIAN_POINT('',(-0.010675,0.007015,0.1051));
#12689=CARTESIAN_POINT('',(-0.010675,0.007015,0.1051));
#12690=CARTESIAN_POINT('',(-0.010675,0.007015,0.1051));
#12691=CARTESIAN_POINT('',(0.,0.,0.1051));
#12692=CARTESIAN_POINT('',(-0.010675,-0.00619,0.1051));
#12693=CARTESIAN_POINT('',(-0.010675,-0.00619,0.1051));
#12694=CARTESIAN_POINT('',(-0.010675,-0.00619,0.1051));
#12695=CARTESIAN_POINT('',(-0.010675,-0.00619,0.1051));
#12696=CARTESIAN_POINT('',(-0.010675,-0.00684,0.1051));
#12697=CARTESIAN_POINT('',(-0.010675,-0.00684,0.1051));
#12698=CARTESIAN_POINT('',(-0.011325,-0.00619,0.1051));
#12699=CARTESIAN_POINT('',(-0.011325,-0.00619,0.1051));
#12700=CARTESIAN_POINT('',(-0.011325,-0.00619,0.1051));
#12701=CARTESIAN_POINT('',(-0.011325,-0.00619,0.1051));
#12702=CARTESIAN_POINT('',(-0.011325,-0.00619,0.1051));
#12703=CARTESIAN_POINT('',(-0.011325,-0.00684,0.1051));
#12704=CARTESIAN_POINT('',(-0.011325,-0.00684,0.1051));
#12705=CARTESIAN_POINT('',(-0.011325,-0.00619,0.1051));
#12706=CARTESIAN_POINT('',(-0.011325,-0.00684,0.1051));
#12707=CARTESIAN_POINT('',(-0.011325,-0.00684,0.1051));
#12708=CARTESIAN_POINT('',(0.,0.,0.1051));
#12709=CARTESIAN_POINT('',(-0.011325,0.004485,0.1051));
#12710=CARTESIAN_POINT('',(-0.011325,0.003835,0.1051));
#12711=CARTESIAN_POINT('',(-0.011325,0.003835,0.1051));
#12712=CARTESIAN_POINT('',(-0.011325,0.004485,0.1051));
#12713=CARTESIAN_POINT('',(-0.011325,0.004485,0.1051));
#12714=CARTESIAN_POINT('',(-0.011325,0.004485,0.1051));
#12715=CARTESIAN_POINT('',(-0.010675,0.003835,0.1051));
#12716=CARTESIAN_POINT('',(-0.010675,0.003835,0.1051));
#12717=CARTESIAN_POINT('',(-0.010675,0.003835,0.1051));
#12718=CARTESIAN_POINT('',(-0.010675,0.003835,0.1051));
#12719=CARTESIAN_POINT('',(-0.010675,0.004485,0.1051));
#12720=CARTESIAN_POINT('',(-0.010675,0.004485,0.1051));
#12721=CARTESIAN_POINT('',(-0.010675,0.004485,0.1051));
#12722=CARTESIAN_POINT('',(-0.010675,0.004485,0.1051));
#12723=CARTESIAN_POINT('',(-0.010675,0.004485,0.1051));
#12724=CARTESIAN_POINT('',(-0.010675,0.004485,0.1051));
#12725=CARTESIAN_POINT('',(0.,0.,0.1051));
#12726=CARTESIAN_POINT('',(-0.011325,0.001955,0.1051));
#12727=CARTESIAN_POINT('',(-0.011325,0.001305,0.1051));
#12728=CARTESIAN_POINT('',(-0.011325,0.001305,0.1051));
#12729=CARTESIAN_POINT('',(-0.011325,0.001955,0.1051));
#12730=CARTESIAN_POINT('',(-0.011325,0.001955,0.1051));
#12731=CARTESIAN_POINT('',(-0.011325,0.001955,0.1051));
#12732=CARTESIAN_POINT('',(-0.010675,0.001305,0.1051));
#12733=CARTESIAN_POINT('',(-0.010675,0.001305,0.1051));
#12734=CARTESIAN_POINT('',(-0.010675,0.001305,0.1051));
#12735=CARTESIAN_POINT('',(-0.010675,0.001305,0.1051));
#12736=CARTESIAN_POINT('',(-0.010675,0.001955,0.1051));
#12737=CARTESIAN_POINT('',(-0.010675,0.001955,0.1051));
#12738=CARTESIAN_POINT('',(-0.010675,0.001955,0.1051));
#12739=CARTESIAN_POINT('',(-0.010675,0.001955,0.1051));
#12740=CARTESIAN_POINT('',(-0.010675,0.001955,0.1051));
#12741=CARTESIAN_POINT('',(-0.010675,0.001955,0.1051));
#12742=CARTESIAN_POINT('',(0.,0.,0.1051));
#12743=CARTESIAN_POINT('',(-0.010675,-0.00366,0.1051));
#12744=CARTESIAN_POINT('',(-0.010675,-0.00366,0.1051));
#12745=CARTESIAN_POINT('',(-0.010675,-0.00366,0.1051));
#12746=CARTESIAN_POINT('',(-0.010675,-0.00366,0.1051));
#12747=CARTESIAN_POINT('',(-0.010675,-0.00431,0.1051));
#12748=CARTESIAN_POINT('',(-0.010675,-0.00431,0.1051));
#12749=CARTESIAN_POINT('',(-0.011325,-0.00366,0.1051));
#12750=CARTESIAN_POINT('',(-0.011325,-0.00366,0.1051));
#12751=CARTESIAN_POINT('',(-0.011325,-0.00366,0.1051));
#12752=CARTESIAN_POINT('',(-0.011325,-0.00366,0.1051));
#12753=CARTESIAN_POINT('',(-0.011325,-0.00366,0.1051));
#12754=CARTESIAN_POINT('',(-0.011325,-0.00431,0.1051));
#12755=CARTESIAN_POINT('',(-0.011325,-0.00431,0.1051));
#12756=CARTESIAN_POINT('',(-0.011325,-0.00366,0.1051));
#12757=CARTESIAN_POINT('',(-0.011325,-0.00431,0.1051));
#12758=CARTESIAN_POINT('',(-0.011325,-0.00431,0.1051));
#12759=CARTESIAN_POINT('',(0.,0.,0.1051));
#12760=CARTESIAN_POINT('',(0.00663435480039709,0.00910858109259038,0.1071));
#12761=CARTESIAN_POINT('',(0.00663435480039709,0.00910858109259038,0.1066));
#12762=CARTESIAN_POINT('',(0.00663435480039709,0.00570858109259038,0.1066));
#12763=CARTESIAN_POINT('',(0.00985713484452453,0.0101919502758211,0.0996));
#12764=CARTESIAN_POINT('',(0.00985713484452453,0.0101919502758211,0.0998298591289671));
#12765=CARTESIAN_POINT('',(0.0097123441908196,0.0106217232433389,0.100204933537266));
#12766=CARTESIAN_POINT('',(0.00946079782895104,0.0109983482227783,0.0998299773367466));
#12767=CARTESIAN_POINT('',(0.00946079782895104,0.0109983482227783,0.0996));
#12768=CARTESIAN_POINT('',(0.00663435480039709,0.00910858109259038,0.1071));
#12769=CARTESIAN_POINT('',(0.00663435480039709,0.00910858109259038,0.1071));
#12770=CARTESIAN_POINT('',(0.00663435480039709,0.00620858109259038,0.1071));
#12771=CARTESIAN_POINT('',(0.00663435480039709,0.00910858109259038,0.1066));
#12772=CARTESIAN_POINT('',(-0.0115,-0.0115,0.10075));
#12773=CARTESIAN_POINT('',(-0.0115,-0.0115,0.10075));
#12774=CARTESIAN_POINT('',(-0.0115,-0.01245,0.10075));
#12775=CARTESIAN_POINT('',(-0.0115,-0.0115,0.0996));
#12776=CARTESIAN_POINT('',(-0.0115,0.0115,0.10075));
#12777=CARTESIAN_POINT('',(-0.0115,0.0115,0.10075));
#12778=CARTESIAN_POINT('',(-0.01245,0.0115,0.10075));
#12779=CARTESIAN_POINT('',(-0.0115,0.0115,0.0996));
#12780=CARTESIAN_POINT('',(0.0115,0.0115,0.0996));
#12781=CARTESIAN_POINT('',(0.0115,0.0115,0.10075));
#12782=CARTESIAN_POINT('',(0.0115,0.01245,0.10075));
#12783=CARTESIAN_POINT('',(0.0115,0.0115,0.10075));
#12784=CARTESIAN_POINT('',(0.0115,-0.0115,0.10075));
#12785=CARTESIAN_POINT('',(0.0115,-0.0115,0.10075));
#12786=CARTESIAN_POINT('',(0.01245,-0.0115,0.10075));
#12787=CARTESIAN_POINT('',(0.0115,-0.0115,0.0996));
#12788=CARTESIAN_POINT('',(0.00613156284153004,-0.00120802185792317,0.1026));
#12789=CARTESIAN_POINT('',(0.00613156284153004,-0.00120802185792317,0.1026));
#12790=CARTESIAN_POINT('',(0.00613156284153004,-0.00120802185792317,0.1026));
#12791=CARTESIAN_POINT('',(0.00613156284153004,-0.00120802185792317,0.1026));
#12792=CARTESIAN_POINT('',(0.00613156284153004,-0.00180802185792317,0.1026));
#12793=CARTESIAN_POINT('',(0.00613156284153004,-0.00180802185792317,0.1026));
#12794=CARTESIAN_POINT('',(0.00113156284153004,-0.00120802185792317,0.1026));
#12795=CARTESIAN_POINT('',(0.00113156284153004,-0.00120802185792317,0.1026));
#12796=CARTESIAN_POINT('',(0.00113156284153004,-0.00120802185792317,0.1026));
#12797=CARTESIAN_POINT('',(0.00113156284153004,-0.00120802185792317,0.1026));
#12798=CARTESIAN_POINT('',(0.00113156284153004,-0.00120802185792317,0.1026));
#12799=CARTESIAN_POINT('',(0.00113156284153004,-0.00180802185792317,0.1026));
#12800=CARTESIAN_POINT('',(0.00113156284153004,-0.00180802185792317,0.1026));
#12801=CARTESIAN_POINT('',(0.00113156284153004,-0.00120802185792317,0.1026));
#12802=CARTESIAN_POINT('',(0.00113156284153004,-0.00180802185792317,0.1026));
#12803=CARTESIAN_POINT('',(0.00113156284153004,-0.00180802185792317,0.1026));
#12804=CARTESIAN_POINT('',(0.00613156284153005,-0.00914821857923465,0.1026));
#12805=CARTESIAN_POINT('',(0.00613156284153005,-0.00914821857923465,0.1026));
#12806=CARTESIAN_POINT('',(0.00613156284153005,-0.00914821857923465,0.1026));
#12807=CARTESIAN_POINT('',(0.00613156284153005,-0.00914821857923465,0.1026));
#12808=CARTESIAN_POINT('',(0.00613156284153005,-0.00974821857923465,0.1026));
#12809=CARTESIAN_POINT('',(0.00613156284153005,-0.00974821857923465,0.1026));
#12810=CARTESIAN_POINT('',(0.00113156284153005,-0.00914821857923465,0.1026));
#12811=CARTESIAN_POINT('',(0.00113156284153005,-0.00914821857923465,0.1026));
#12812=CARTESIAN_POINT('',(0.00113156284153005,-0.00914821857923465,0.1026));
#12813=CARTESIAN_POINT('',(0.00113156284153005,-0.00914821857923465,0.1026));
#12814=CARTESIAN_POINT('',(0.00113156284153005,-0.00914821857923465,0.1026));
#12815=CARTESIAN_POINT('',(0.00113156284153005,-0.00974821857923465,0.1026));
#12816=CARTESIAN_POINT('',(0.00113156284153005,-0.00974821857923465,0.1026));
#12817=CARTESIAN_POINT('',(0.00113156284153005,-0.00914821857923465,0.1026));
#12818=CARTESIAN_POINT('',(0.00113156284153005,-0.00974821857923465,0.1026));
#12819=CARTESIAN_POINT('',(0.00113156284153005,-0.00974821857923465,0.1026));
#12820=CARTESIAN_POINT('',(-0.000893278943825137,-0.00281449094994503,0.1026));
#12821=CARTESIAN_POINT('',(-0.000893278943825137,-0.00281449094994503,0.1026));
#12822=CARTESIAN_POINT('',(-0.000893278943825137,-0.00281449094994503,0.1026));
#12823=CARTESIAN_POINT('',(-0.000893278943825137,-0.00281449094994503,0.1026));
#12824=CARTESIAN_POINT('',(-0.000893278943825137,-0.00421449094994503,0.1026));
#12825=CARTESIAN_POINT('',(-0.000893278943825137,-0.00421449094994503,0.1026));
#12826=CARTESIAN_POINT('',(-0.00149327894382514,-0.00281449094994503,0.1026));
#12827=CARTESIAN_POINT('',(-0.00149327894382514,-0.00281449094994503,0.1026));
#12828=CARTESIAN_POINT('',(-0.00149327894382514,-0.00281449094994503,0.1026));
#12829=CARTESIAN_POINT('',(-0.00149327894382514,-0.00281449094994503,0.1026));
#12830=CARTESIAN_POINT('',(-0.00149327894382514,-0.00281449094994503,0.1026));
#12831=CARTESIAN_POINT('',(-0.00149327894382514,-0.00421449094994503,0.1026));
#12832=CARTESIAN_POINT('',(-0.00149327894382514,-0.00421449094994503,0.1026));
#12833=CARTESIAN_POINT('',(-0.00149327894382514,-0.00281449094994503,0.1026));
#12834=CARTESIAN_POINT('',(-0.00149327894382514,-0.00421449094994503,0.1026));
#12835=CARTESIAN_POINT('',(-0.00149327894382514,-0.00421449094994503,0.1026));
#12836=CARTESIAN_POINT('',(-0.000893278943825137,-0.00618518975650241,0.1026));
#12837=CARTESIAN_POINT('',(-0.000893278943825137,-0.00618518975650241,0.1026));
#12838=CARTESIAN_POINT('',(-0.000893278943825137,-0.00618518975650241,0.1026));
#12839=CARTESIAN_POINT('',(-0.000893278943825137,-0.00618518975650241,0.1026));
#12840=CARTESIAN_POINT('',(-0.000893278943825137,-0.00758518975650241,0.1026));
#12841=CARTESIAN_POINT('',(-0.000893278943825137,-0.00758518975650241,0.1026));
#12842=CARTESIAN_POINT('',(-0.00149327894382514,-0.00618518975650241,0.1026));
#12843=CARTESIAN_POINT('',(-0.00149327894382514,-0.00618518975650241,0.1026));
#12844=CARTESIAN_POINT('',(-0.00149327894382514,-0.00618518975650241,0.1026));
#12845=CARTESIAN_POINT('',(-0.00149327894382514,-0.00618518975650241,0.1026));
#12846=CARTESIAN_POINT('',(-0.00149327894382514,-0.00618518975650241,0.1026));
#12847=CARTESIAN_POINT('',(-0.00149327894382514,-0.00758518975650241,0.1026));
#12848=CARTESIAN_POINT('',(-0.00149327894382514,-0.00758518975650241,0.1026));
#12849=CARTESIAN_POINT('',(-0.00149327894382514,-0.00618518975650241,0.1026));
#12850=CARTESIAN_POINT('',(-0.00149327894382514,-0.00758518975650241,0.1026));
#12851=CARTESIAN_POINT('',(-0.00149327894382514,-0.00758518975650241,0.1026));
#12852=CARTESIAN_POINT('',(0.00326225136612022,-0.00544734426229474,0.1026));
#12853=CARTESIAN_POINT('',(0.00326225136612022,-0.00544734426229474,0.1026));
#12854=CARTESIAN_POINT('',(0.00326225136612022,-0.0114592995145723,0.1026));
#12855=CARTESIAN_POINT('',(0.00326225136612022,-0.00544734426229474,0.1066));
#12856=CARTESIAN_POINT('',(0.00326225136612022,-0.00544734426229474,0.1066));
#12857=CARTESIAN_POINT('',(0.00326225136612022,-0.0114592995145723,0.1066));
#12858=CARTESIAN_POINT('',(0.00326225136612022,-0.00544734426229474,0.1088));
#12859=CARTESIAN_POINT('',(0.00326225136612022,-0.00544734426229474,0.1088));
#12860=CARTESIAN_POINT('',(0.00326225136612022,-0.0154473442622947,0.1088));
#12861=CARTESIAN_POINT('',(0.00326225136612022,-0.00544734426229474,0.1066));
#12862=CARTESIAN_POINT('',(0.00326225136612022,-0.0154473442622947,0.1066));
#12863=CARTESIAN_POINT('',(0.00326225136612022,-0.00544734426229474,0.1088));
#12864=CARTESIAN_POINT('',(0.00326225136612022,-0.00544734426229474,0.1066));
#12865=CARTESIAN_POINT('',(0.,0.,0.));
#12866=CARTESIAN_POINT('',(-0.0115,-0.0115,0.085));
#12867=CARTESIAN_POINT('',(0.00973223304703363,0.0132677669529664,0.085));
#12868=CARTESIAN_POINT('',(0.00973223304703363,0.0132677669529664,0.085));
#12869=CARTESIAN_POINT('',(0.00869048337870957,0.0122260172846423,0.085));
#12870=CARTESIAN_POINT('',(0.0115,0.0115,0.085));
#12871=CARTESIAN_POINT('',(0.0132677669529664,0.00973223304703363,0.085));
#12872=CARTESIAN_POINT('',(0.0132677669529664,0.00973223304703363,0.085));
#12873=CARTESIAN_POINT('',(0.0122260172846423,0.00869048337870957,0.085));
#12874=CARTESIAN_POINT('',(0.,0.,0.085));
#12875=CARTESIAN_POINT('',(0.015,1.13134139737618E-18,0.085));
#12876=CARTESIAN_POINT('',(0.015,-0.0115,0.085));
#12877=CARTESIAN_POINT('',(0.015,0.0115,0.085));
#12878=CARTESIAN_POINT('',(0.0115,0.0115,0.085));
#12879=CARTESIAN_POINT('',(0.0115,0.015,0.085));
#12880=CARTESIAN_POINT('',(-0.0115,0.015,0.085));
#12881=CARTESIAN_POINT('',(0.,0.015,0.085));
#12882=CARTESIAN_POINT('',(0.,0.,0.085));
#12883=CARTESIAN_POINT('',(-0.0115,-0.0115,0.085));
#12884=CARTESIAN_POINT('',(0.,0.,0.085));
#12885=CARTESIAN_POINT('',(-0.00869048337870957,0.0122260172846423,0.085));
#12886=CARTESIAN_POINT('',(-0.0115,0.015,0.085));
#12887=CARTESIAN_POINT('',(-0.0115,0.015,0.085));
#12888=CARTESIAN_POINT('',(-0.0115,0.0115,0.085));
#12889=CARTESIAN_POINT('',(-0.015,0.0115,0.085));
#12890=CARTESIAN_POINT('',(-0.015,-0.0115,0.085));
#12891=CARTESIAN_POINT('',(-0.015,0.,0.085));
#12892=CARTESIAN_POINT('',(0.,0.,0.085));
#12893=CARTESIAN_POINT('',(-0.0122260172846423,0.00869048337870957,0.085));
#12894=CARTESIAN_POINT('',(-0.0132677669529664,0.00973223304703363,0.085));
#12895=CARTESIAN_POINT('',(-0.0132677669529664,0.00973223304703363,0.085));
#12896=CARTESIAN_POINT('',(-0.0115,0.0115,0.085));
#12897=CARTESIAN_POINT('',(-0.00973223304703363,0.0132677669529664,0.085));
#12898=CARTESIAN_POINT('',(-0.00973223304703363,0.0132677669529664,0.085));
#12899=CARTESIAN_POINT('',(-0.0115,-0.0115,0.085));
#12900=CARTESIAN_POINT('',(0.,0.,0.085));
#12901=CARTESIAN_POINT('',(0.0122260172846423,-0.00869048337870957,0.085));
#12902=CARTESIAN_POINT('',(0.0132677669529664,-0.00973223304703363,0.085));
#12903=CARTESIAN_POINT('',(0.0132677669529664,-0.00973223304703363,0.085));
#12904=CARTESIAN_POINT('',(0.0115,-0.0115,0.085));
#12905=CARTESIAN_POINT('',(0.00973223304703363,-0.0132677669529664,0.085));
#12906=CARTESIAN_POINT('',(0.00973223304703363,-0.0132677669529664,0.085));
#12907=CARTESIAN_POINT('',(0.00869048337870958,-0.0122260172846423,0.085));
#12908=CARTESIAN_POINT('',(0.,0.,0.085));
#12909=CARTESIAN_POINT('',(0.,-0.015,0.085));
#12910=CARTESIAN_POINT('',(-0.0115,-0.015,0.085));
#12911=CARTESIAN_POINT('',(0.0115,-0.015,0.085));
#12912=CARTESIAN_POINT('',(0.0115,-0.0115,0.085));
#12913=CARTESIAN_POINT('',(0.015,-0.0115,0.085));
#12914=CARTESIAN_POINT('',(0.015,-0.0115,0.085));
#12915=CARTESIAN_POINT('',(-0.0115,-0.0115,0.085));
#12916=CARTESIAN_POINT('',(0.,0.,0.085));
#12917=CARTESIAN_POINT('',(-0.00869048337870957,-0.0122260172846423,0.085));
#12918=CARTESIAN_POINT('',(-0.00973223304703363,-0.0132677669529664,0.085));
#12919=CARTESIAN_POINT('',(-0.00973223304703363,-0.0132677669529664,0.085));
#12920=CARTESIAN_POINT('',(-0.0115,-0.0115,0.085));
#12921=CARTESIAN_POINT('',(-0.0132677669529664,-0.00973223304703363,0.085));
#12922=CARTESIAN_POINT('',(-0.0132677669529664,-0.00973223304703363,0.085));
#12923=CARTESIAN_POINT('',(-0.0122260172846423,-0.00869048337870957,0.085));
#12924=CARTESIAN_POINT('',(0.,0.,0.085));
#12925=CARTESIAN_POINT('',(-0.015,-0.0115,0.085));
#12926=CARTESIAN_POINT('',(-0.015,-0.0115,0.085));
#12927=CARTESIAN_POINT('',(-0.0115,-0.0115,0.085));
#12928=CARTESIAN_POINT('',(-0.0115,-0.015,0.085));
#12929=CARTESIAN_POINT('',(-0.0115,-0.015,0.085));
#12930=CARTESIAN_POINT('',(0.,0.,0.0825));
#12931=CARTESIAN_POINT('',(1.56558793706907E-15,0.0095,0.0825));
#12932=CARTESIAN_POINT('',(0.0165,0.0094999999999973,0.0825));
#12933=CARTESIAN_POINT('',(0.0155000000000015,0.00949999999999747,0.0825));
#12934=CARTESIAN_POINT('',(0.0165,0.,0.0825));
#12935=CARTESIAN_POINT('',(0.0165,0.0104999999999974,0.0825));
#12936=CARTESIAN_POINT('',(1.73038666728686E-15,0.0105,0.0825));
#12937=CARTESIAN_POINT('',(0.0155000000000017,0.0104999999999975,0.0825));
#12938=CARTESIAN_POINT('',(0.0155,-2.52749210449821E-15,0.0825));
#12939=CARTESIAN_POINT('',(0.015500000000002,0.0124999999999975,0.0825));
#12940=CARTESIAN_POINT('',(2.05998412772246E-15,0.0125,0.0825));
#12941=CARTESIAN_POINT('',(0.0165,0.0124999999999973,0.0825));
#12942=CARTESIAN_POINT('',(0.0165,0.,0.0825));
#12943=CARTESIAN_POINT('',(0.0165,0.0165,0.0825));
#12944=CARTESIAN_POINT('',(0.,0.0165,0.0825));
#12945=CARTESIAN_POINT('',(-0.0165,0.0165,0.0825));
#12946=CARTESIAN_POINT('',(-0.0165,0.,0.0825));
#12947=CARTESIAN_POINT('',(-0.0165,0.0125,0.0825));
#12948=CARTESIAN_POINT('',(0.,0.0125,0.0825));
#12949=CARTESIAN_POINT('',(-0.0155,0.0125,0.0825));
#12950=CARTESIAN_POINT('',(-0.0155,0.,0.0825));
#12951=CARTESIAN_POINT('',(-0.0155,0.0105,0.0825));
#12952=CARTESIAN_POINT('',(0.,0.0105,0.0825));
#12953=CARTESIAN_POINT('',(-0.0165,0.0105,0.0825));
#12954=CARTESIAN_POINT('',(-0.0165,0.,0.0825));
#12955=CARTESIAN_POINT('',(-0.0165,0.0095,0.0825));
#12956=CARTESIAN_POINT('',(0.,0.0095,0.0825));
#12957=CARTESIAN_POINT('',(-0.0155,0.0095,0.0825));
#12958=CARTESIAN_POINT('',(-0.0155,0.,0.0825));
#12959=CARTESIAN_POINT('',(-0.0155,0.0075,0.0825));
#12960=CARTESIAN_POINT('',(0.,0.0075,0.0825));
#12961=CARTESIAN_POINT('',(-0.0165,0.0075,0.0825));
#12962=CARTESIAN_POINT('',(-0.0165,0.,0.0825));
#12963=CARTESIAN_POINT('',(-0.0165,0.0065,0.0825));
#12964=CARTESIAN_POINT('',(0.,0.0065,0.0825));
#12965=CARTESIAN_POINT('',(-0.0155,0.0065,0.0825));
#12966=CARTESIAN_POINT('',(-0.0155,0.,0.0825));
#12967=CARTESIAN_POINT('',(-0.0155,0.0045,0.0825));
#12968=CARTESIAN_POINT('',(0.,0.0045,0.0825));
#12969=CARTESIAN_POINT('',(-0.0165,0.0045,0.0825));
#12970=CARTESIAN_POINT('',(-0.0165,0.,0.0825));
#12971=CARTESIAN_POINT('',(-0.0165,0.0035,0.0825));
#12972=CARTESIAN_POINT('',(0.,0.0035,0.0825));
#12973=CARTESIAN_POINT('',(-0.0155,0.0035,0.0825));
#12974=CARTESIAN_POINT('',(-0.0155,0.,0.0825));
#12975=CARTESIAN_POINT('',(-0.0155,0.0015,0.0825));
#12976=CARTESIAN_POINT('',(0.,0.0015,0.0825));
#12977=CARTESIAN_POINT('',(-0.0165,0.0015,0.0825));
#12978=CARTESIAN_POINT('',(-0.0165,0.,0.0825));
#12979=CARTESIAN_POINT('',(-0.0165,-0.0015,0.0825));
#12980=CARTESIAN_POINT('',(6.50521303491299E-19,-0.0015,0.0825));
#12981=CARTESIAN_POINT('',(-0.0155,-0.0015,0.0825));
#12982=CARTESIAN_POINT('',(-0.0155,-1.34441069388202E-17,0.0825));
#12983=CARTESIAN_POINT('',(-0.0155,-0.0035,0.0825));
#12984=CARTESIAN_POINT('',(0.,-0.0035,0.0825));
#12985=CARTESIAN_POINT('',(-0.0165,-0.0035,0.0825));
#12986=CARTESIAN_POINT('',(-0.0165,0.,0.0825));
#12987=CARTESIAN_POINT('',(-0.0165,-0.0045,0.0825));
#12988=CARTESIAN_POINT('',(0.,-0.0045,0.0825));
#12989=CARTESIAN_POINT('',(-0.0155,-0.0045,0.0825));
#12990=CARTESIAN_POINT('',(-0.0155,-1.34441069388202E-17,0.0825));
#12991=CARTESIAN_POINT('',(-0.0155,-0.0065,0.0825));
#12992=CARTESIAN_POINT('',(0.,-0.0065,0.0825));
#12993=CARTESIAN_POINT('',(-0.0165,-0.0065,0.0825));
#12994=CARTESIAN_POINT('',(-0.0165,0.,0.0825));
#12995=CARTESIAN_POINT('',(-0.0165,-0.0075,0.0825));
#12996=CARTESIAN_POINT('',(0.,-0.0075,0.0825));
#12997=CARTESIAN_POINT('',(-0.0155,-0.0075,0.0825));
#12998=CARTESIAN_POINT('',(-0.0155,0.,0.0825));
#12999=CARTESIAN_POINT('',(-0.0155,-0.0095,0.0825));
#13000=CARTESIAN_POINT('',(0.,-0.0095,0.0825));
#13001=CARTESIAN_POINT('',(-0.0165,-0.0095,0.0825));
#13002=CARTESIAN_POINT('',(-0.0165,0.,0.0825));
#13003=CARTESIAN_POINT('',(-0.0165,-0.0105,0.0825));
#13004=CARTESIAN_POINT('',(0.,-0.0105,0.0825));
#13005=CARTESIAN_POINT('',(-0.0155,-0.0105,0.0825));
#13006=CARTESIAN_POINT('',(-0.0155,-1.34441069388203E-17,0.0825));
#13007=CARTESIAN_POINT('',(-0.0155,-0.0125,0.0825));
#13008=CARTESIAN_POINT('',(0.,-0.0125,0.0825));
#13009=CARTESIAN_POINT('',(-0.0165,-0.0125,0.0825));
#13010=CARTESIAN_POINT('',(-0.0165,0.,0.0825));
#13011=CARTESIAN_POINT('',(-0.0165,-0.0165,0.0825));
#13012=CARTESIAN_POINT('',(0.,-0.0165,0.0825));
#13013=CARTESIAN_POINT('',(-0.0125000000000013,-0.0165,0.0825));
#13014=CARTESIAN_POINT('',(-0.0125,1.01915004213637E-15,0.0825));
#13015=CARTESIAN_POINT('',(-0.0125000000000013,-0.015499999999999,0.0825));
#13016=CARTESIAN_POINT('',(-1.27719015918795E-15,-0.0155,0.0825));
#13017=CARTESIAN_POINT('',(-0.0105000000000013,-0.0154999999999991,0.0825));
#13018=CARTESIAN_POINT('',(-0.0105000000000008,3.46077333457399E-16,0.0825));
#13019=CARTESIAN_POINT('',(-0.0105000000000014,-0.0165,0.0825));
#13020=CARTESIAN_POINT('',(0.,-0.0165,0.0825));
#13021=CARTESIAN_POINT('',(-0.00950000000000131,-0.0165,0.0825));
#13022=CARTESIAN_POINT('',(-0.0095,7.74554032023646E-16,0.0825));
#13023=CARTESIAN_POINT('',(-0.00950000000000127,-0.0154999999999992,0.0825));
#13024=CARTESIAN_POINT('',(-1.2637460522491E-15,-0.0155,0.0825));
#13025=CARTESIAN_POINT('',(-0.00750000000000127,-0.0154999999999993,0.0825));
#13026=CARTESIAN_POINT('',(-0.0075,6.17995238316735E-16,0.0825));
#13027=CARTESIAN_POINT('',(-0.00750000000000135,-0.0165,0.0825));
#13028=CARTESIAN_POINT('',(0.,-0.0165,0.0825));
#13029=CARTESIAN_POINT('',(-0.00650000000000131,-0.0165,0.0825));
#13030=CARTESIAN_POINT('',(-0.0065,5.35595873207839E-16,0.0825));
#13031=CARTESIAN_POINT('',(-0.00650000000000127,-0.0154999999999994,0.0825));
#13032=CARTESIAN_POINT('',(-1.2637460522491E-15,-0.0155,0.0825));
#13033=CARTESIAN_POINT('',(-0.00450000000000127,-0.0154999999999996,0.0825));
#13034=CARTESIAN_POINT('',(-0.0045,3.70797142990041E-16,0.0825));
#13035=CARTESIAN_POINT('',(-0.00450000000000135,-0.0165,0.0825));
#13036=CARTESIAN_POINT('',(0.,-0.0165,0.0825));
#13037=CARTESIAN_POINT('',(-0.00350000000000131,-0.0165,0.0825));
#13038=CARTESIAN_POINT('',(-0.0035,2.86879894839665E-16,0.0825));
#13039=CARTESIAN_POINT('',(-0.00350000000000127,-0.0154999999999996,0.0825));
#13040=CARTESIAN_POINT('',(-1.98972782694545E-15,-0.0155,0.0825));
#13041=CARTESIAN_POINT('',(-0.00150000000000132,-0.0155,0.0825));
#13042=CARTESIAN_POINT('',(-0.00150000000000074,5.56195714485389E-17,0.0825));
#13043=CARTESIAN_POINT('',(-0.00150000000000135,-0.0165,0.0825));
#13044=CARTESIAN_POINT('',(0.,-0.0165,0.0825));
#13045=CARTESIAN_POINT('',(0.00149999999999869,-0.0165,0.0825));
#13046=CARTESIAN_POINT('',(0.0015,-1.22298005056364E-16,0.0825));
#13047=CARTESIAN_POINT('',(0.00149999999999873,-0.0155,0.0825));
#13048=CARTESIAN_POINT('',(-1.25030194531028E-15,-0.0155,0.0825));
#13049=CARTESIAN_POINT('',(0.00349999999999873,-0.0155,0.0825));
#13050=CARTESIAN_POINT('',(0.0035,-2.86879894839663E-16,0.0825));
#13051=CARTESIAN_POINT('',(0.00349999999999865,-0.0165,0.0825));
#13052=CARTESIAN_POINT('',(0.,-0.0165,0.0825));
#13053=CARTESIAN_POINT('',(0.00449999999999869,-0.0165,0.0825));
#13054=CARTESIAN_POINT('',(0.0045,-3.70797142990044E-16,0.0825));
#13055=CARTESIAN_POINT('',(0.00449999999999873,-0.0155000000000003,0.0825));
#13056=CARTESIAN_POINT('',(-1.25030194531028E-15,-0.0155,0.0825));
#13057=CARTESIAN_POINT('',(0.00649999999999873,-0.0155000000000005,0.0825));
#13058=CARTESIAN_POINT('',(0.0065,-5.35595873207838E-16,0.0825));
#13059=CARTESIAN_POINT('',(0.00649999999999865,-0.0165,0.0825));
#13060=CARTESIAN_POINT('',(0.,-0.0165,0.0825));
#13061=CARTESIAN_POINT('',(0.00749999999999869,-0.0165,0.0825));
#13062=CARTESIAN_POINT('',(0.0075,-6.17995238316739E-16,0.0825));
#13063=CARTESIAN_POINT('',(0.00749999999999873,-0.0155000000000006,0.0825));
#13064=CARTESIAN_POINT('',(-1.2637460522491E-15,-0.0155,0.0825));
#13065=CARTESIAN_POINT('',(0.00949999999999873,-0.0155000000000007,0.0825));
#13066=CARTESIAN_POINT('',(0.0095,-7.74554032023642E-16,0.0825));
#13067=CARTESIAN_POINT('',(0.00949999999999865,-0.0165,0.0825));
#13068=CARTESIAN_POINT('',(0.,-0.0165,0.0825));
#13069=CARTESIAN_POINT('',(0.0104999999999987,-0.0165,0.0825));
#13070=CARTESIAN_POINT('',(0.0105,-8.5608603539455E-16,0.0825));
#13071=CARTESIAN_POINT('',(0.0104999999999987,-0.0155000000000008,0.0825));
#13072=CARTESIAN_POINT('',(-1.2637460522491E-15,-0.0155,0.0825));
#13073=CARTESIAN_POINT('',(0.0124999999999987,-0.015500000000001,0.0825));
#13074=CARTESIAN_POINT('',(0.0125,-1.01915004213638E-15,0.0825));
#13075=CARTESIAN_POINT('',(0.0124999999999986,-0.0165,0.0825));
#13076=CARTESIAN_POINT('',(0.,-0.0165,0.0825));
#13077=CARTESIAN_POINT('',(0.0165,-0.0165,0.0825));
#13078=CARTESIAN_POINT('',(0.0165,0.,0.0825));
#13079=CARTESIAN_POINT('',(0.0165,-0.0125000000000026,0.0825));
#13080=CARTESIAN_POINT('',(-1.90819582357449E-15,-0.0125000000000002,0.0825));
#13081=CARTESIAN_POINT('',(0.0154999999999979,-0.0125000000000025,0.0825));
#13082=CARTESIAN_POINT('',(0.0155,-2.52749210449826E-15,0.0825));
#13083=CARTESIAN_POINT('',(0.0154999999999983,-0.0105000000000026,0.0825));
#13084=CARTESIAN_POINT('',(-1.23859256184752E-15,-0.0105000000000008,0.0825));
#13085=CARTESIAN_POINT('',(0.0165,-0.0105000000000027,0.0825));
#13086=CARTESIAN_POINT('',(0.0165,0.,0.0825));
#13087=CARTESIAN_POINT('',(0.0165,-0.00950000000000262,0.0825));
#13088=CARTESIAN_POINT('',(-1.56558793706906E-15,-0.0095,0.0825));
#13089=CARTESIAN_POINT('',(0.0154999999999984,-0.00950000000000254,0.0825));
#13090=CARTESIAN_POINT('',(0.0155,-2.54093621143702E-15,0.0825));
#13091=CARTESIAN_POINT('',(0.0154999999999987,-0.00750000000000254,0.0825));
#13092=CARTESIAN_POINT('',(-1.22948526359856E-15,-0.0075,0.0825));
#13093=CARTESIAN_POINT('',(0.0165,-0.0075000000000027,0.0825));
#13094=CARTESIAN_POINT('',(0.0165,0.,0.0825));
#13095=CARTESIAN_POINT('',(0.0165,-0.00650000000000262,0.0825));
#13096=CARTESIAN_POINT('',(-1.06555389511875E-15,-0.0065,0.0825));
#13097=CARTESIAN_POINT('',(0.0154999999999989,-0.00650000000000254,0.0825));
#13098=CARTESIAN_POINT('',(0.0155,-2.54093621143702E-15,0.0825));
#13099=CARTESIAN_POINT('',(0.0154999999999992,-0.00450000000000254,0.0825));
#13100=CARTESIAN_POINT('',(-7.37691158159137E-16,-0.0045,0.0825));
#13101=CARTESIAN_POINT('',(0.0165,-0.0045000000000027,0.0825));
#13102=CARTESIAN_POINT('',(0.0165,0.,0.0825));
#13103=CARTESIAN_POINT('',(0.0165,-0.00350000000000262,0.0825));
#13104=CARTESIAN_POINT('',(-5.73759789679326E-16,-0.0035,0.0825));
#13105=CARTESIAN_POINT('',(0.0154999999999993,-0.00350000000000253,0.0825));
#13106=CARTESIAN_POINT('',(0.0155,-3.26691798613342E-15,0.0825));
#13107=CARTESIAN_POINT('',(0.0154999999999997,-0.00150000000000259,0.0825));
#13108=CARTESIAN_POINT('',(-1.67183974997376E-16,-0.00150000000000086,0.0825));
#13109=CARTESIAN_POINT('',(0.0165,-0.0015000000000027,0.0825));
#13110=CARTESIAN_POINT('',(0.0165,0.,0.0825));
#13111=CARTESIAN_POINT('',(0.0165,0.00149999999999738,0.0825));
#13112=CARTESIAN_POINT('',(2.45571792067967E-16,0.0015,0.0825));
#13113=CARTESIAN_POINT('',(0.0155,0.00149999999999746,0.0825));
#13114=CARTESIAN_POINT('',(0.0155,-2.52749210449819E-15,0.0825));
#13115=CARTESIAN_POINT('',(0.0155000000000005,0.00349999999999746,0.0825));
#13116=CARTESIAN_POINT('',(5.73759789679329E-16,0.0035,0.0825));
#13117=CARTESIAN_POINT('',(0.0165,0.0034999999999973,0.0825));
#13118=CARTESIAN_POINT('',(0.0165,0.,0.0825));
#13119=CARTESIAN_POINT('',(0.0165,0.00449999999999738,0.0825));
#13120=CARTESIAN_POINT('',(7.37691158159138E-16,0.0045,0.0825));
#13121=CARTESIAN_POINT('',(0.0155000000000007,0.00449999999999747,0.0825));
#13122=CARTESIAN_POINT('',(0.0155,-2.5274921044982E-15,0.0825));
#13123=CARTESIAN_POINT('',(0.015500000000001,0.00649999999999747,0.0825));
#13124=CARTESIAN_POINT('',(1.06555389511875E-15,0.0065,0.0825));
#13125=CARTESIAN_POINT('',(0.0165,0.0064999999999973,0.0825));
#13126=CARTESIAN_POINT('',(0.0165,0.,0.0825));
#13127=CARTESIAN_POINT('',(0.0165,0.00749999999999738,0.0825));
#13128=CARTESIAN_POINT('',(1.22948526359856E-15,0.0075,0.0825));
#13129=CARTESIAN_POINT('',(0.0155000000000012,0.00749999999999747,0.0825));
#13130=CARTESIAN_POINT('',(0.0155,-2.54093621143702E-15,0.0825));
#13131=CARTESIAN_POINT('',(-0.0115,-0.015,0.0825));
#13132=CARTESIAN_POINT('',(-0.0115,-0.015,0.0825));
#13133=CARTESIAN_POINT('',(0.0115,-0.015,0.0825));
#13134=CARTESIAN_POINT('',(-0.0115,-0.0115,0.0825));
#13135=CARTESIAN_POINT('',(-0.015,-0.0115,0.0825));
#13136=CARTESIAN_POINT('',(-0.015,-0.0115,0.0825));
#13137=CARTESIAN_POINT('',(-0.015,0.0115,0.0825));
#13138=CARTESIAN_POINT('',(-0.0115,0.0115,0.0825));
#13139=CARTESIAN_POINT('',(-0.0115,0.015,0.0825));
#13140=CARTESIAN_POINT('',(-0.0115,0.015,0.0825));
#13141=CARTESIAN_POINT('',(0.0115,0.015,0.0825));
#13142=CARTESIAN_POINT('',(0.0115,0.0115,0.0825));
#13143=CARTESIAN_POINT('',(0.015,0.0115,0.0825));
#13144=CARTESIAN_POINT('',(0.015,-0.0115,0.0825));
#13145=CARTESIAN_POINT('',(0.015,-0.0115,0.0825));
#13146=CARTESIAN_POINT('',(0.0115,-0.0115,0.0825));
#13147=CARTESIAN_POINT('',(-3.46944695195361E-18,3.46944695195361E-18,0.0825));
#13148=CARTESIAN_POINT('',(-3.46944695195361E-18,3.46944695195361E-18,0.0075));
#13149=CARTESIAN_POINT('',(0.00149999999999873,-0.0119058808997908,0.0075));
#13150=CARTESIAN_POINT('',(0.0119058808997903,-0.00150000000000259,0.0075));
#13151=CARTESIAN_POINT('',(0.0119058808997903,-0.00150000000000259,0.0825));
#13152=CARTESIAN_POINT('',(0.0119058808997903,-0.00150000000000259,0.0825));
#13153=CARTESIAN_POINT('',(-3.46944695195361E-18,3.46944695195361E-18,0.0825));
#13154=CARTESIAN_POINT('',(0.00149999999999873,-0.0119058808997908,0.0825));
#13155=CARTESIAN_POINT('',(0.00149999999999873,-0.0119058808997908,0.0825));
#13156=CARTESIAN_POINT('',(-2.04037861225946E-19,-0.00150000000000259,0.0825));
#13157=CARTESIAN_POINT('',(-2.04037861225946E-19,-0.00150000000000259,0.0075));
#13158=CARTESIAN_POINT('',(0.0135,-0.00150000000000259,0.0075));
#13159=CARTESIAN_POINT('',(0.0135,-0.00150000000000259,0.0825));
#13160=CARTESIAN_POINT('',(0.0135,-0.00150000000000259,0.0825));
#13161=CARTESIAN_POINT('',(-2.04037861225946E-19,-0.00150000000000259,0.0825));
#13162=CARTESIAN_POINT('',(0.0135,4.34971720374538E-18,0.0825));
#13163=CARTESIAN_POINT('',(0.0135,4.34971720374538E-18,0.0075));
#13164=CARTESIAN_POINT('',(0.0135,-0.0107679491924311,0.0075));
#13165=CARTESIAN_POINT('',(0.0135,-0.0107679491924311,0.0825));
#13166=CARTESIAN_POINT('',(0.0135,-0.0107679491924311,0.0825));
#13167=CARTESIAN_POINT('',(0.0135,4.34971720374538E-18,0.0825));
#13168=CARTESIAN_POINT('',(0.0125,-0.0125,0.0825));
#13169=CARTESIAN_POINT('',(0.0125,-0.0125,0.0075));
#13170=CARTESIAN_POINT('',(0.0122,-0.0105226280066715,0.0075));
#13171=CARTESIAN_POINT('',(0.0122,-0.0105226280066715,0.0825));
#13172=CARTESIAN_POINT('',(0.0122,-0.0105226280066715,0.0825));
#13173=CARTESIAN_POINT('',(0.0125,-0.0125,0.0825));
#13174=CARTESIAN_POINT('',(0.0122,0.,0.0825));
#13175=CARTESIAN_POINT('',(0.0122,0.,0.0075));
#13176=CARTESIAN_POINT('',(0.0122,-0.0115460607985831,0.0075));
#13177=CARTESIAN_POINT('',(0.0122,-0.0115460607985831,0.0825));
#13178=CARTESIAN_POINT('',(0.0122,-0.0115460607985831,0.0825));
#13179=CARTESIAN_POINT('',(0.0122,0.,0.0825));
#13180=CARTESIAN_POINT('',(0.0125,-0.0125,0.0825));
#13181=CARTESIAN_POINT('',(0.0125,-0.0125,0.0075));
#13182=CARTESIAN_POINT('',(0.0115460607985831,-0.0122,0.0075));
#13183=CARTESIAN_POINT('',(0.0115460607985831,-0.0122,0.0825));
#13184=CARTESIAN_POINT('',(0.0115460607985831,-0.0122,0.0825));
#13185=CARTESIAN_POINT('',(0.0125,-0.0125,0.0825));
#13186=CARTESIAN_POINT('',(0.,-0.0122,0.0825));
#13187=CARTESIAN_POINT('',(0.,-0.0122,0.0075));
#13188=CARTESIAN_POINT('',(0.0105226280066715,-0.0122,0.0075));
#13189=CARTESIAN_POINT('',(0.0105226280066715,-0.0122,0.0825));
#13190=CARTESIAN_POINT('',(0.0105226280066715,-0.0122,0.0825));
#13191=CARTESIAN_POINT('',(0.,-0.0122,0.0825));
#13192=CARTESIAN_POINT('',(0.0125,-0.0125,0.0825));
#13193=CARTESIAN_POINT('',(0.0125,-0.0125,0.0075));
#13194=CARTESIAN_POINT('',(0.0107679491924311,-0.0135,0.0075));
#13195=CARTESIAN_POINT('',(0.0107679491924311,-0.0135,0.0825));
#13196=CARTESIAN_POINT('',(0.0107679491924311,-0.0135,0.0825));
#13197=CARTESIAN_POINT('',(0.0125,-0.0125,0.0825));
#13198=CARTESIAN_POINT('',(-3.26228790280903E-18,-0.0135,0.0825));
#13199=CARTESIAN_POINT('',(-3.26228790280903E-18,-0.0135,0.0075));
#13200=CARTESIAN_POINT('',(0.00149999999999873,-0.0135,0.0075));
#13201=CARTESIAN_POINT('',(0.00149999999999873,-0.0135,0.0825));
#13202=CARTESIAN_POINT('',(0.00149999999999873,-0.0135,0.0825));
#13203=CARTESIAN_POINT('',(-3.26228790280903E-18,-0.0135,0.0825));
#13204=CARTESIAN_POINT('',(1.56558793706907E-15,0.0095,0.0825));
#13205=CARTESIAN_POINT('',(1.56558793706907E-15,0.0095,0.0075));
#13206=CARTESIAN_POINT('',(0.0165,0.0094999999999973,0.0075));
#13207=CARTESIAN_POINT('',(0.0155000000000015,0.00949999999999747,0.0075));
#13208=CARTESIAN_POINT('',(0.0165,0.0094999999999973,0.0825));
#13209=CARTESIAN_POINT('',(0.0155000000000015,0.00949999999999747,0.0825));
#13210=CARTESIAN_POINT('',(0.0165,0.,0.0825));
#13211=CARTESIAN_POINT('',(0.0165,0.,0.0075));
#13212=CARTESIAN_POINT('',(0.0165,0.0104999999999974,0.0075));
#13213=CARTESIAN_POINT('',(0.0165,0.0104999999999974,0.0825));
#13214=CARTESIAN_POINT('',(1.73038666728686E-15,0.0105,0.0825));
#13215=CARTESIAN_POINT('',(1.73038666728686E-15,0.0105,0.0075));
#13216=CARTESIAN_POINT('',(0.0155000000000017,0.0104999999999975,0.0075));
#13217=CARTESIAN_POINT('',(0.0155000000000017,0.0104999999999975,0.0825));
#13218=CARTESIAN_POINT('',(0.0155,-2.52749210449821E-15,0.0825));
#13219=CARTESIAN_POINT('',(0.0155,-2.52749210449821E-15,0.0075));
#13220=CARTESIAN_POINT('',(0.015500000000002,0.0124999999999975,0.0075));
#13221=CARTESIAN_POINT('',(0.015500000000002,0.0124999999999975,0.0825));
#13222=CARTESIAN_POINT('',(2.05998412772246E-15,0.0125,0.0825));
#13223=CARTESIAN_POINT('',(2.05998412772246E-15,0.0125,0.0075));
#13224=CARTESIAN_POINT('',(0.0165,0.0124999999999973,0.0075));
#13225=CARTESIAN_POINT('',(0.0165,0.0124999999999973,0.0825));
#13226=CARTESIAN_POINT('',(0.0165,0.,0.0825));
#13227=CARTESIAN_POINT('',(0.0165,0.,0.0075));
#13228=CARTESIAN_POINT('',(0.0165,0.0165,0.0075));
#13229=CARTESIAN_POINT('',(0.0165,0.0165,0.0825));
#13230=CARTESIAN_POINT('',(0.,0.0165,0.0825));
#13231=CARTESIAN_POINT('',(0.,0.0165,0.0155));
#13232=CARTESIAN_POINT('',(-0.00135,0.0165,0.0155));
#13233=CARTESIAN_POINT('',(0.,0.0165,0.023));
#13234=CARTESIAN_POINT('',(-0.00135,0.0165,0.023));
#13235=CARTESIAN_POINT('',(0.,0.0165,0.043));
#13236=CARTESIAN_POINT('',(-0.00135,0.0165,0.043));
#13237=CARTESIAN_POINT('',(0.,0.0165,0.0555));
#13238=CARTESIAN_POINT('',(-0.00135,0.0165,0.0555));
#13239=CARTESIAN_POINT('',(0.,0.0165,0.0075));
#13240=CARTESIAN_POINT('',(-0.0165,0.0165,0.0075));
#13241=CARTESIAN_POINT('',(-0.0165,0.0165,0.0825));
#13242=CARTESIAN_POINT('',(-0.0165,0.,0.0825));
#13243=CARTESIAN_POINT('',(-0.0165,0.,0.0075));
#13244=CARTESIAN_POINT('',(-0.0165,0.0125,0.0075));
#13245=CARTESIAN_POINT('',(-0.0165,0.0125,0.0825));
#13246=CARTESIAN_POINT('',(0.,0.0125,0.0825));
#13247=CARTESIAN_POINT('',(0.,0.0125,0.0075));
#13248=CARTESIAN_POINT('',(-0.0155,0.0125,0.0075));
#13249=CARTESIAN_POINT('',(-0.0155,0.0125,0.0825));
#13250=CARTESIAN_POINT('',(-0.0155,0.,0.0825));
#13251=CARTESIAN_POINT('',(-0.0155,0.,0.0075));
#13252=CARTESIAN_POINT('',(-0.0155,0.0105,0.0075));
#13253=CARTESIAN_POINT('',(-0.0155,0.0105,0.0825));
#13254=CARTESIAN_POINT('',(0.,0.0105,0.0825));
#13255=CARTESIAN_POINT('',(0.,0.0105,0.0075));
#13256=CARTESIAN_POINT('',(-0.0165,0.0105,0.0075));
#13257=CARTESIAN_POINT('',(-0.0165,0.0105,0.0825));
#13258=CARTESIAN_POINT('',(-0.0165,0.,0.0825));
#13259=CARTESIAN_POINT('',(-0.0165,0.,0.0075));
#13260=CARTESIAN_POINT('',(-0.0165,0.0095,0.0075));
#13261=CARTESIAN_POINT('',(-0.0165,0.0095,0.0825));
#13262=CARTESIAN_POINT('',(0.,0.0095,0.0825));
#13263=CARTESIAN_POINT('',(0.,0.0095,0.0075));
#13264=CARTESIAN_POINT('',(-0.0155,0.0095,0.0075));
#13265=CARTESIAN_POINT('',(-0.0155,0.0095,0.0825));
#13266=CARTESIAN_POINT('',(-0.0155,0.,0.0825));
#13267=CARTESIAN_POINT('',(-0.0155,0.,0.0075));
#13268=CARTESIAN_POINT('',(-0.0155,0.0075,0.0075));
#13269=CARTESIAN_POINT('',(-0.0155,0.0075,0.0825));
#13270=CARTESIAN_POINT('',(0.,0.0075,0.0825));
#13271=CARTESIAN_POINT('',(0.,0.0075,0.0075));
#13272=CARTESIAN_POINT('',(-0.0165,0.0075,0.0075));
#13273=CARTESIAN_POINT('',(-0.0165,0.0075,0.0825));
#13274=CARTESIAN_POINT('',(-0.0165,0.,0.0825));
#13275=CARTESIAN_POINT('',(-0.0165,0.,0.0075));
#13276=CARTESIAN_POINT('',(-0.0165,0.0065,0.0075));
#13277=CARTESIAN_POINT('',(-0.0165,0.0065,0.0825));
#13278=CARTESIAN_POINT('',(0.,0.0065,0.0825));
#13279=CARTESIAN_POINT('',(0.,0.0065,0.0075));
#13280=CARTESIAN_POINT('',(-0.0155,0.0065,0.0075));
#13281=CARTESIAN_POINT('',(-0.0155,0.0065,0.0825));
#13282=CARTESIAN_POINT('',(-0.0155,0.,0.0825));
#13283=CARTESIAN_POINT('',(-0.0155,0.,0.0075));
#13284=CARTESIAN_POINT('',(-0.0155,0.0045,0.0075));
#13285=CARTESIAN_POINT('',(-0.0155,0.0045,0.0825));
#13286=CARTESIAN_POINT('',(0.,0.0045,0.0825));
#13287=CARTESIAN_POINT('',(0.,0.0045,0.0075));
#13288=CARTESIAN_POINT('',(-0.0165,0.0045,0.0075));
#13289=CARTESIAN_POINT('',(-0.0165,0.0045,0.0825));
#13290=CARTESIAN_POINT('',(-0.0165,0.,0.0825));
#13291=CARTESIAN_POINT('',(-0.0165,0.,0.0075));
#13292=CARTESIAN_POINT('',(-0.0165,0.0035,0.0075));
#13293=CARTESIAN_POINT('',(-0.0165,0.0035,0.0825));
#13294=CARTESIAN_POINT('',(0.,0.0035,0.0825));
#13295=CARTESIAN_POINT('',(0.,0.0035,0.0075));
#13296=CARTESIAN_POINT('',(-0.0155,0.0035,0.0075));
#13297=CARTESIAN_POINT('',(-0.0155,0.0035,0.0825));
#13298=CARTESIAN_POINT('',(-0.0155,0.,0.0825));
#13299=CARTESIAN_POINT('',(-0.0155,0.,0.0075));
#13300=CARTESIAN_POINT('',(-0.0155,0.0015,0.0075));
#13301=CARTESIAN_POINT('',(-0.0155,0.0015,0.0825));
#13302=CARTESIAN_POINT('',(0.,0.0015,0.0825));
#13303=CARTESIAN_POINT('',(0.,0.0015,0.0075));
#13304=CARTESIAN_POINT('',(-0.0165,0.0015,0.0075));
#13305=CARTESIAN_POINT('',(-0.0165,0.0015,0.0825));
#13306=CARTESIAN_POINT('',(-0.0165,0.,0.0825));
#13307=CARTESIAN_POINT('',(-0.0165,0.,0.0075));
#13308=CARTESIAN_POINT('',(-0.0165,-0.0015,0.0075));
#13309=CARTESIAN_POINT('',(-0.0165,-0.0015,0.0825));
#13310=CARTESIAN_POINT('',(6.50521303491299E-19,-0.0015,0.0825));
#13311=CARTESIAN_POINT('',(6.50521303491299E-19,-0.0015,0.0075));
#13312=CARTESIAN_POINT('',(-0.0155,-0.0015,0.0075));
#13313=CARTESIAN_POINT('',(-0.0155,-0.0015,0.0825));
#13314=CARTESIAN_POINT('',(-0.0155,-1.34441069388202E-17,0.0825));
#13315=CARTESIAN_POINT('',(-0.0155,-1.34441069388202E-17,0.0075));
#13316=CARTESIAN_POINT('',(-0.0155,-0.0035,0.0075));
#13317=CARTESIAN_POINT('',(-0.0155,-0.0035,0.0825));
#13318=CARTESIAN_POINT('',(0.,-0.0035,0.0825));
#13319=CARTESIAN_POINT('',(0.,-0.0035,0.0075));
#13320=CARTESIAN_POINT('',(-0.0165,-0.0035,0.0075));
#13321=CARTESIAN_POINT('',(-0.0165,-0.0035,0.0825));
#13322=CARTESIAN_POINT('',(-0.0165,0.,0.0825));
#13323=CARTESIAN_POINT('',(-0.0165,0.,0.0075));
#13324=CARTESIAN_POINT('',(-0.0165,-0.0045,0.0075));
#13325=CARTESIAN_POINT('',(-0.0165,-0.0045,0.0825));
#13326=CARTESIAN_POINT('',(0.,-0.0045,0.0825));
#13327=CARTESIAN_POINT('',(0.,-0.0045,0.0075));
#13328=CARTESIAN_POINT('',(-0.0155,-0.0045,0.0075));
#13329=CARTESIAN_POINT('',(-0.0155,-0.0045,0.0825));
#13330=CARTESIAN_POINT('',(-0.0155,-1.34441069388202E-17,0.0825));
#13331=CARTESIAN_POINT('',(-0.0155,-1.34441069388202E-17,0.0075));
#13332=CARTESIAN_POINT('',(-0.0155,-0.0065,0.0075));
#13333=CARTESIAN_POINT('',(-0.0155,-0.0065,0.0825));
#13334=CARTESIAN_POINT('',(0.,-0.0065,0.0825));
#13335=CARTESIAN_POINT('',(0.,-0.0065,0.0075));
#13336=CARTESIAN_POINT('',(-0.0165,-0.0065,0.0075));
#13337=CARTESIAN_POINT('',(-0.0165,-0.0065,0.0825));
#13338=CARTESIAN_POINT('',(-0.0165,0.,0.0825));
#13339=CARTESIAN_POINT('',(-0.0165,0.,0.0075));
#13340=CARTESIAN_POINT('',(-0.0165,-0.0075,0.0075));
#13341=CARTESIAN_POINT('',(-0.0165,-0.0075,0.0825));
#13342=CARTESIAN_POINT('',(0.,-0.0075,0.0825));
#13343=CARTESIAN_POINT('',(0.,-0.0075,0.0075));
#13344=CARTESIAN_POINT('',(-0.0155,-0.0075,0.0075));
#13345=CARTESIAN_POINT('',(-0.0155,-0.0075,0.0825));
#13346=CARTESIAN_POINT('',(-0.0155,0.,0.0825));
#13347=CARTESIAN_POINT('',(-0.0155,0.,0.0075));
#13348=CARTESIAN_POINT('',(-0.0155,-0.0095,0.0075));
#13349=CARTESIAN_POINT('',(-0.0155,-0.0095,0.0825));
#13350=CARTESIAN_POINT('',(0.,-0.0095,0.0825));
#13351=CARTESIAN_POINT('',(0.,-0.0095,0.0075));
#13352=CARTESIAN_POINT('',(-0.0165,-0.0095,0.0075));
#13353=CARTESIAN_POINT('',(-0.0165,-0.0095,0.0825));
#13354=CARTESIAN_POINT('',(-0.0165,0.,0.0825));
#13355=CARTESIAN_POINT('',(-0.0165,0.,0.0075));
#13356=CARTESIAN_POINT('',(-0.0165,-0.0105,0.0075));
#13357=CARTESIAN_POINT('',(-0.0165,-0.0105,0.0825));
#13358=CARTESIAN_POINT('',(0.,-0.0105,0.0825));
#13359=CARTESIAN_POINT('',(0.,-0.0105,0.0075));
#13360=CARTESIAN_POINT('',(-0.0155,-0.0105,0.0075));
#13361=CARTESIAN_POINT('',(-0.0155,-0.0105,0.0825));
#13362=CARTESIAN_POINT('',(-0.0155,-1.34441069388203E-17,0.0825));
#13363=CARTESIAN_POINT('',(-0.0155,-1.34441069388203E-17,0.0075));
#13364=CARTESIAN_POINT('',(-0.0155,-0.0125,0.0075));
#13365=CARTESIAN_POINT('',(-0.0155,-0.0125,0.0825));
#13366=CARTESIAN_POINT('',(0.,-0.0125,0.0825));
#13367=CARTESIAN_POINT('',(0.,-0.0125,0.0075));
#13368=CARTESIAN_POINT('',(-0.0165,-0.0125,0.0075));
#13369=CARTESIAN_POINT('',(-0.0165,-0.0125,0.0825));
#13370=CARTESIAN_POINT('',(-0.0165,0.,0.0825));
#13371=CARTESIAN_POINT('',(-0.0165,0.,0.0075));
#13372=CARTESIAN_POINT('',(-0.0165,-0.0165,0.0075));
#13373=CARTESIAN_POINT('',(-0.0165,-0.0165,0.0825));
#13374=CARTESIAN_POINT('',(0.,-0.0165,0.0825));
#13375=CARTESIAN_POINT('',(0.,-0.0165,0.0075));
#13376=CARTESIAN_POINT('',(-0.0125000000000013,-0.0165,0.0075));
#13377=CARTESIAN_POINT('',(-0.0125000000000013,-0.0165,0.0825));
#13378=CARTESIAN_POINT('',(-0.0125,1.01915004213637E-15,0.0825));
#13379=CARTESIAN_POINT('',(-0.0125,1.01915004213637E-15,0.0075));
#13380=CARTESIAN_POINT('',(-0.0125000000000013,-0.015499999999999,0.0075));
#13381=CARTESIAN_POINT('',(-0.0125000000000013,-0.015499999999999,0.0825));
#13382=CARTESIAN_POINT('',(-1.27719015918795E-15,-0.0155,0.0825));
#13383=CARTESIAN_POINT('',(-1.27719015918795E-15,-0.0155,0.0075));
#13384=CARTESIAN_POINT('',(-0.0105000000000013,-0.0154999999999991,0.0075));
#13385=CARTESIAN_POINT('',(-0.0105000000000013,-0.0154999999999991,0.0825));
#13386=CARTESIAN_POINT('',(-0.0105000000000008,3.46077333457399E-16,0.0825));
#13387=CARTESIAN_POINT('',(-0.0105000000000008,3.46077333457399E-16,0.0075));
#13388=CARTESIAN_POINT('',(-0.0105000000000014,-0.0165,0.0075));
#13389=CARTESIAN_POINT('',(-0.0105000000000014,-0.0165,0.0825));
#13390=CARTESIAN_POINT('',(0.,-0.0165,0.0825));
#13391=CARTESIAN_POINT('',(0.,-0.0165,0.0075));
#13392=CARTESIAN_POINT('',(-0.00950000000000131,-0.0165,0.0075));
#13393=CARTESIAN_POINT('',(-0.00950000000000131,-0.0165,0.0825));
#13394=CARTESIAN_POINT('',(-0.0095,7.74554032023646E-16,0.0825));
#13395=CARTESIAN_POINT('',(-0.0095,7.74554032023646E-16,0.0075));
#13396=CARTESIAN_POINT('',(-0.00950000000000127,-0.0154999999999992,0.0075));
#13397=CARTESIAN_POINT('',(-0.00950000000000127,-0.0154999999999992,0.0825));
#13398=CARTESIAN_POINT('',(-1.2637460522491E-15,-0.0155,0.0825));
#13399=CARTESIAN_POINT('',(-1.2637460522491E-15,-0.0155,0.0075));
#13400=CARTESIAN_POINT('',(-0.00750000000000127,-0.0154999999999993,0.0075));
#13401=CARTESIAN_POINT('',(-0.00750000000000127,-0.0154999999999993,0.0825));
#13402=CARTESIAN_POINT('',(-0.0075,6.17995238316735E-16,0.0825));
#13403=CARTESIAN_POINT('',(-0.0075,6.17995238316735E-16,0.0075));
#13404=CARTESIAN_POINT('',(-0.00750000000000135,-0.0165,0.0075));
#13405=CARTESIAN_POINT('',(-0.00750000000000135,-0.0165,0.0825));
#13406=CARTESIAN_POINT('',(0.,-0.0165,0.0825));
#13407=CARTESIAN_POINT('',(0.,-0.0165,0.0075));
#13408=CARTESIAN_POINT('',(-0.00650000000000131,-0.0165,0.0075));
#13409=CARTESIAN_POINT('',(-0.00650000000000131,-0.0165,0.0825));
#13410=CARTESIAN_POINT('',(-0.0065,5.35595873207839E-16,0.0825));
#13411=CARTESIAN_POINT('',(-0.0065,5.35595873207839E-16,0.0075));
#13412=CARTESIAN_POINT('',(-0.00650000000000127,-0.0154999999999994,0.0075));
#13413=CARTESIAN_POINT('',(-0.00650000000000127,-0.0154999999999994,0.0825));
#13414=CARTESIAN_POINT('',(-1.2637460522491E-15,-0.0155,0.0825));
#13415=CARTESIAN_POINT('',(-1.2637460522491E-15,-0.0155,0.0075));
#13416=CARTESIAN_POINT('',(-0.00450000000000127,-0.0154999999999996,0.0075));
#13417=CARTESIAN_POINT('',(-0.00450000000000127,-0.0154999999999996,0.0825));
#13418=CARTESIAN_POINT('',(-0.0045,3.70797142990041E-16,0.0825));
#13419=CARTESIAN_POINT('',(-0.0045,3.70797142990041E-16,0.0075));
#13420=CARTESIAN_POINT('',(-0.00450000000000135,-0.0165,0.0075));
#13421=CARTESIAN_POINT('',(-0.00450000000000135,-0.0165,0.0825));
#13422=CARTESIAN_POINT('',(0.,-0.0165,0.0825));
#13423=CARTESIAN_POINT('',(0.,-0.0165,0.0075));
#13424=CARTESIAN_POINT('',(-0.00350000000000131,-0.0165,0.0075));
#13425=CARTESIAN_POINT('',(-0.00350000000000131,-0.0165,0.0825));
#13426=CARTESIAN_POINT('',(-0.0035,2.86879894839665E-16,0.0825));
#13427=CARTESIAN_POINT('',(-0.0035,2.86879894839665E-16,0.0075));
#13428=CARTESIAN_POINT('',(-0.00350000000000127,-0.0154999999999996,0.0075));
#13429=CARTESIAN_POINT('',(-0.00350000000000127,-0.0154999999999996,0.0825));
#13430=CARTESIAN_POINT('',(-1.98972782694545E-15,-0.0155,0.0825));
#13431=CARTESIAN_POINT('',(-1.98972782694545E-15,-0.0155,0.0075));
#13432=CARTESIAN_POINT('',(-0.00150000000000132,-0.0155,0.0075));
#13433=CARTESIAN_POINT('',(-0.00150000000000132,-0.0155,0.0825));
#13434=CARTESIAN_POINT('',(-0.00150000000000074,5.56195714485389E-17,0.0825));
#13435=CARTESIAN_POINT('',(-0.00150000000000074,5.56195714485389E-17,0.0075));
#13436=CARTESIAN_POINT('',(-0.00150000000000135,-0.0165,0.0075));
#13437=CARTESIAN_POINT('',(-0.00150000000000135,-0.0165,0.0825));
#13438=CARTESIAN_POINT('',(0.,-0.0165,0.0825));
#13439=CARTESIAN_POINT('',(0.,-0.0165,0.0075));
#13440=CARTESIAN_POINT('',(0.00149999999999869,-0.0165,0.0075));
#13441=CARTESIAN_POINT('',(0.00149999999999869,-0.0165,0.0825));
#13442=CARTESIAN_POINT('',(0.0015,-1.22298005056364E-16,0.0825));
#13443=CARTESIAN_POINT('',(0.0015,-1.22298005056364E-16,0.0075));
#13444=CARTESIAN_POINT('',(0.00149999999999873,-0.0155,0.0075));
#13445=CARTESIAN_POINT('',(0.00149999999999873,-0.0155,0.0825));
#13446=CARTESIAN_POINT('',(-1.25030194531028E-15,-0.0155,0.0825));
#13447=CARTESIAN_POINT('',(-1.25030194531028E-15,-0.0155,0.0075));
#13448=CARTESIAN_POINT('',(0.00349999999999873,-0.0155,0.0075));
#13449=CARTESIAN_POINT('',(0.00349999999999873,-0.0155,0.0825));
#13450=CARTESIAN_POINT('',(0.0035,-2.86879894839663E-16,0.0825));
#13451=CARTESIAN_POINT('',(0.0035,-2.86879894839663E-16,0.0075));
#13452=CARTESIAN_POINT('',(0.00349999999999865,-0.0165,0.0075));
#13453=CARTESIAN_POINT('',(0.00349999999999865,-0.0165,0.0825));
#13454=CARTESIAN_POINT('',(0.,-0.0165,0.0825));
#13455=CARTESIAN_POINT('',(0.,-0.0165,0.0075));
#13456=CARTESIAN_POINT('',(0.00449999999999869,-0.0165,0.0075));
#13457=CARTESIAN_POINT('',(0.00449999999999869,-0.0165,0.0825));
#13458=CARTESIAN_POINT('',(0.0045,-3.70797142990044E-16,0.0825));
#13459=CARTESIAN_POINT('',(0.0045,-3.70797142990044E-16,0.0075));
#13460=CARTESIAN_POINT('',(0.00449999999999873,-0.0155000000000003,0.0075));
#13461=CARTESIAN_POINT('',(0.00449999999999873,-0.0155000000000003,0.0825));
#13462=CARTESIAN_POINT('',(-1.25030194531028E-15,-0.0155,0.0825));
#13463=CARTESIAN_POINT('',(-1.25030194531028E-15,-0.0155,0.0075));
#13464=CARTESIAN_POINT('',(0.00649999999999873,-0.0155000000000005,0.0075));
#13465=CARTESIAN_POINT('',(0.00649999999999873,-0.0155000000000005,0.0825));
#13466=CARTESIAN_POINT('',(0.0065,-5.35595873207838E-16,0.0825));
#13467=CARTESIAN_POINT('',(0.0065,-5.35595873207838E-16,0.0075));
#13468=CARTESIAN_POINT('',(0.00649999999999865,-0.0165,0.0075));
#13469=CARTESIAN_POINT('',(0.00649999999999865,-0.0165,0.0825));
#13470=CARTESIAN_POINT('',(0.,-0.0165,0.0825));
#13471=CARTESIAN_POINT('',(0.,-0.0165,0.0075));
#13472=CARTESIAN_POINT('',(0.00749999999999869,-0.0165,0.0075));
#13473=CARTESIAN_POINT('',(0.00749999999999869,-0.0165,0.0825));
#13474=CARTESIAN_POINT('',(0.0075,-6.17995238316739E-16,0.0825));
#13475=CARTESIAN_POINT('',(0.0075,-6.17995238316739E-16,0.0075));
#13476=CARTESIAN_POINT('',(0.00749999999999873,-0.0155000000000006,0.0075));
#13477=CARTESIAN_POINT('',(0.00749999999999873,-0.0155000000000006,0.0825));
#13478=CARTESIAN_POINT('',(-1.2637460522491E-15,-0.0155,0.0825));
#13479=CARTESIAN_POINT('',(-1.2637460522491E-15,-0.0155,0.0075));
#13480=CARTESIAN_POINT('',(0.00949999999999873,-0.0155000000000007,0.0075));
#13481=CARTESIAN_POINT('',(0.00949999999999873,-0.0155000000000007,0.0825));
#13482=CARTESIAN_POINT('',(0.0095,-7.74554032023642E-16,0.0825));
#13483=CARTESIAN_POINT('',(0.0095,-7.74554032023642E-16,0.0075));
#13484=CARTESIAN_POINT('',(0.00949999999999865,-0.0165,0.0075));
#13485=CARTESIAN_POINT('',(0.00949999999999865,-0.0165,0.0825));
#13486=CARTESIAN_POINT('',(0.,-0.0165,0.0825));
#13487=CARTESIAN_POINT('',(0.,-0.0165,0.0075));
#13488=CARTESIAN_POINT('',(0.0104999999999987,-0.0165,0.0075));
#13489=CARTESIAN_POINT('',(0.0104999999999987,-0.0165,0.0825));
#13490=CARTESIAN_POINT('',(0.0105,-8.5608603539455E-16,0.0825));
#13491=CARTESIAN_POINT('',(0.0105,-8.5608603539455E-16,0.0075));
#13492=CARTESIAN_POINT('',(0.0104999999999987,-0.0155000000000008,0.0075));
#13493=CARTESIAN_POINT('',(0.0104999999999987,-0.0155000000000008,0.0825));
#13494=CARTESIAN_POINT('',(-1.2637460522491E-15,-0.0155,0.0825));
#13495=CARTESIAN_POINT('',(-1.2637460522491E-15,-0.0155,0.0075));
#13496=CARTESIAN_POINT('',(0.0124999999999987,-0.015500000000001,0.0075));
#13497=CARTESIAN_POINT('',(0.0124999999999987,-0.015500000000001,0.0825));
#13498=CARTESIAN_POINT('',(0.0125,-1.01915004213638E-15,0.0825));
#13499=CARTESIAN_POINT('',(0.0125,-1.01915004213638E-15,0.0075));
#13500=CARTESIAN_POINT('',(0.0124999999999986,-0.0165,0.0075));
#13501=CARTESIAN_POINT('',(0.0124999999999986,-0.0165,0.0825));
#13502=CARTESIAN_POINT('',(0.,-0.0165,0.0825));
#13503=CARTESIAN_POINT('',(0.,-0.0165,0.0075));
#13504=CARTESIAN_POINT('',(0.0165,-0.0165,0.0075));
#13505=CARTESIAN_POINT('',(0.0165,-0.0165,0.0825));
#13506=CARTESIAN_POINT('',(0.0165,0.,0.0825));
#13507=CARTESIAN_POINT('',(0.0165,0.,0.0075));
#13508=CARTESIAN_POINT('',(0.0165,-0.0125000000000026,0.0075));
#13509=CARTESIAN_POINT('',(0.0165,-0.0125000000000026,0.0825));
#13510=CARTESIAN_POINT('',(-1.90819582357449E-15,-0.0125000000000002,0.0825));
#13511=CARTESIAN_POINT('',(-1.90819582357449E-15,-0.0125000000000002,0.0075));
#13512=CARTESIAN_POINT('',(0.0154999999999979,-0.0125000000000025,0.0075));
#13513=CARTESIAN_POINT('',(0.0154999999999979,-0.0125000000000025,0.0825));
#13514=CARTESIAN_POINT('',(0.0155,-2.52749210449826E-15,0.0825));
#13515=CARTESIAN_POINT('',(0.0155,-2.52749210449826E-15,0.0075));
#13516=CARTESIAN_POINT('',(0.0154999999999983,-0.0105000000000026,0.0075));
#13517=CARTESIAN_POINT('',(0.0154999999999983,-0.0105000000000026,0.0825));
#13518=CARTESIAN_POINT('',(-1.23859256184752E-15,-0.0105000000000008,0.0825));
#13519=CARTESIAN_POINT('',(-1.23859256184752E-15,-0.0105000000000008,0.0075));
#13520=CARTESIAN_POINT('',(0.0165,-0.0105000000000027,0.0075));
#13521=CARTESIAN_POINT('',(0.0165,-0.0105000000000027,0.0825));
#13522=CARTESIAN_POINT('',(0.0165,0.,0.0825));
#13523=CARTESIAN_POINT('',(0.0165,0.,0.0075));
#13524=CARTESIAN_POINT('',(0.0165,-0.00950000000000262,0.0075));
#13525=CARTESIAN_POINT('',(0.0165,-0.00950000000000262,0.0825));
#13526=CARTESIAN_POINT('',(-1.56558793706906E-15,-0.0095,0.0825));
#13527=CARTESIAN_POINT('',(-1.56558793706906E-15,-0.0095,0.0075));
#13528=CARTESIAN_POINT('',(0.0154999999999984,-0.00950000000000254,0.0075));
#13529=CARTESIAN_POINT('',(0.0154999999999984,-0.00950000000000254,0.0825));
#13530=CARTESIAN_POINT('',(0.0155,-2.54093621143702E-15,0.0825));
#13531=CARTESIAN_POINT('',(0.0155,-2.54093621143702E-15,0.0075));
#13532=CARTESIAN_POINT('',(0.0154999999999987,-0.00750000000000254,0.0075));
#13533=CARTESIAN_POINT('',(0.0154999999999987,-0.00750000000000254,0.0825));
#13534=CARTESIAN_POINT('',(-1.22948526359856E-15,-0.0075,0.0825));
#13535=CARTESIAN_POINT('',(-1.22948526359856E-15,-0.0075,0.0075));
#13536=CARTESIAN_POINT('',(0.0165,-0.0075000000000027,0.0075));
#13537=CARTESIAN_POINT('',(0.0165,-0.0075000000000027,0.0825));
#13538=CARTESIAN_POINT('',(0.0165,0.,0.0825));
#13539=CARTESIAN_POINT('',(0.0165,0.,0.0075));
#13540=CARTESIAN_POINT('',(0.0165,-0.00650000000000262,0.0075));
#13541=CARTESIAN_POINT('',(0.0165,-0.00650000000000262,0.0825));
#13542=CARTESIAN_POINT('',(-1.06555389511875E-15,-0.0065,0.0825));
#13543=CARTESIAN_POINT('',(-1.06555389511875E-15,-0.0065,0.0075));
#13544=CARTESIAN_POINT('',(0.0154999999999989,-0.00650000000000254,0.0075));
#13545=CARTESIAN_POINT('',(0.0154999999999989,-0.00650000000000254,0.0825));
#13546=CARTESIAN_POINT('',(0.0155,-2.54093621143702E-15,0.0825));
#13547=CARTESIAN_POINT('',(0.0155,-2.54093621143702E-15,0.0075));
#13548=CARTESIAN_POINT('',(0.0154999999999992,-0.00450000000000254,0.0075));
#13549=CARTESIAN_POINT('',(0.0154999999999992,-0.00450000000000254,0.0825));
#13550=CARTESIAN_POINT('',(-7.37691158159137E-16,-0.0045,0.0825));
#13551=CARTESIAN_POINT('',(-7.37691158159137E-16,-0.0045,0.0075));
#13552=CARTESIAN_POINT('',(0.0165,-0.0045000000000027,0.0075));
#13553=CARTESIAN_POINT('',(0.0165,-0.0045000000000027,0.0825));
#13554=CARTESIAN_POINT('',(0.0165,0.,0.0825));
#13555=CARTESIAN_POINT('',(0.0165,0.,0.0075));
#13556=CARTESIAN_POINT('',(0.0165,-0.00350000000000262,0.0075));
#13557=CARTESIAN_POINT('',(0.0165,-0.00350000000000262,0.0825));
#13558=CARTESIAN_POINT('',(-5.73759789679326E-16,-0.0035,0.0825));
#13559=CARTESIAN_POINT('',(-5.73759789679326E-16,-0.0035,0.0075));
#13560=CARTESIAN_POINT('',(0.0154999999999993,-0.00350000000000253,0.0075));
#13561=CARTESIAN_POINT('',(0.0154999999999993,-0.00350000000000253,0.0825));
#13562=CARTESIAN_POINT('',(0.0155,-3.26691798613342E-15,0.0825));
#13563=CARTESIAN_POINT('',(0.0155,-3.26691798613342E-15,0.0075));
#13564=CARTESIAN_POINT('',(0.0154999999999997,-0.00150000000000259,0.0075));
#13565=CARTESIAN_POINT('',(0.0154999999999997,-0.00150000000000259,0.0825));
#13566=CARTESIAN_POINT('',(-1.67183974997376E-16,-0.00150000000000086,0.0825));
#13567=CARTESIAN_POINT('',(-1.67183974997376E-16,-0.00150000000000086,0.0075));
#13568=CARTESIAN_POINT('',(0.0165,-0.0015000000000027,0.0075));
#13569=CARTESIAN_POINT('',(0.0165,-0.0015000000000027,0.0825));
#13570=CARTESIAN_POINT('',(0.0165,0.,0.0825));
#13571=CARTESIAN_POINT('',(0.0165,0.,0.0075));
#13572=CARTESIAN_POINT('',(0.0165,0.00149999999999738,0.0075));
#13573=CARTESIAN_POINT('',(0.0165,0.00149999999999738,0.0825));
#13574=CARTESIAN_POINT('',(2.45571792067967E-16,0.0015,0.0825));
#13575=CARTESIAN_POINT('',(2.45571792067967E-16,0.0015,0.0075));
#13576=CARTESIAN_POINT('',(0.0155,0.00149999999999746,0.0075));
#13577=CARTESIAN_POINT('',(0.0155,0.00149999999999746,0.0825));
#13578=CARTESIAN_POINT('',(0.0155,-2.52749210449819E-15,0.0825));
#13579=CARTESIAN_POINT('',(0.0155,-2.52749210449819E-15,0.0075));
#13580=CARTESIAN_POINT('',(0.0155000000000005,0.00349999999999746,0.0075));
#13581=CARTESIAN_POINT('',(0.0155000000000005,0.00349999999999746,0.0825));
#13582=CARTESIAN_POINT('',(5.73759789679329E-16,0.0035,0.0825));
#13583=CARTESIAN_POINT('',(5.73759789679329E-16,0.0035,0.0075));
#13584=CARTESIAN_POINT('',(0.0165,0.0034999999999973,0.0075));
#13585=CARTESIAN_POINT('',(0.0165,0.0034999999999973,0.0825));
#13586=CARTESIAN_POINT('',(0.0165,0.,0.0825));
#13587=CARTESIAN_POINT('',(0.0165,0.,0.0075));
#13588=CARTESIAN_POINT('',(0.0165,0.00449999999999738,0.0075));
#13589=CARTESIAN_POINT('',(0.0165,0.00449999999999738,0.0825));
#13590=CARTESIAN_POINT('',(7.37691158159138E-16,0.0045,0.0825));
#13591=CARTESIAN_POINT('',(7.37691158159138E-16,0.0045,0.0075));
#13592=CARTESIAN_POINT('',(0.0155000000000007,0.00449999999999747,0.0075));
#13593=CARTESIAN_POINT('',(0.0155000000000007,0.00449999999999747,0.0825));
#13594=CARTESIAN_POINT('',(0.0155,-2.5274921044982E-15,0.0825));
#13595=CARTESIAN_POINT('',(0.0155,-2.5274921044982E-15,0.0075));
#13596=CARTESIAN_POINT('',(0.015500000000001,0.00649999999999747,0.0075));
#13597=CARTESIAN_POINT('',(0.015500000000001,0.00649999999999747,0.0825));
#13598=CARTESIAN_POINT('',(1.06555389511875E-15,0.0065,0.0825));
#13599=CARTESIAN_POINT('',(1.06555389511875E-15,0.0065,0.0075));
#13600=CARTESIAN_POINT('',(0.0165,0.0064999999999973,0.0075));
#13601=CARTESIAN_POINT('',(0.0165,0.0064999999999973,0.0825));
#13602=CARTESIAN_POINT('',(0.0165,0.,0.0825));
#13603=CARTESIAN_POINT('',(0.0165,0.,0.0075));
#13604=CARTESIAN_POINT('',(0.0165,0.00749999999999738,0.0075));
#13605=CARTESIAN_POINT('',(0.0165,0.00749999999999738,0.0825));
#13606=CARTESIAN_POINT('',(1.22948526359856E-15,0.0075,0.0825));
#13607=CARTESIAN_POINT('',(1.22948526359856E-15,0.0075,0.0075));
#13608=CARTESIAN_POINT('',(0.0155000000000012,0.00749999999999747,0.0075));
#13609=CARTESIAN_POINT('',(0.0155000000000012,0.00749999999999747,0.0825));
#13610=CARTESIAN_POINT('',(4.08075722450666E-19,0.00149999999999747,0.0825));
#13611=CARTESIAN_POINT('',(4.08075722450666E-19,0.00149999999999747,0.0075));
#13612=CARTESIAN_POINT('',(0.0135,0.00149999999999746,0.0075));
#13613=CARTESIAN_POINT('',(0.011905880899791,0.00149999999999746,0.0075));
#13614=CARTESIAN_POINT('',(0.011905880899791,0.00149999999999746,0.0825));
#13615=CARTESIAN_POINT('',(0.011905880899791,0.00149999999999746,0.0825));
#13616=CARTESIAN_POINT('',(4.08075722450666E-19,0.00149999999999747,0.0825));
#13617=CARTESIAN_POINT('',(0.0135,0.00149999999999746,0.0825));
#13618=CARTESIAN_POINT('',(0.0135,0.00149999999999746,0.0825));
#13619=CARTESIAN_POINT('',(-3.46944695195361E-18,3.46944695195361E-18,0.0825));
#13620=CARTESIAN_POINT('',(-3.46944695195361E-18,3.46944695195361E-18,0.0075));
#13621=CARTESIAN_POINT('',(0.0015,0.0119058808997907,0.0075));
#13622=CARTESIAN_POINT('',(0.0015,0.0119058808997907,0.0825));
#13623=CARTESIAN_POINT('',(0.0015,0.0119058808997907,0.0825));
#13624=CARTESIAN_POINT('',(-3.46944695195361E-18,3.46944695195361E-18,0.0825));
#13625=CARTESIAN_POINT('',(0.0015,4.08075722451274E-19,0.0825));
#13626=CARTESIAN_POINT('',(0.0015,4.08075722451274E-19,0.0075));
#13627=CARTESIAN_POINT('',(0.0015,0.0135,0.0075));
#13628=CARTESIAN_POINT('',(0.0015,0.0135,0.0825));
#13629=CARTESIAN_POINT('',(0.0015,0.0135,0.0825));
#13630=CARTESIAN_POINT('',(0.0015,4.08075722451274E-19,0.0825));
#13631=CARTESIAN_POINT('',(7.61200510655441E-18,0.0135,0.0825));
#13632=CARTESIAN_POINT('',(7.61200510655441E-18,0.0135,0.0075));
#13633=CARTESIAN_POINT('',(0.0107679491924311,0.0135,0.0075));
#13634=CARTESIAN_POINT('',(0.0107679491924311,0.0135,0.0825));
#13635=CARTESIAN_POINT('',(0.0107679491924311,0.0135,0.0825));
#13636=CARTESIAN_POINT('',(7.61200510655441E-18,0.0135,0.0825));
#13637=CARTESIAN_POINT('',(0.0125,0.0125,0.0825));
#13638=CARTESIAN_POINT('',(0.0125,0.0125,0.0075));
#13639=CARTESIAN_POINT('',(0.0105226280066715,0.0122,0.0075));
#13640=CARTESIAN_POINT('',(0.0105226280066715,0.0122,0.0825));
#13641=CARTESIAN_POINT('',(0.0105226280066715,0.0122,0.0825));
#13642=CARTESIAN_POINT('',(0.0125,0.0125,0.0825));
#13643=CARTESIAN_POINT('',(0.,0.0122,0.0825));
#13644=CARTESIAN_POINT('',(0.,0.0122,0.0075));
#13645=CARTESIAN_POINT('',(0.0115460607985831,0.0122,0.0075));
#13646=CARTESIAN_POINT('',(0.0115460607985831,0.0122,0.0825));
#13647=CARTESIAN_POINT('',(0.0115460607985831,0.0122,0.0825));
#13648=CARTESIAN_POINT('',(0.,0.0122,0.0825));
#13649=CARTESIAN_POINT('',(0.0125,0.0125,0.0825));
#13650=CARTESIAN_POINT('',(0.0125,0.0125,0.0075));
#13651=CARTESIAN_POINT('',(0.0122,0.0115460607985831,0.0075));
#13652=CARTESIAN_POINT('',(0.0122,0.0115460607985831,0.0825));
#13653=CARTESIAN_POINT('',(0.0122,0.0115460607985831,0.0825));
#13654=CARTESIAN_POINT('',(0.0125,0.0125,0.0825));
#13655=CARTESIAN_POINT('',(0.0122,4.13581166720048E-17,0.0825));
#13656=CARTESIAN_POINT('',(0.0122,4.13581166720048E-17,0.0075));
#13657=CARTESIAN_POINT('',(0.0122,0.0105226280066715,0.0075));
#13658=CARTESIAN_POINT('',(0.0122,0.0105226280066715,0.0825));
#13659=CARTESIAN_POINT('',(0.0122,0.0105226280066715,0.0825));
#13660=CARTESIAN_POINT('',(0.0122,4.13581166720048E-17,0.0825));
#13661=CARTESIAN_POINT('',(0.0125,0.0125,0.0825));
#13662=CARTESIAN_POINT('',(0.0125,0.0125,0.0075));
#13663=CARTESIAN_POINT('',(0.0135,0.0107679491924311,0.0075));
#13664=CARTESIAN_POINT('',(0.0135,0.0107679491924311,0.0825));
#13665=CARTESIAN_POINT('',(0.0135,0.0107679491924311,0.0825));
#13666=CARTESIAN_POINT('',(0.0125,0.0125,0.0825));
#13667=CARTESIAN_POINT('',(-0.0015,0.,0.0825));
#13668=CARTESIAN_POINT('',(-0.0015,0.,0.0075));
#13669=CARTESIAN_POINT('',(-0.0015,0.0135,0.0075));
#13670=CARTESIAN_POINT('',(-0.0015,0.0119058808997907,0.0075));
#13671=CARTESIAN_POINT('',(-0.0015,0.0119058808997907,0.0825));
#13672=CARTESIAN_POINT('',(-0.0015,0.0119058808997907,0.0825));
#13673=CARTESIAN_POINT('',(-0.0015,0.,0.0825));
#13674=CARTESIAN_POINT('',(-0.0015,0.0135,0.0825));
#13675=CARTESIAN_POINT('',(-0.0015,0.0135,0.0825));
#13676=CARTESIAN_POINT('',(-3.46944695195361E-18,3.46944695195361E-18,0.0825));
#13677=CARTESIAN_POINT('',(-3.46944695195361E-18,3.46944695195361E-18,0.0075));
#13678=CARTESIAN_POINT('',(-0.0119058808997907,0.0015,0.0075));
#13679=CARTESIAN_POINT('',(-0.0119058808997907,0.0015,0.0825));
#13680=CARTESIAN_POINT('',(-0.0119058808997907,0.0015,0.0825));
#13681=CARTESIAN_POINT('',(-3.46944695195361E-18,3.46944695195361E-18,0.0825));
#13682=CARTESIAN_POINT('',(0.,0.0015,0.0825));
#13683=CARTESIAN_POINT('',(0.,0.0015,0.0075));
#13684=CARTESIAN_POINT('',(-0.0135,0.0015,0.0075));
#13685=CARTESIAN_POINT('',(-0.0135,0.0015,0.0825));
#13686=CARTESIAN_POINT('',(-0.0135,0.0015,0.0825));
#13687=CARTESIAN_POINT('',(0.,0.0015,0.0825));
#13688=CARTESIAN_POINT('',(-0.0135,2.17485860187269E-18,0.0825));
#13689=CARTESIAN_POINT('',(-0.0135,2.17485860187269E-18,0.0075));
#13690=CARTESIAN_POINT('',(-0.0135,0.0107679491924311,0.0075));
#13691=CARTESIAN_POINT('',(-0.0135,0.0107679491924311,0.0825));
#13692=CARTESIAN_POINT('',(-0.0135,0.0107679491924311,0.0825));
#13693=CARTESIAN_POINT('',(-0.0135,2.17485860187269E-18,0.0825));
#13694=CARTESIAN_POINT('',(-0.0125,0.0125,0.0825));
#13695=CARTESIAN_POINT('',(-0.0125,0.0125,0.0075));
#13696=CARTESIAN_POINT('',(-0.0122,0.0105226280066715,0.0075));
#13697=CARTESIAN_POINT('',(-0.0122,0.0105226280066715,0.0825));
#13698=CARTESIAN_POINT('',(-0.0122,0.0105226280066715,0.0825));
#13699=CARTESIAN_POINT('',(-0.0125,0.0125,0.0825));
#13700=CARTESIAN_POINT('',(-0.0122,0.,0.0825));
#13701=CARTESIAN_POINT('',(-0.0122,0.,0.0075));
#13702=CARTESIAN_POINT('',(-0.0122,0.0115460607985831,0.0075));
#13703=CARTESIAN_POINT('',(-0.0122,0.0115460607985831,0.0825));
#13704=CARTESIAN_POINT('',(-0.0122,0.0115460607985831,0.0825));
#13705=CARTESIAN_POINT('',(-0.0122,0.,0.0825));
#13706=CARTESIAN_POINT('',(-0.0125,0.0125,0.0825));
#13707=CARTESIAN_POINT('',(-0.0125,0.0125,0.0075));
#13708=CARTESIAN_POINT('',(-0.0115460607985831,0.0122,0.0075));
#13709=CARTESIAN_POINT('',(-0.0115460607985831,0.0122,0.0825));
#13710=CARTESIAN_POINT('',(-0.0115460607985831,0.0122,0.0825));
#13711=CARTESIAN_POINT('',(-0.0125,0.0125,0.0825));
#13712=CARTESIAN_POINT('',(0.,0.0122,0.0825));
#13713=CARTESIAN_POINT('',(0.,0.0122,0.0075));
#13714=CARTESIAN_POINT('',(-0.0105226280066715,0.0122,0.0075));
#13715=CARTESIAN_POINT('',(-0.0105226280066715,0.0122,0.0825));
#13716=CARTESIAN_POINT('',(-0.0105226280066715,0.0122,0.0825));
#13717=CARTESIAN_POINT('',(0.,0.0122,0.0825));
#13718=CARTESIAN_POINT('',(-0.0125,0.0125,0.0825));
#13719=CARTESIAN_POINT('',(-0.0125,0.0125,0.0075));
#13720=CARTESIAN_POINT('',(-0.0107679491924311,0.0135,0.0075));
#13721=CARTESIAN_POINT('',(-0.0107679491924311,0.0135,0.0825));
#13722=CARTESIAN_POINT('',(-0.0107679491924311,0.0135,0.0825));
#13723=CARTESIAN_POINT('',(-0.0125,0.0125,0.0825));
#13724=CARTESIAN_POINT('',(2.04037861225636E-19,-0.0015,0.0825));
#13725=CARTESIAN_POINT('',(2.04037861225636E-19,-0.0015,0.0075));
#13726=CARTESIAN_POINT('',(-0.0135,-0.0015,0.0075));
#13727=CARTESIAN_POINT('',(-0.0119058808997907,-0.0015,0.0075));
#13728=CARTESIAN_POINT('',(-0.0119058808997907,-0.0015,0.0825));
#13729=CARTESIAN_POINT('',(-0.0119058808997907,-0.0015,0.0825));
#13730=CARTESIAN_POINT('',(2.04037861225636E-19,-0.0015,0.0825));
#13731=CARTESIAN_POINT('',(-0.0135,-0.0015,0.0825));
#13732=CARTESIAN_POINT('',(-0.0135,-0.0015,0.0825));
#13733=CARTESIAN_POINT('',(-3.46944695195361E-18,3.46944695195361E-18,0.0825));
#13734=CARTESIAN_POINT('',(-3.46944695195361E-18,3.46944695195361E-18,0.0075));
#13735=CARTESIAN_POINT('',(-0.00150000000000132,-0.0119058808997905,0.0075));
#13736=CARTESIAN_POINT('',(-0.00150000000000132,-0.0119058808997905,0.0825));
#13737=CARTESIAN_POINT('',(-0.00150000000000132,-0.0119058808997905,0.0825));
#13738=CARTESIAN_POINT('',(-3.46944695195361E-18,3.46944695195361E-18,0.0825));
#13739=CARTESIAN_POINT('',(-0.00150000000000131,4.08075722451585E-19,0.0825));
#13740=CARTESIAN_POINT('',(-0.00150000000000131,4.08075722451585E-19,0.0075));
#13741=CARTESIAN_POINT('',(-0.00150000000000132,-0.0135,0.0075));
#13742=CARTESIAN_POINT('',(-0.00150000000000132,-0.0135,0.0825));
#13743=CARTESIAN_POINT('',(-0.00150000000000132,-0.0135,0.0825));
#13744=CARTESIAN_POINT('',(-0.00150000000000131,4.08075722451585E-19,0.0825));
#13745=CARTESIAN_POINT('',(-3.26228790280903E-18,-0.0135,0.0825));
#13746=CARTESIAN_POINT('',(-3.26228790280903E-18,-0.0135,0.0075));
#13747=CARTESIAN_POINT('',(-0.0107679491924311,-0.0135,0.0075));
#13748=CARTESIAN_POINT('',(-0.0107679491924311,-0.0135,0.0825));
#13749=CARTESIAN_POINT('',(-0.0107679491924311,-0.0135,0.0825));
#13750=CARTESIAN_POINT('',(-3.26228790280903E-18,-0.0135,0.0825));
#13751=CARTESIAN_POINT('',(-0.0125,-0.0125,0.0825));
#13752=CARTESIAN_POINT('',(-0.0125,-0.0125,0.0075));
#13753=CARTESIAN_POINT('',(-0.0105226280066715,-0.0122,0.0075));
#13754=CARTESIAN_POINT('',(-0.0105226280066715,-0.0122,0.0825));
#13755=CARTESIAN_POINT('',(-0.0105226280066715,-0.0122,0.0825));
#13756=CARTESIAN_POINT('',(-0.0125,-0.0125,0.0825));
#13757=CARTESIAN_POINT('',(0.,-0.0122,0.0825));
#13758=CARTESIAN_POINT('',(0.,-0.0122,0.0075));
#13759=CARTESIAN_POINT('',(-0.0115460607985831,-0.0122,0.0075));
#13760=CARTESIAN_POINT('',(-0.0115460607985831,-0.0122,0.0825));
#13761=CARTESIAN_POINT('',(-0.0115460607985831,-0.0122,0.0825));
#13762=CARTESIAN_POINT('',(0.,-0.0122,0.0825));
#13763=CARTESIAN_POINT('',(-0.0125,-0.0125,0.0825));
#13764=CARTESIAN_POINT('',(-0.0125,-0.0125,0.0075));
#13765=CARTESIAN_POINT('',(-0.0122,-0.0115460607985831,0.0075));
#13766=CARTESIAN_POINT('',(-0.0122,-0.0115460607985831,0.0825));
#13767=CARTESIAN_POINT('',(-0.0122,-0.0115460607985831,0.0825));
#13768=CARTESIAN_POINT('',(-0.0125,-0.0125,0.0825));
#13769=CARTESIAN_POINT('',(-0.0122,0.,0.0825));
#13770=CARTESIAN_POINT('',(-0.0122,0.,0.0075));
#13771=CARTESIAN_POINT('',(-0.0122,-0.0105226280066715,0.0075));
#13772=CARTESIAN_POINT('',(-0.0122,-0.0105226280066715,0.0825));
#13773=CARTESIAN_POINT('',(-0.0122,-0.0105226280066715,0.0825));
#13774=CARTESIAN_POINT('',(-0.0122,0.,0.0825));
#13775=CARTESIAN_POINT('',(-0.0125,-0.0125,0.0825));
#13776=CARTESIAN_POINT('',(-0.0125,-0.0125,0.0075));
#13777=CARTESIAN_POINT('',(-0.0135,-0.0107679491924311,0.0075));
#13778=CARTESIAN_POINT('',(-0.0135,-0.0107679491924311,0.0825));
#13779=CARTESIAN_POINT('',(-0.0135,-0.0107679491924311,0.0825));
#13780=CARTESIAN_POINT('',(-0.0125,-0.0125,0.0825));
#13781=CARTESIAN_POINT('',(0.00149999999999873,-2.04037861225483E-19,0.0825));
#13782=CARTESIAN_POINT('',(0.00149999999999873,-2.04037861225483E-19,0.0075));
#13783=CARTESIAN_POINT('',(0.00149999999999873,-2.04037861225483E-19,0.0825));
#13784=CARTESIAN_POINT('',(0.0155,-2.54093621143702E-15,0.0825));
#13785=CARTESIAN_POINT('',(0.0155,-2.54093621143702E-15,0.0075));
#13786=CARTESIAN_POINT('',(0.0135,4.34971720374538E-18,0.0825));
#13787=CARTESIAN_POINT('',(0.0135,4.34971720374538E-18,0.0075));
#13788=CARTESIAN_POINT('',(0.0135,4.34971720374538E-18,0.0825));
#13789=CARTESIAN_POINT('',(7.61200510655441E-18,0.0135,0.0825));
#13790=CARTESIAN_POINT('',(7.61200510655441E-18,0.0135,0.0075));
#13791=CARTESIAN_POINT('',(7.61200510655441E-18,0.0135,0.0825));
#13792=CARTESIAN_POINT('',(-0.0135,2.17485860187269E-18,0.0825));
#13793=CARTESIAN_POINT('',(-0.0135,2.17485860187269E-18,0.0075));
#13794=CARTESIAN_POINT('',(-0.0135,2.17485860187269E-18,0.0825));
#13795=CARTESIAN_POINT('',(-3.46944695195361E-18,3.46944695195361E-18,0.0825));
#13796=CARTESIAN_POINT('',(-3.46944695195361E-18,3.46944695195361E-18,0.0825));
#13797=CARTESIAN_POINT('',(-3.46944695195361E-18,0.009,0.0825));
#13798=CARTESIAN_POINT('',(-3.46944695195361E-18,3.46944695195361E-18,0.0075));
#13799=CARTESIAN_POINT('',(-3.46944695195361E-18,-0.009,0.0075));
#13800=CARTESIAN_POINT('',(0.,0.,0.0075));
#13801=CARTESIAN_POINT('',(-0.015,-0.0115,0.085));
#13802=CARTESIAN_POINT('',(-0.015,-0.0115,0.085));
#13803=CARTESIAN_POINT('',(-0.015,0.0115,0.085));
#13804=CARTESIAN_POINT('',(-0.0115,0.0115,0.085));
#13805=CARTESIAN_POINT('',(-0.0115,0.015,0.085));
#13806=CARTESIAN_POINT('',(-0.0115,0.015,0.085));
#13807=CARTESIAN_POINT('',(0.0115,0.015,0.085));
#13808=CARTESIAN_POINT('',(0.0115,0.0115,0.085));
#13809=CARTESIAN_POINT('',(0.015,0.0115,0.085));
#13810=CARTESIAN_POINT('',(0.015,-0.0115,0.085));
#13811=CARTESIAN_POINT('',(0.015,-0.0115,0.085));
#13812=CARTESIAN_POINT('',(0.0115,-0.0115,0.085));
#13813=CARTESIAN_POINT('',(0.0115,-0.015,0.085));
#13814=CARTESIAN_POINT('',(-0.0115,-0.015,0.085));
#13815=CARTESIAN_POINT('',(-0.0115,-0.015,0.085));
#13816=CARTESIAN_POINT('',(-0.0115,-0.0115,0.085));
#13817=CARTESIAN_POINT('',(-0.0115,-0.0115,0.0825));
#13818=CARTESIAN_POINT('',(-0.0115,-0.0115,0.0825));
#13819=CARTESIAN_POINT('',(-0.0115,-0.0115,0.0825));
#13820=CARTESIAN_POINT('',(-0.0115,-0.0115,0.0825));
#13821=CARTESIAN_POINT('',(-0.0115,-0.0115,0.0825));
#13822=CARTESIAN_POINT('',(-0.0115,0.0115,0.0905));
#13823=CARTESIAN_POINT('',(-0.0132677669529664,0.00973223304703363,0.0905));
#13824=CARTESIAN_POINT('',(-0.0132677669529664,0.00973223304703363,0.0905));
#13825=CARTESIAN_POINT('',(-0.0115,0.0115,0.0905));
#13826=CARTESIAN_POINT('',(-0.00973223304703363,0.0132677669529664,0.0905));
#13827=CARTESIAN_POINT('',(-0.00973223304703363,0.0132677669529664,0.0905));
#13828=CARTESIAN_POINT('',(-0.0132677669529664,0.00973223304703363,0.0905));
#13829=CARTESIAN_POINT('',(-0.0122260172846423,0.00869048337870957,0.0905));
#13830=CARTESIAN_POINT('',(-0.0122260172846423,0.00869048337870957,0.0905));
#13831=CARTESIAN_POINT('',(-0.0132677669529664,0.00973223304703363,0.0905));
#13832=CARTESIAN_POINT('',(0.,0.,0.0905));
#13833=CARTESIAN_POINT('',(-0.0122260172846423,-0.00869048337870957,0.0905));
#13834=CARTESIAN_POINT('',(-0.0122260172846423,-0.00869048337870957,0.0905));
#13835=CARTESIAN_POINT('',(0.,0.,0.0905));
#13836=CARTESIAN_POINT('',(-0.0132677669529664,-0.00973223304703363,0.0905));
#13837=CARTESIAN_POINT('',(-0.0132677669529664,-0.00973223304703363,0.0905));
#13838=CARTESIAN_POINT('',(-0.0132677669529664,-0.00973223304703363,0.0905));
#13839=CARTESIAN_POINT('',(-0.0132677669529664,-0.00973223304703363,0.0905));
#13840=CARTESIAN_POINT('',(-0.0115,-0.0115,0.0905));
#13841=CARTESIAN_POINT('',(-0.00973223304703363,-0.0132677669529664,0.0905));
#13842=CARTESIAN_POINT('',(-0.00973223304703363,-0.0132677669529664,0.0905));
#13843=CARTESIAN_POINT('',(-0.0115,-0.0115,0.0905));
#13844=CARTESIAN_POINT('',(-0.00973223304703363,-0.0132677669529664,0.0905));
#13845=CARTESIAN_POINT('',(-0.00869048337870957,-0.0122260172846423,0.0905));
#13846=CARTESIAN_POINT('',(-0.00869048337870957,-0.0122260172846423,0.0905));
#13847=CARTESIAN_POINT('',(-0.00973223304703363,-0.0132677669529664,0.0905));
#13848=CARTESIAN_POINT('',(0.,0.,0.0905));
#13849=CARTESIAN_POINT('',(0.00869048337870958,-0.0122260172846423,0.0905));
#13850=CARTESIAN_POINT('',(0.00869048337870958,-0.0122260172846423,0.0905));
#13851=CARTESIAN_POINT('',(0.,0.,0.0905));
#13852=CARTESIAN_POINT('',(0.00973223304703363,-0.0132677669529664,0.0905));
#13853=CARTESIAN_POINT('',(0.00973223304703363,-0.0132677669529664,0.0905));
#13854=CARTESIAN_POINT('',(0.00973223304703363,-0.0132677669529664,0.0905));
#13855=CARTESIAN_POINT('',(0.00973223304703363,-0.0132677669529664,0.0905));
#13856=CARTESIAN_POINT('',(0.0115,-0.0115,0.0905));
#13857=CARTESIAN_POINT('',(0.0132677669529664,-0.00973223304703363,0.0905));
#13858=CARTESIAN_POINT('',(0.0132677669529664,-0.00973223304703363,0.0905));
#13859=CARTESIAN_POINT('',(0.0115,-0.0115,0.0905));
#13860=CARTESIAN_POINT('',(0.0132677669529664,-0.00973223304703363,0.0905));
#13861=CARTESIAN_POINT('',(0.0122260172846423,-0.00869048337870957,0.0905));
#13862=CARTESIAN_POINT('',(0.0122260172846423,-0.00869048337870957,0.0905));
#13863=CARTESIAN_POINT('',(0.0132677669529664,-0.00973223304703363,0.0905));
#13864=CARTESIAN_POINT('',(0.,0.,0.0905));
#13865=CARTESIAN_POINT('',(0.0122260172846423,0.00869048337870957,0.0905));
#13866=CARTESIAN_POINT('',(0.0122260172846423,0.00869048337870957,0.0905));
#13867=CARTESIAN_POINT('',(0.,0.,0.0905));
#13868=CARTESIAN_POINT('',(0.0132677669529664,0.00973223304703363,0.0905));
#13869=CARTESIAN_POINT('',(0.0132677669529664,0.00973223304703363,0.0905));
#13870=CARTESIAN_POINT('',(0.0132677669529664,0.00973223304703363,0.0905));
#13871=CARTESIAN_POINT('',(0.0132677669529664,0.00973223304703363,0.0905));
#13872=CARTESIAN_POINT('',(0.0115,0.0115,0.0905));
#13873=CARTESIAN_POINT('',(0.00973223304703363,0.0132677669529664,0.0905));
#13874=CARTESIAN_POINT('',(0.00973223304703363,0.0132677669529664,0.0905));
#13875=CARTESIAN_POINT('',(0.0115,0.0115,0.0905));
#13876=CARTESIAN_POINT('',(0.00973223304703363,0.0132677669529664,0.0905));
#13877=CARTESIAN_POINT('',(0.00869048337870957,0.0122260172846423,0.0905));
#13878=CARTESIAN_POINT('',(0.00869048337870957,0.0122260172846423,0.0905));
#13879=CARTESIAN_POINT('',(0.00973223304703363,0.0132677669529664,0.0905));
#13880=CARTESIAN_POINT('',(0.,0.,0.0905));
#13881=CARTESIAN_POINT('',(-0.00869048337870957,0.0122260172846423,0.0905));
#13882=CARTESIAN_POINT('',(-0.00869048337870957,0.0122260172846423,0.0905));
#13883=CARTESIAN_POINT('',(0.,0.,0.0905));
#13884=CARTESIAN_POINT('',(-0.00973223304703363,0.0132677669529664,0.0905));
#13885=CARTESIAN_POINT('',(-0.00973223304703363,0.0132677669529664,0.0905));
#13886=CARTESIAN_POINT('',(-0.0115,0.0115,0.0905));
#13887=CARTESIAN_POINT('',(0.,0.0115,0.0555));
#13888=CARTESIAN_POINT('',(0.,0.0115,0.0555));
#13889=CARTESIAN_POINT('',(-0.00135,0.0115,0.0555));
#13890=CARTESIAN_POINT('',(0.,0.0115,0.0555));
#13891=CARTESIAN_POINT('',(0.,0.0115,0.043));
#13892=CARTESIAN_POINT('',(0.,0.0115,0.043));
#13893=CARTESIAN_POINT('',(-0.00135,0.0115,0.043));
#13894=CARTESIAN_POINT('',(0.,0.0115,0.043));
#13895=CARTESIAN_POINT('',(0.,0.0115,0.023));
#13896=CARTESIAN_POINT('',(0.,0.0115,0.023));
#13897=CARTESIAN_POINT('',(-0.00135,0.0115,0.023));
#13898=CARTESIAN_POINT('',(0.,0.0115,0.023));
#13899=CARTESIAN_POINT('',(0.,0.0115,0.0155));
#13900=CARTESIAN_POINT('',(0.,0.0115,0.0155));
#13901=CARTESIAN_POINT('',(-0.00135,0.0115,0.0155));
#13902=CARTESIAN_POINT('',(0.,0.0115,0.0155));
#13903=CARTESIAN_POINT('',(0.,0.,0.));
#13904=CARTESIAN_POINT('',(-1.84314369322536E-18,-0.01671,0.0195));
#13905=CARTESIAN_POINT('',(0.00988199153510511,-0.01671,0.0216662401265758));
#13906=CARTESIAN_POINT('',(0.00988199153510511,-0.01671,0.0216662401265758));
#13907=CARTESIAN_POINT('',(0.0111215748684384,-0.01671,0.0216662401265758));
#13908=CARTESIAN_POINT('',(0.0111215748684384,-0.01671,0.0216662401265758));
#13909=CARTESIAN_POINT('',(0.0111215748684384,-0.01671,0.0176662401265758));
#13910=CARTESIAN_POINT('',(0.0111215748684384,-0.01671,0.0176662401265758));
#13911=CARTESIAN_POINT('',(0.0103138825607461,-0.01671,0.0176662401265758));
#13912=CARTESIAN_POINT('',(0.0103138825607461,-0.01671,0.0176662401265758));
#13913=CARTESIAN_POINT('',(0.0102436321424706,-0.01671,0.0176667445425949));
#13914=CARTESIAN_POINT('',(0.0101079086999615,-0.01671,0.0176677190717186));
#13915=CARTESIAN_POINT('',(0.00991178214475334,-0.01671,0.0176739334087321));
#13916=CARTESIAN_POINT('',(0.00973057381159232,-0.01671,0.0176848155808856));
#13917=CARTESIAN_POINT('',(0.0095643866060746,-0.01671,0.0177009725090096));
#13918=CARTESIAN_POINT('',(0.00941295353530829,-0.01671,0.0177203653506138));
#13919=CARTESIAN_POINT('',(0.00927651713662976,-0.01671,0.0177450282033476));
#13920=CARTESIAN_POINT('',(0.00915485630462383,-0.01671,0.0177740333882284));
#13921=CARTESIAN_POINT('',(0.00908003423313423,-0.01671,0.0177987722098975));
#13922=CARTESIAN_POINT('',(0.00904465179151536,-0.01671,0.0178104708958066));
#13923=CARTESIAN_POINT('',(0.00904465179151536,-0.01671,0.0178104708958066));
#13924=CARTESIAN_POINT('',(0.00904465179151536,-0.01671,0.0178104708958066));
#13925=CARTESIAN_POINT('',(0.00899836795078053,-0.01671,0.0178281005159256));
#13926=CARTESIAN_POINT('',(0.00890684983325464,-0.01671,0.0178629599748723));
#13927=CARTESIAN_POINT('',(0.00877661606008982,-0.01671,0.0179288180428312));
#13928=CARTESIAN_POINT('',(0.00865359971427608,-0.01671,0.0180031329995087));
#13929=CARTESIAN_POINT('',(0.00853877213793188,-0.01671,0.0180876086294937));
#13930=CARTESIAN_POINT('',(0.00843188031445417,-0.01671,0.0181811654333773));
#13931=CARTESIAN_POINT('',(0.00833157931284258,-0.01671,0.0182830464619398));
#13932=CARTESIAN_POINT('',(0.00824074407465921,-0.01671,0.0183959715957965));
#13933=CARTESIAN_POINT('',(0.00815624166639602,-0.01671,0.0185164368083121));
#13934=CARTESIAN_POINT('',(0.00808228013421103,-0.01671,0.0186455383591834));
#13935=CARTESIAN_POINT('',(0.00801706027628223,-0.01671,0.0187806903611352));
#13936=CARTESIAN_POINT('',(0.00796137241909409,-0.01671,0.0189216305794349));
#13937=CARTESIAN_POINT('',(0.00791792093243579,-0.01671,0.0190693873901319));
#13938=CARTESIAN_POINT('',(0.00788202249541866,-0.01671,0.0192225416472407));
#13939=CARTESIAN_POINT('',(0.00785793552484618,-0.01671,0.0193822529152293));
#13940=CARTESIAN_POINT('',(0.00784193551860956,-0.01671,0.0195475900656943));
#13941=CARTESIAN_POINT('',(0.00784033545078394,-0.01671,0.0196597908966582));
#13942=CARTESIAN_POINT('',(0.00783952358638716,-0.01671,0.0197167208958066));
#13943=CARTESIAN_POINT('',(0.00783952358638716,-0.01671,0.0197167208958066));
#13944=CARTESIAN_POINT('',(0.00783952358638716,-0.01671,0.0197167208958066));
#13945=CARTESIAN_POINT('',(0.00784024289127991,-0.01671,0.0197661621435836));
#13946=CARTESIAN_POINT('',(0.00784166035670037,-0.01671,0.0198635912863225));
#13947=CARTESIAN_POINT('',(0.0078543726333783,-0.01671,0.0200071832809745));
#13948=CARTESIAN_POINT('',(0.00787288522191125,-0.01671,0.0201465043078671));
#13949=CARTESIAN_POINT('',(0.00790141517313965,-0.01671,0.020280942622976));
#13950=CARTESIAN_POINT('',(0.00793647211547901,-0.01671,0.0204114033606752));
#13951=CARTESIAN_POINT('',(0.00797974132106528,-0.01671,0.0205372688087579));
#13952=CARTESIAN_POINT('',(0.00803102631593869,-0.01671,0.0206586245134194));
#13953=CARTESIAN_POINT('',(0.00809050234394635,-0.01671,0.020774506579371));
#13954=CARTESIAN_POINT('',(0.0081556261680136,-0.01671,0.020884633225193));
#13955=CARTESIAN_POINT('',(0.00822658926562592,-0.01671,0.020987259563612));
#13956=CARTESIAN_POINT('',(0.00830096190508417,-0.01671,0.0210835170948105));
#13957=CARTESIAN_POINT('',(0.00838145659110364,-0.01671,0.0211712312543447));
#13958=CARTESIAN_POINT('',(0.00846540822665771,-0.01671,0.0212531334871714));
#13959=CARTESIAN_POINT('',(0.00855567212397121,-0.01671,0.0213255906028978));
#13960=CARTESIAN_POINT('',(0.00864942201318884,-0.01671,0.021391966408145));
#13961=CARTESIAN_POINT('',(0.00874947441334507,-0.01671,0.0214502451833202));
#13962=CARTESIAN_POINT('',(0.00885665021675834,-0.01671,0.0215020858859714));
#13963=CARTESIAN_POINT('',(0.00897374900752648,-0.01671,0.0215458656702059));
#13964=CARTESIAN_POINT('',(0.00910034340834538,-0.01671,0.0215835414359954));
#13965=CARTESIAN_POINT('',(0.00923727225900817,-0.01671,0.0216135589077406));
#13966=CARTESIAN_POINT('',(0.00938407888897828,-0.01671,0.0216377545130401));
#13967=CARTESIAN_POINT('',(0.00954116125771099,-0.01671,0.0216538675438411));
#13968=CARTESIAN_POINT('',(0.00970822521798578,-0.01671,0.0216647941895295));
#13969=CARTESIAN_POINT('',(0.00982294475533986,-0.01671,0.0216657487889694));
#13970=CARTESIAN_POINT('',(0.00988199153510511,-0.01671,0.0216662401265758));
#13971=CARTESIAN_POINT('',(0.00542926717613075,-0.01671,0.0176662401265758));
#13972=CARTESIAN_POINT('',(0.00542926717613075,-0.01671,0.0176662401265758));
#13973=CARTESIAN_POINT('',(0.0053779851248487,-0.01671,0.0176662401265758));
#13974=CARTESIAN_POINT('',(0.0053779851248487,-0.01671,0.0176662401265758));
#13975=CARTESIAN_POINT('',(0.00353183127869485,-0.01671,0.0216662401265758));
#13976=CARTESIAN_POINT('',(0.00353183127869485,-0.01671,0.0216662401265758));
#13977=CARTESIAN_POINT('',(0.00392205563766921,-0.01671,0.0216662401265758));
#13978=CARTESIAN_POINT('',(0.00392205563766921,-0.01671,0.0216662401265758));
#13979=CARTESIAN_POINT('',(0.00451340179151537,-0.01671,0.0203841888445245));
#13980=CARTESIAN_POINT('',(0.00451340179151537,-0.01671,0.0203841888445245));
#13981=CARTESIAN_POINT('',(0.00632670307356665,-0.01671,0.0203841888445245));
#13982=CARTESIAN_POINT('',(0.00632670307356665,-0.01671,0.0203841888445245));
#13983=CARTESIAN_POINT('',(0.00693487615048973,-0.01671,0.0216662401265758));
#13984=CARTESIAN_POINT('',(0.00693487615048972,-0.01671,0.0216662401265758));
#13985=CARTESIAN_POINT('',(0.00732670307356665,-0.01671,0.0216662401265758));
#13986=CARTESIAN_POINT('',(0.00732670307356665,-0.01671,0.0216662401265758));
#13987=CARTESIAN_POINT('',(0.00255747230433588,-0.01671,0.0216662401265758));
#13988=CARTESIAN_POINT('',(0.00255747230433588,-0.01671,0.0216662401265758));
#13989=CARTESIAN_POINT('',(0.00291644666331024,-0.01671,0.0216662401265758));
#13990=CARTESIAN_POINT('',(0.00291644666331024,-0.01671,0.0216662401265758));
#13991=CARTESIAN_POINT('',(0.00291644666331024,-0.01671,0.0176662401265758));
#13992=CARTESIAN_POINT('',(0.00291644666331024,-0.01671,0.0176662401265758));
#13993=CARTESIAN_POINT('',(0.00284112615048972,-0.01671,0.0176662401265758));
#13994=CARTESIAN_POINT('',(0.00284112615048972,-0.01671,0.0176662401265758));
#13995=CARTESIAN_POINT('',(0.000198497945361516,-0.01671,0.020814477306063));
#13996=CARTESIAN_POINT('',(0.000198497945361518,-0.01671,0.020814477306063));
#13997=CARTESIAN_POINT('',(0.000198497945361518,-0.01671,0.0176662401265758));
#13998=CARTESIAN_POINT('',(0.000198497945361518,-0.01671,0.0176662401265758));
#13999=CARTESIAN_POINT('',(-0.000160476413612842,-0.01671,0.0176662401265758));
#14000=CARTESIAN_POINT('',(-0.000160476413612842,-0.01671,0.0176662401265758));
#14001=CARTESIAN_POINT('',(-0.000160476413612842,-0.01671,0.0216662401265758));
#14002=CARTESIAN_POINT('',(-0.000160476413612842,-0.01671,0.0216662401265758));
#14003=CARTESIAN_POINT('',(-7.87456443820723E-5,-0.01671,0.0216662401265758));
#14004=CARTESIAN_POINT('',(-7.87456443820723E-5,-0.01671,0.0216662401265758));
#14005=CARTESIAN_POINT('',(0.00255747230433588,-0.01671,0.0185252144855502));
#14006=CARTESIAN_POINT('',(0.00255747230433588,-0.01671,0.0185252144855502));
#14007=CARTESIAN_POINT('',(-0.00313243154181797,-0.01671,0.0175636760240117));
#14008=CARTESIAN_POINT('',(-0.00317384698038139,-0.01671,0.0175643366451089));
#14009=CARTESIAN_POINT('',(-0.00325596892822182,-0.01671,0.0175656465791135));
#14010=CARTESIAN_POINT('',(-0.0033781653316894,-0.01671,0.0175747732565603));
#14011=CARTESIAN_POINT('',(-0.00349823239679987,-0.01671,0.0175890786352114));
#14012=CARTESIAN_POINT('',(-0.00361677242677903,-0.01671,0.0176090823116614));
#14013=CARTESIAN_POINT('',(-0.00373333407058597,-0.01671,0.0176355439321053));
#14014=CARTESIAN_POINT('',(-0.00384827047395233,-0.01671,0.0176677929904895));
#14015=CARTESIAN_POINT('',(-0.00396136425243557,-0.01671,0.0177051311684717));
#14016=CARTESIAN_POINT('',(-0.00407248086344362,-0.01671,0.0177496962734176));
#14017=CARTESIAN_POINT('',(-0.0041823757746172,-0.01671,0.0178002700928713));
#14018=CARTESIAN_POINT('',(-0.00429165777389051,-0.01671,0.0178572002003363));
#14019=CARTESIAN_POINT('',(-0.00439995408382868,-0.01671,0.0179214572151101));
#14020=CARTESIAN_POINT('',(-0.00450745234029556,-0.01671,0.0179932327214004));
#14021=CARTESIAN_POINT('',(-0.00461483046587171,-0.01671,0.0180712937599918));
#14022=CARTESIAN_POINT('',(-0.00472039005650908,-0.01671,0.0181578729899049));
#14023=CARTESIAN_POINT('',(-0.00482667913581981,-0.01671,0.0182495561386538));
#14024=CARTESIAN_POINT('',(-0.00489502406632689,-0.01671,0.0183154786346538));
#14025=CARTESIAN_POINT('',(-0.00492970718284361,-0.01671,0.0183489324342681));
#14026=CARTESIAN_POINT('',(-0.00313243154181797,-0.01671,0.0175636760240117));
#14027=CARTESIAN_POINT('',(-0.00492970718284361,-0.01671,0.0183489324342681));
#14028=CARTESIAN_POINT('',(-0.00492970718284361,-0.01671,0.0183489324342681));
#14029=CARTESIAN_POINT('',(-0.0046220148751513,-0.01671,0.0186405991009348));
#14030=CARTESIAN_POINT('',(-0.0046220148751513,-0.01671,0.0186405991009348));
#14031=CARTESIAN_POINT('',(-0.00456601011664294,-0.01671,0.0185882928969364));
#14032=CARTESIAN_POINT('',(-0.00445563338082083,-0.01671,0.0184852054412566));
#14033=CARTESIAN_POINT('',(-0.00427654210026929,-0.01671,0.0183499593448602));
#14034=CARTESIAN_POINT('',(-0.00408942968595864,-0.01671,0.0182350040252722));
#14035=CARTESIAN_POINT('',(-0.0038958173730007,-0.01671,0.0181405594686099));
#14036=CARTESIAN_POINT('',(-0.00369943873555969,-0.01671,0.0180671443924057));
#14037=CARTESIAN_POINT('',(-0.00350421447660021,-0.01671,0.0180140614205505));
#14038=CARTESIAN_POINT('',(-0.00331151330534436,-0.01671,0.0179799225868153));
#14039=CARTESIAN_POINT('',(-0.00318358111872246,-0.01671,0.0179759124909161));
#14040=CARTESIAN_POINT('',(-0.00312041231104874,-0.01671,0.0179739324342681));
#14041=CARTESIAN_POINT('',(-0.00312041231104874,-0.01671,0.0179739324342681));
#14042=CARTESIAN_POINT('',(-0.00312041231104874,-0.01671,0.0179739324342681));
#14043=CARTESIAN_POINT('',(-0.00308165287152311,-0.01671,0.0179744058247987));
#14044=CARTESIAN_POINT('',(-0.00300423451679573,-0.01671,0.0179753513781006));
#14045=CARTESIAN_POINT('',(-0.00288923477156385,-0.01671,0.0179873915204086));
#14046=CARTESIAN_POINT('',(-0.00277545648376371,-0.01671,0.0180047617955657));
#14047=CARTESIAN_POINT('',(-0.0026632920149645,-0.01671,0.0180296361939946));
#14048=CARTESIAN_POINT('',(-0.00255229541221625,-0.01671,0.0180619438319485));
#14049=CARTESIAN_POINT('',(-0.00244271359985952,-0.01671,0.01810095048586));
#14050=CARTESIAN_POINT('',(-0.00233475807119436,-0.01671,0.0181479061771596));
#14051=CARTESIAN_POINT('',(-0.00222899675495048,-0.01671,0.0182014399629839));
#14052=CARTESIAN_POINT('',(-0.00212594199394324,-0.01671,0.018259880898224));
#14053=CARTESIAN_POINT('',(-0.00202901844323344,-0.01671,0.0183250598455108));
#14054=CARTESIAN_POINT('',(-0.00193782191937076,-0.01671,0.0183949710562464));
#14055=CARTESIAN_POINT('',(-0.00185299732177934,-0.01671,0.0184705313991657));
#14056=CARTESIAN_POINT('',(-0.001773382742935,-0.01671,0.0185504832619743));
#14057=CARTESIAN_POINT('',(-0.00170043556680383,-0.01671,0.018635962665259));
#14058=CARTESIAN_POINT('',(-0.00163256054368802,-0.01671,0.018725704435311));
#14059=CARTESIAN_POINT('',(-0.00157229643305519,-0.01671,0.0188209949549176));
#14060=CARTESIAN_POINT('',(-0.00151782657034194,-0.01671,0.0189191267031344));
#14061=CARTESIAN_POINT('',(-0.00147066030960543,-0.01671,0.0190193174411489));
#14062=CARTESIAN_POINT('',(-0.00143004742664302,-0.01671,0.0191208605447708));
#14063=CARTESIAN_POINT('',(-0.0013975952540309,-0.01671,0.0192238132551591));
#14064=CARTESIAN_POINT('',(-0.00137150494943904,-0.01671,0.0193281098325861));
#14065=CARTESIAN_POINT('',(-0.00135303789228675,-0.01671,0.0194335873229989));
#14066=CARTESIAN_POINT('',(-0.00134266544768793,-0.01671,0.0195407654129992));
#14067=CARTESIAN_POINT('',(-0.00134086746463839,-0.01671,0.0196125332257491));
#14068=CARTESIAN_POINT('',(-0.00133996359310002,-0.01671,0.0196486119214476));
#14069=CARTESIAN_POINT('',(-0.00133996359310002,-0.01671,0.0196486119214476));
#14070=CARTESIAN_POINT('',(-0.00133996359310002,-0.01671,0.0196486119214476));
#14071=CARTESIAN_POINT('',(-0.00134083552927323,-0.01671,0.0196854906088634));
#14072=CARTESIAN_POINT('',(-0.00134257702065205,-0.01671,0.0197591472802698));
#14073=CARTESIAN_POINT('',(-0.00135349406649153,-0.01671,0.0198691169111165));
#14074=CARTESIAN_POINT('',(-0.00137443802429918,-0.01671,0.0199772291108004));
#14075=CARTESIAN_POINT('',(-0.00140002081567554,-0.01671,0.0200845038027046));
#14076=CARTESIAN_POINT('',(-0.00143623255821568,-0.01671,0.0201895717678435));
#14077=CARTESIAN_POINT('',(-0.00147832758224451,-0.01671,0.0202939716880548));
#14078=CARTESIAN_POINT('',(-0.00152908474346293,-0.01671,0.0203967332941509));
#14079=CARTESIAN_POINT('',(-0.00158753274805814,-0.01671,0.0204971402911889));
#14080=CARTESIAN_POINT('',(-0.00165212406712874,-0.01671,0.02059485187542));
#14081=CARTESIAN_POINT('',(-0.00172315156668762,-0.01671,0.0206876668995255));
#14082=CARTESIAN_POINT('',(-0.00180074939337776,-0.01671,0.0207745006613134));
#14083=CARTESIAN_POINT('',(-0.00188349087070408,-0.01671,0.0208566227068187));
#14084=CARTESIAN_POINT('',(-0.00197213091293695,-0.01671,0.0209335144385868));
#14085=CARTESIAN_POINT('',(-0.00206752922192796,-0.01671,0.0210042491305792));
#14086=CARTESIAN_POINT('',(-0.00216835047425999,-0.01671,0.0210699205345643));
#14087=CARTESIAN_POINT('',(-0.00227463937507445,-0.01671,0.0211298072042292));
#14088=CARTESIAN_POINT('',(-0.00238527249498196,-0.01671,0.0211833013381806));
#14089=CARTESIAN_POINT('',(-0.00249870841647717,-0.01671,0.0212308718640291));
#14090=CARTESIAN_POINT('',(-0.00261531173251115,-0.01671,0.0212700481536767));
#14091=CARTESIAN_POINT('',(-0.00273446906572785,-0.01671,0.02130197744115));
#14092=CARTESIAN_POINT('',(-0.00285603852624375,-0.01671,0.0213281492024013));
#14093=CARTESIAN_POINT('',(-0.00298063715596188,-0.01671,0.0213449863246954));
#14094=CARTESIAN_POINT('',(-0.00310734882320946,-0.01671,0.0213572044166521));
#14095=CARTESIAN_POINT('',(-0.00319276440266104,-0.01671,0.0213580977539389));
#14096=CARTESIAN_POINT('',(-0.00323579692643335,-0.01671,0.0213585478188835));
#14097=CARTESIAN_POINT('',(-0.00323579692643335,-0.01671,0.0213585478188835));
#14098=CARTESIAN_POINT('',(-0.00323579692643335,-0.01671,0.0213585478188835));
#14099=CARTESIAN_POINT('',(-0.00328765810610914,-0.01671,0.0213574641813687));
#14100=CARTESIAN_POINT('',(-0.0033894959581141,-0.01671,0.0213553362830534));
#14101=CARTESIAN_POINT('',(-0.00353919174986853,-0.01671,0.0213387581424491));
#14102=CARTESIAN_POINT('',(-0.00368297761018417,-0.01671,0.0213128993261808));
#14103=CARTESIAN_POINT('',(-0.00382038538450384,-0.01671,0.021274911814499));
#14104=CARTESIAN_POINT('',(-0.00395191398035911,-0.01671,0.0212268291058514));
#14105=CARTESIAN_POINT('',(-0.00407707743536632,-0.01671,0.0211673675406041));
#14106=CARTESIAN_POINT('',(-0.00419622454551456,-0.01671,0.0210971547317598));
#14107=CARTESIAN_POINT('',(-0.00430882774685736,-0.01671,0.0210176051083285));
#14108=CARTESIAN_POINT('',(-0.00441225363361644,-0.01671,0.0209289951250562));
#14109=CARTESIAN_POINT('',(-0.00450626192946795,-0.01671,0.0208341521708762));
#14110=CARTESIAN_POINT('',(-0.00458809786660983,-0.01671,0.0207323194874684));
#14111=CARTESIAN_POINT('',(-0.00465829514606089,-0.01671,0.0206235192371857));
#14112=CARTESIAN_POINT('',(-0.00471871479109371,-0.01671,0.0205093534656359));
#14113=CARTESIAN_POINT('',(-0.00476691074870212,-0.01671,0.0203878653914144));
#14114=CARTESIAN_POINT('',(-0.00480418799748419,-0.01671,0.0202604119721871));
#14115=CARTESIAN_POINT('',(-0.00481943766641188,-0.01671,0.0201723001054644));
#14116=CARTESIAN_POINT('',(-0.00482714308027951,-0.01671,0.0201277785881143));
#14117=CARTESIAN_POINT('',(-0.00482714308027951,-0.01671,0.0201277785881143));
#14118=CARTESIAN_POINT('',(-0.00482714308027951,-0.01671,0.0201277785881143));
#14119=CARTESIAN_POINT('',(-0.00349380974694618,-0.01671,0.0201277785881143));
#14120=CARTESIAN_POINT('',(-0.00349380974694618,-0.01671,0.0201277785881143));
#14121=CARTESIAN_POINT('',(-0.00349380974694618,-0.01671,0.0197175221778579));
#14122=CARTESIAN_POINT('',(-0.00349380974694618,-0.01671,0.0197175221778579));
#14123=CARTESIAN_POINT('',(-0.00518611743925387,-0.01671,0.0197175221778579));
#14124=CARTESIAN_POINT('',(-0.00518611743925387,-0.01671,0.0197175221778579));
#14125=CARTESIAN_POINT('',(-0.00518416789824935,-0.01671,0.0197939878793674));
#14126=CARTESIAN_POINT('',(-0.00518035229433937,-0.01671,0.019943645069949));
#14127=CARTESIAN_POINT('',(-0.00515358781930623,-0.01671,0.0201618968080457));
#14128=CARTESIAN_POINT('',(-0.00511036894814471,-0.01671,0.0203680358861165));
#14129=CARTESIAN_POINT('',(-0.00505132859173074,-0.01671,0.0205622793965911));
#14130=CARTESIAN_POINT('',(-0.00497489969995727,-0.01671,0.0207443520740266));
#14131=CARTESIAN_POINT('',(-0.00488190252458633,-0.01671,0.0209144387781881));
#14132=CARTESIAN_POINT('',(-0.00477084867193902,-0.01671,0.0210714406991789));
#14133=CARTESIAN_POINT('',(-0.00464569388164235,-0.01671,0.0212166395604502));
#14134=CARTESIAN_POINT('',(-0.00450523678702975,-0.01671,0.0213461586600765));
#14135=CARTESIAN_POINT('',(-0.00435327264991252,-0.01671,0.0214599940177283));
#14136=CARTESIAN_POINT('',(-0.00418955040036679,-0.01671,0.0215558827209787));
#14137=CARTESIAN_POINT('',(-0.00401422490609302,-0.01671,0.0216338949065832));
#14138=CARTESIAN_POINT('',(-0.00382787012501981,-0.01671,0.0216947794722002));
#14139=CARTESIAN_POINT('',(-0.00363005483384323,-0.01671,0.0217379469884099));
#14140=CARTESIAN_POINT('',(-0.00342104729020417,-0.01671,0.0217638098036641));
#14141=CARTESIAN_POINT('',(-0.00327780537375922,-0.01671,0.0217671142372652));
#14142=CARTESIAN_POINT('',(-0.00320454692643335,-0.01671,0.0217688042291399));
#14143=CARTESIAN_POINT('',(-0.00320454692643335,-0.01671,0.0217688042291399));
#14144=CARTESIAN_POINT('',(-0.00320454692643335,-0.01671,0.0217688042291399));
#14145=CARTESIAN_POINT('',(-0.00315939248601743,-0.01671,0.0217681538048747));
#14146=CARTESIAN_POINT('',(-0.00307033337647684,-0.01671,0.0217668709585955));
#14147=CARTESIAN_POINT('',(-0.00293880088725035,-0.01671,0.0217577539901052));
#14148=CARTESIAN_POINT('',(-0.00281089503516156,-0.01671,0.0217437190457661));
#14149=CARTESIAN_POINT('',(-0.00268663445357306,-0.01671,0.0217225246189348));
#14150=CARTESIAN_POINT('',(-0.00256556206251163,-0.01671,0.0216965650141834));
#14151=CARTESIAN_POINT('',(-0.0024482825368854,-0.01671,0.0216633230498638));
#14152=CARTESIAN_POINT('',(-0.0023343491174022,-0.01671,0.0216248445363236));
#14153=CARTESIAN_POINT('',(-0.00222358570524009,-0.01671,0.021581078052354));
#14154=CARTESIAN_POINT('',(-0.00211699765177422,-0.01671,0.02153036758759));
#14155=CARTESIAN_POINT('',(-0.00201411020380608,-0.01671,0.0214740137138895));
#14156=CARTESIAN_POINT('',(-0.00191435463153684,-0.01671,0.0214123070158922));
#14157=CARTESIAN_POINT('',(-0.00181841044299335,-0.01671,0.0213441803350635));
#14158=CARTESIAN_POINT('',(-0.00172577773273575,-0.01671,0.0212701432377262));
#14159=CARTESIAN_POINT('',(-0.00163705379718673,-0.01671,0.0211900473303208));
#14160=CARTESIAN_POINT('',(-0.00155174193653827,-0.01671,0.0211041374791892));
#14161=CARTESIAN_POINT('',(-0.00149830140677692,-0.01671,0.0210431328967901));
#14162=CARTESIAN_POINT('',(-0.00147137384951028,-0.01671,0.0210123939727297));
#14163=CARTESIAN_POINT('',(-0.00147137384951028,-0.01671,0.0210123939727297));
#14164=CARTESIAN_POINT('',(-0.00147137384951028,-0.01671,0.0210123939727297));
#14165=CARTESIAN_POINT('',(-0.00143230421301237,-0.01671,0.0209636275121464));
#14166=CARTESIAN_POINT('',(-0.00135481345571393,-0.01671,0.0208669040639626));
#14167=CARTESIAN_POINT('',(-0.00125506699100617,-0.01671,0.0207119326989014));
#14168=CARTESIAN_POINT('',(-0.00117003681634244,-0.01671,0.0205514734301363));
#14169=CARTESIAN_POINT('',(-0.0011010450196164,-0.01671,0.0203850795691566));
#14170=CARTESIAN_POINT('',(-0.00104717292093964,-0.01671,0.0202129067544753));
#14171=CARTESIAN_POINT('',(-0.001008537203514,-0.01671,0.0200351749930723));
#14172=CARTESIAN_POINT('',(-0.000985900301584,-0.01671,0.019851655415315));
#14173=CARTESIAN_POINT('',(-0.00098263911593754,-0.01671,0.0197274665414106));
#14174=CARTESIAN_POINT('',(-0.000980989234125662,-0.01671,0.0196646375624733));
#14175=CARTESIAN_POINT('',(-0.000980989234125662,-0.01671,0.0196646375624733));
#14176=CARTESIAN_POINT('',(-0.000980989234125662,-0.01671,0.0196646375624733));
#14177=CARTESIAN_POINT('',(-0.000981599154320581,-0.01671,0.0196175909111452));
#14178=CARTESIAN_POINT('',(-0.000982811242997298,-0.01671,0.0195240955426898));
#14179=CARTESIAN_POINT('',(-0.000997444730623143,-0.01671,0.0193852799149737));
#14180=CARTESIAN_POINT('',(-0.00101856561766628,-0.01671,0.0192489634857542));
#14181=CARTESIAN_POINT('',(-0.00104915840957545,-0.01671,0.0191150200388913));
#14182=CARTESIAN_POINT('',(-0.00108941085584856,-0.01671,0.0189840442236197));
#14183=CARTESIAN_POINT('',(-0.00113775249612565,-0.01671,0.0188550296313058));
#14184=CARTESIAN_POINT('',(-0.00119437430597558,-0.01671,0.0187284919237193));
#14185=CARTESIAN_POINT('',(-0.00126044988220161,-0.01671,0.0186055526399227));
#14186=CARTESIAN_POINT('',(-0.00133237238151076,-0.01671,0.0184862538217721));
#14187=CARTESIAN_POINT('',(-0.00141324809740574,-0.01671,0.018374350424008));
#14188=CARTESIAN_POINT('',(-0.0014985842418967,-0.01671,0.0182676787010414));
#14189=CARTESIAN_POINT('',(-0.00159246916917264,-0.01671,0.0181692587348834));
#14190=CARTESIAN_POINT('',(-0.00169138479711406,-0.01671,0.0180759464037361));
#14191=CARTESIAN_POINT('',(-0.0017977915086339,-0.01671,0.0179902011339229));
#14192=CARTESIAN_POINT('',(-0.00190994354667516,-0.01671,0.0179105762450474));
#14193=CARTESIAN_POINT('',(-0.00202874649785651,-0.01671,0.0178386298636907));
#14194=CARTESIAN_POINT('',(-0.00215231591512743,-0.01671,0.0177739805387856));
#14195=CARTESIAN_POINT('',(-0.00228038584709069,-0.01671,0.0177173085417374));
#14196=CARTESIAN_POINT('',(-0.00241290903535147,-0.01671,0.0176704700920529));
#14197=CARTESIAN_POINT('',(-0.00254889482371776,-0.01671,0.0176307287313854));
#14198=CARTESIAN_POINT('',(-0.00268937194025947,-0.01671,0.0176013399716543));
#14199=CARTESIAN_POINT('',(-0.00283332113269996,-0.01671,0.01758002712738));
#14200=CARTESIAN_POINT('',(-0.00298149268727867,-0.01671,0.0175654435828557));
#14201=CARTESIAN_POINT('',(-0.0030816481496415,-0.01671,0.0175642707193554));
#14202=CARTESIAN_POINT('',(-0.00313243154181797,-0.01671,0.0175636760240117));
#14203=CARTESIAN_POINT('',(-0.00600663025976669,-0.01671,0.0216662401265758));
#14204=CARTESIAN_POINT('',(-0.00600663025976669,-0.01671,0.0216662401265758));
#14205=CARTESIAN_POINT('',(-0.00600663025976669,-0.01671,0.0176662401265758));
#14206=CARTESIAN_POINT('',(-0.00600663025976669,-0.01671,0.0176662401265758));
#14207=CARTESIAN_POINT('',(-0.00826304051617694,-0.01671,0.0176662401265758));
#14208=CARTESIAN_POINT('',(-0.00826304051617694,-0.01671,0.0176662401265758));
#14209=CARTESIAN_POINT('',(-0.00826304051617694,-0.01671,0.0180764965368322));
#14210=CARTESIAN_POINT('',(-0.00826304051617694,-0.01671,0.0180764965368322));
#14211=CARTESIAN_POINT('',(-0.00636560461874105,-0.01671,0.0180764965368322));
#14212=CARTESIAN_POINT('',(-0.00636560461874105,-0.01671,0.0180764965368322));
#14213=CARTESIAN_POINT('',(-0.00636560461874105,-0.01671,0.0193072657676015));
#14214=CARTESIAN_POINT('',(-0.00636560461874105,-0.01671,0.0193072657676015));
#14215=CARTESIAN_POINT('',(-0.00826304051617694,-0.01671,0.0193072657676015));
#14216=CARTESIAN_POINT('',(-0.00826304051617694,-0.01671,0.0193072657676015));
#14217=CARTESIAN_POINT('',(-0.00826304051617694,-0.01671,0.0197175221778579));
#14218=CARTESIAN_POINT('',(-0.00826304051617694,-0.01671,0.0197175221778579));
#14219=CARTESIAN_POINT('',(-0.00636560461874105,-0.01671,0.0197175221778579));
#14220=CARTESIAN_POINT('',(-0.00636560461874105,-0.01671,0.0197175221778579));
#14221=CARTESIAN_POINT('',(-0.00636560461874105,-0.01671,0.0212559837163194));
#14222=CARTESIAN_POINT('',(-0.00636560461874105,-0.01671,0.0212559837163194));
#14223=CARTESIAN_POINT('',(-0.00826304051617694,-0.01671,0.0212559837163194));
#14224=CARTESIAN_POINT('',(-0.00826304051617694,-0.01671,0.0212559837163194));
#14225=CARTESIAN_POINT('',(-0.00826304051617694,-0.01671,0.0216662401265758));
#14226=CARTESIAN_POINT('',(-0.00826304051617694,-0.01671,0.0216662401265758));
#14227=CARTESIAN_POINT('',(-0.00898098923412566,-0.01671,0.0216662401265758));
#14228=CARTESIAN_POINT('',(-0.00898098923412566,-0.01671,0.0216662401265758));
#14229=CARTESIAN_POINT('',(-0.00898098923412566,-0.01671,0.0176662401265758));
#14230=CARTESIAN_POINT('',(-0.00898098923412566,-0.01671,0.0176662401265758));
#14231=CARTESIAN_POINT('',(-0.00978147000335643,-0.01671,0.0176662401265758));
#14232=CARTESIAN_POINT('',(-0.00978147000335643,-0.01671,0.0176662401265758));
#14233=CARTESIAN_POINT('',(-0.00983488843594338,-0.01671,0.0176664179391336));
#14234=CARTESIAN_POINT('',(-0.00993745774383945,-0.01671,0.0176667593589413));
#14235=CARTESIAN_POINT('',(-0.0100843986242505,-0.01671,0.0176686630879792));
#14236=CARTESIAN_POINT('',(-0.0102179153065364,-0.01671,0.0176741194945029));
#14237=CARTESIAN_POINT('',(-0.0103379379800417,-0.01671,0.0176788150184767));
#14238=CARTESIAN_POINT('',(-0.0104444644428718,-0.01671,0.0176873772371318));
#14239=CARTESIAN_POINT('',(-0.0105378213465837,-0.01671,0.0176955608338401));
#14240=CARTESIAN_POINT('',(-0.0106175787151565,-0.01671,0.0177062735890161));
#14241=CARTESIAN_POINT('',(-0.0106658596880737,-0.01671,0.0177162226438339));
#14242=CARTESIAN_POINT('',(-0.0106877200033564,-0.01671,0.017720727306063));
#14243=CARTESIAN_POINT('',(-0.0106877200033564,-0.01671,0.017720727306063));
#14244=CARTESIAN_POINT('',(-0.0106877200033564,-0.01671,0.017720727306063));
#14245=CARTESIAN_POINT('',(-0.0107169852093948,-0.01671,0.0177279570944166));
#14246=CARTESIAN_POINT('',(-0.0107748913151865,-0.01671,0.0177422624401129));
#14247=CARTESIAN_POINT('',(-0.0108582556706843,-0.01671,0.0177725135993518));
#14248=CARTESIAN_POINT('',(-0.0109377269857901,-0.01671,0.0178074646027187));
#14249=CARTESIAN_POINT('',(-0.0110130142344781,-0.01671,0.017848829400555));
#14250=CARTESIAN_POINT('',(-0.011084097688605,-0.01671,0.0178959094960408));
#14251=CARTESIAN_POINT('',(-0.0111509701863156,-0.01671,0.0179488941527689));
#14252=CARTESIAN_POINT('',(-0.0112127350989982,-0.01671,0.0180082373411055));
#14253=CARTESIAN_POINT('',(-0.0112715899271579,-0.01671,0.0180714808330678));
#14254=CARTESIAN_POINT('',(-0.0113229814342092,-0.01671,0.0181413781717087));
#14255=CARTESIAN_POINT('',(-0.0113692474239089,-0.01671,0.018214382252951));
#14256=CARTESIAN_POINT('',(-0.0114080861370462,-0.01671,0.0182918985874002));
#14257=CARTESIAN_POINT('',(-0.0114386478700189,-0.01671,0.0183735361998572));
#14258=CARTESIAN_POINT('',(-0.0114642686656226,-0.01671,0.0184584942668396));
#14259=CARTESIAN_POINT('',(-0.0114814882322038,-0.01671,0.0185476122894454));
#14260=CARTESIAN_POINT('',(-0.0114922128795583,-0.01671,0.0186406003226848));
#14261=CARTESIAN_POINT('',(-0.0114932724751906,-0.01671,0.0187038703641773));
#14262=CARTESIAN_POINT('',(-0.0114938097469462,-0.01671,0.0187359516650374));
#14263=CARTESIAN_POINT('',(-0.0114938097469462,-0.01671,0.0187359516650374));
#14264=CARTESIAN_POINT('',(-0.0114938097469462,-0.01671,0.0187359516650374));
#14265=CARTESIAN_POINT('',(-0.011492130935535,-0.01671,0.0187892489887798));
#14266=CARTESIAN_POINT('',(-0.0114888551396489,-0.01671,0.018893245871751));
#14267=CARTESIAN_POINT('',(-0.011458311555421,-0.01671,0.0190441717366933));
#14268=CARTESIAN_POINT('',(-0.0114082834726952,-0.01671,0.0191849626575592));
#14269=CARTESIAN_POINT('',(-0.011339334371639,-0.01671,0.019315422702217));
#14270=CARTESIAN_POINT('',(-0.0112515710300806,-0.01671,0.0194330775824896));
#14271=CARTESIAN_POINT('',(-0.0111460994505192,-0.01671,0.0195360681789682));
#14272=CARTESIAN_POINT('',(-0.0110234582689956,-0.01671,0.0196230484301334));
#14273=CARTESIAN_POINT('',(-0.0109087513494263,-0.01671,0.0196827245486209));
#14274=CARTESIAN_POINT('',(-0.010807377196352,-0.01671,0.0197211227210437));
#14275=CARTESIAN_POINT('',(-0.0107236747164557,-0.01671,0.0197482754436972));
#14276=CARTESIAN_POINT('',(-0.0106323001289625,-0.01671,0.0197689005599579));
#14277=CARTESIAN_POINT('',(-0.0105345643412142,-0.01671,0.0197876459088174));
#14278=CARTESIAN_POINT('',(-0.0104297124321339,-0.01671,0.0198019501159438));
#14279=CARTESIAN_POINT('',(-0.0103179555477689,-0.01671,0.0198121088216015));
#14280=CARTESIAN_POINT('',(-0.0101990141775691,-0.01671,0.0198186409466371));
#14281=CARTESIAN_POINT('',(-0.0101174830213857,-0.01671,0.0198195953180652));
#14282=CARTESIAN_POINT('',(-0.0100755405161769,-0.01671,0.019820086280422));
#14283=CARTESIAN_POINT('',(-0.0100755405161769,-0.01671,0.019820086280422));
#14284=CARTESIAN_POINT('',(-0.0100755405161769,-0.01671,0.019820086280422));
#14285=CARTESIAN_POINT('',(-0.0115450917982282,-0.01671,0.0216662401265758));
#14286=CARTESIAN_POINT('',(-0.0115450917982282,-0.01671,0.0216662401265758));
#14287=CARTESIAN_POINT('',(-0.011101181541818,-0.01671,0.0216662401265758));
#14288=CARTESIAN_POINT('',(-0.011101181541818,-0.01671,0.0216662401265758));
#14289=CARTESIAN_POINT('',(-0.00963163025976668,-0.01671,0.019820086280422));
#14290=CARTESIAN_POINT('',(-0.00963163025976669,-0.01671,0.019820086280422));
#14291=CARTESIAN_POINT('',(-0.00933996359310002,-0.01671,0.019820086280422));
#14292=CARTESIAN_POINT('',(-0.00933996359310002,-0.01671,0.019820086280422));
#14293=CARTESIAN_POINT('',(-0.00933996359310002,-0.01671,0.0216662401265758));
#14294=CARTESIAN_POINT('',(-0.00933996359310002,-0.01671,0.0216662401265758));
#14295=CARTESIAN_POINT('',(-1.84314369322536E-18,-0.01671,0.0195));
#14296=CARTESIAN_POINT('',(0.014161981516691,-0.01671,0.0195));
#14297=CARTESIAN_POINT('',(-0.015,-0.0167,0.0105));
#14298=CARTESIAN_POINT('',(-0.015,-0.0165,0.0105));
#14299=CARTESIAN_POINT('',(-0.015,-0.0165,0.0285));
#14300=CARTESIAN_POINT('',(-0.015,-0.0165,0.0105));
#14301=CARTESIAN_POINT('',(-0.015,-0.0167,0.0105));
#14302=CARTESIAN_POINT('',(-0.015,-0.0167,0.0105));
#14303=CARTESIAN_POINT('',(-0.015,-0.0167,0.0105));
#14304=CARTESIAN_POINT('',(-0.015,-0.0167,0.0285));
#14305=CARTESIAN_POINT('',(-0.015,-0.0167,0.0285));
#14306=CARTESIAN_POINT('',(-0.015,-0.0167,0.0105));
#14307=CARTESIAN_POINT('',(-0.015,-0.0165,0.0105));
#14308=CARTESIAN_POINT('',(0.015,-0.0165,0.0105));
#14309=CARTESIAN_POINT('',(0.015,-0.0167,0.0105));
#14310=CARTESIAN_POINT('',(0.015,-0.0167,0.0105));
#14311=CARTESIAN_POINT('',(-0.015,-0.0167,0.0105));
#14312=CARTESIAN_POINT('',(0.015,-0.0167,0.0105));
#14313=CARTESIAN_POINT('',(0.015,-0.0165,0.0105));
#14314=CARTESIAN_POINT('',(0.015,-0.0165,0.0285));
#14315=CARTESIAN_POINT('',(0.015,-0.0167,0.0285));
#14316=CARTESIAN_POINT('',(0.015,-0.0167,0.0285));
#14317=CARTESIAN_POINT('',(0.015,-0.0167,0.0105));
#14318=CARTESIAN_POINT('',(-0.015,-0.0167,0.0285));
#14319=CARTESIAN_POINT('',(-0.015,-0.0165,0.0285));
#14320=CARTESIAN_POINT('',(-0.015,-0.0167,0.0285));
#14321=CARTESIAN_POINT('',(0.,-0.0167,0.));
#14322=CARTESIAN_POINT('',(-1.84314369322536E-18,-0.0167,0.0195));
#14323=CARTESIAN_POINT('',(0.014161981516691,-0.0167,0.0195));
#14324=CARTESIAN_POINT('',(0.,-0.0165,0.));
#14325=CARTESIAN_POINT('',(0.0134245936444272,-0.01671,0.0170462606403885));
#14326=CARTESIAN_POINT('',(0.0134245936444272,-0.0167,0.0170462606403885));
#14327=CARTESIAN_POINT('',(0.0145306754528229,-0.01671,0.0195));
#14328=CARTESIAN_POINT('',(0.0145306754528229,-0.0167,0.0195));
#14329=CARTESIAN_POINT('',(0.0134245936444272,-0.01671,0.0219537393596115));
#14330=CARTESIAN_POINT('',(0.0134245936444272,-0.0167,0.0219537393596115));
#14331=CARTESIAN_POINT('',(0.010274739147912,-0.01671,0.0240339191449249));
#14332=CARTESIAN_POINT('',(0.010274739147912,-0.0167,0.0240339191449249));
#14333=CARTESIAN_POINT('',(0.00556064875686941,-0.01671,0.0254238508405028));
#14334=CARTESIAN_POINT('',(0.00556064875686941,-0.0167,0.0254238508405028));
#14335=CARTESIAN_POINT('',(5.60396997903445E-18,-0.01671,0.0259119299454558));
#14336=CARTESIAN_POINT('',(5.60396997903445E-18,-0.0167,0.0259119299454558));
#14337=CARTESIAN_POINT('',(-0.00556064875686942,-0.01671,0.0254238508405028));
#14338=CARTESIAN_POINT('',(-0.00556064875686942,-0.0167,0.0254238508405028));
#14339=CARTESIAN_POINT('',(-0.010274739147912,-0.01671,0.0240339191449249));
#14340=CARTESIAN_POINT('',(-0.010274739147912,-0.0167,0.0240339191449249));
#14341=CARTESIAN_POINT('',(-0.0134245936444272,-0.01671,0.0219537393596115));
#14342=CARTESIAN_POINT('',(-0.0134245936444272,-0.0167,0.0219537393596115));
#14343=CARTESIAN_POINT('',(-0.0145306754528229,-0.01671,0.0195));
#14344=CARTESIAN_POINT('',(-0.0145306754528229,-0.0167,0.0195));
#14345=CARTESIAN_POINT('',(-0.0134245936444273,-0.01671,0.0170462606403885));
#14346=CARTESIAN_POINT('',(-0.0134245936444273,-0.0167,0.0170462606403885));
#14347=CARTESIAN_POINT('',(-0.0102747391479119,-0.01671,0.0149660808550751));
#14348=CARTESIAN_POINT('',(-0.0102747391479119,-0.0167,0.0149660808550751));
#14349=CARTESIAN_POINT('',(-0.00556064875686946,-0.01671,0.0135761491594972));
#14350=CARTESIAN_POINT('',(-0.00556064875686946,-0.0167,0.0135761491594972));
#14351=CARTESIAN_POINT('',(4.98597474071771E-17,-0.01671,0.0130880700545442));
#14352=CARTESIAN_POINT('',(4.98597474071771E-17,-0.0167,0.0130880700545442));
#14353=CARTESIAN_POINT('',(0.00556064875686937,-0.01671,0.0135761491594972));
#14354=CARTESIAN_POINT('',(0.00556064875686937,-0.0167,0.0135761491594972));
#14355=CARTESIAN_POINT('',(0.0102747391479119,-0.01671,0.0149660808550751));
#14356=CARTESIAN_POINT('',(0.0102747391479119,-0.0167,0.0149660808550751));
#14357=CARTESIAN_POINT('',(0.0134245936444272,-0.01671,0.0170462606403885));
#14358=CARTESIAN_POINT('',(0.0134245936444272,-0.0167,0.0170462606403885));
#14359=CARTESIAN_POINT('',(0.0145306754528229,-0.01671,0.0195));
#14360=CARTESIAN_POINT('',(0.0145306754528229,-0.0167,0.0195));
#14361=CARTESIAN_POINT('',(0.0134245936444272,-0.01671,0.0219537393596115));
#14362=CARTESIAN_POINT('',(0.0134245936444272,-0.0167,0.0219537393596115));
#14363=CARTESIAN_POINT('',(-0.0102359654888484,-0.01672,0.0176748039345129));
#14364=CARTESIAN_POINT('',(-0.00898098923412566,-0.01672,0.0216662401265758));
#14365=CARTESIAN_POINT('',(-0.00898098923412566,-0.01672,0.0216662401265758));
#14366=CARTESIAN_POINT('',(-0.00898098923412566,-0.01672,0.0176662401265758));
#14367=CARTESIAN_POINT('',(-0.00933996359310002,-0.01672,0.0216662401265758));
#14368=CARTESIAN_POINT('',(-0.00933996359310002,-0.01672,0.0216662401265758));
#14369=CARTESIAN_POINT('',(-0.00933996359310002,-0.01672,0.019820086280422));
#14370=CARTESIAN_POINT('',(-0.00933996359310002,-0.01672,0.019820086280422));
#14371=CARTESIAN_POINT('',(-0.00963163025976669,-0.01672,0.019820086280422));
#14372=CARTESIAN_POINT('',(-0.00963163025976669,-0.01672,0.019820086280422));
#14373=CARTESIAN_POINT('',(-0.011101181541818,-0.01672,0.0216662401265758));
#14374=CARTESIAN_POINT('',(-0.011101181541818,-0.01672,0.0216662401265758));
#14375=CARTESIAN_POINT('',(-0.0115450917982282,-0.01672,0.0216662401265758));
#14376=CARTESIAN_POINT('',(-0.0115450917982282,-0.01672,0.0216662401265758));
#14377=CARTESIAN_POINT('',(-0.0100755405161769,-0.01672,0.019820086280422));
#14378=CARTESIAN_POINT('',(-0.0100755405161769,-0.01672,0.019820086280422));
#14379=CARTESIAN_POINT('',(-0.0114938097469462,-0.01672,0.0187359516650374));
#14380=CARTESIAN_POINT('',(-0.011492130935535,-0.01672,0.0187892489887798));
#14381=CARTESIAN_POINT('',(-0.0114888551396489,-0.01672,0.018893245871751));
#14382=CARTESIAN_POINT('',(-0.011458311555421,-0.01672,0.0190441717366933));
#14383=CARTESIAN_POINT('',(-0.0114082834726952,-0.01672,0.0191849626575592));
#14384=CARTESIAN_POINT('',(-0.011339334371639,-0.01672,0.019315422702217));
#14385=CARTESIAN_POINT('',(-0.0112515710300806,-0.01672,0.0194330775824896));
#14386=CARTESIAN_POINT('',(-0.0111460994505192,-0.01672,0.0195360681789682));
#14387=CARTESIAN_POINT('',(-0.0110234582689956,-0.01672,0.0196230484301334));
#14388=CARTESIAN_POINT('',(-0.0109087513494263,-0.01672,0.0196827245486209));
#14389=CARTESIAN_POINT('',(-0.010807377196352,-0.01672,0.0197211227210437));
#14390=CARTESIAN_POINT('',(-0.0107236747164557,-0.01672,0.0197482754436972));
#14391=CARTESIAN_POINT('',(-0.0106323001289625,-0.01672,0.0197689005599579));
#14392=CARTESIAN_POINT('',(-0.0105345643412142,-0.01672,0.0197876459088174));
#14393=CARTESIAN_POINT('',(-0.0104297124321339,-0.01672,0.0198019501159438));
#14394=CARTESIAN_POINT('',(-0.0103179555477689,-0.01672,0.0198121088216015));
#14395=CARTESIAN_POINT('',(-0.0101990141775691,-0.01672,0.0198186409466371));
#14396=CARTESIAN_POINT('',(-0.0101174830213857,-0.01672,0.0198195953180652));
#14397=CARTESIAN_POINT('',(-0.0100755405161769,-0.01672,0.019820086280422));
#14398=CARTESIAN_POINT('',(-0.0114938097469462,-0.01672,0.0187359516650374));
#14399=CARTESIAN_POINT('',(-0.0106877200033564,-0.01672,0.017720727306063));
#14400=CARTESIAN_POINT('',(-0.0107169852093948,-0.01672,0.0177279570944166));
#14401=CARTESIAN_POINT('',(-0.0107748913151865,-0.01672,0.0177422624401129));
#14402=CARTESIAN_POINT('',(-0.0108582556706843,-0.01672,0.0177725135993518));
#14403=CARTESIAN_POINT('',(-0.0109377269857901,-0.01672,0.0178074646027187));
#14404=CARTESIAN_POINT('',(-0.0110130142344781,-0.01672,0.017848829400555));
#14405=CARTESIAN_POINT('',(-0.011084097688605,-0.01672,0.0178959094960408));
#14406=CARTESIAN_POINT('',(-0.0111509701863156,-0.01672,0.0179488941527689));
#14407=CARTESIAN_POINT('',(-0.0112127350989982,-0.01672,0.0180082373411055));
#14408=CARTESIAN_POINT('',(-0.0112715899271579,-0.01672,0.0180714808330678));
#14409=CARTESIAN_POINT('',(-0.0113229814342092,-0.01672,0.0181413781717087));
#14410=CARTESIAN_POINT('',(-0.0113692474239089,-0.01672,0.018214382252951));
#14411=CARTESIAN_POINT('',(-0.0114080861370462,-0.01672,0.0182918985874002));
#14412=CARTESIAN_POINT('',(-0.0114386478700189,-0.01672,0.0183735361998572));
#14413=CARTESIAN_POINT('',(-0.0114642686656226,-0.01672,0.0184584942668396));
#14414=CARTESIAN_POINT('',(-0.0114814882322038,-0.01672,0.0185476122894454));
#14415=CARTESIAN_POINT('',(-0.0114922128795583,-0.01672,0.0186406003226848));
#14416=CARTESIAN_POINT('',(-0.0114932724751906,-0.01672,0.0187038703641773));
#14417=CARTESIAN_POINT('',(-0.0114938097469462,-0.01672,0.0187359516650374));
#14418=CARTESIAN_POINT('',(-0.0106877200033564,-0.01672,0.017720727306063));
#14419=CARTESIAN_POINT('',(-0.00978147000335643,-0.01672,0.0176662401265758));
#14420=CARTESIAN_POINT('',(-0.00983488843594338,-0.01672,0.0176664179391336));
#14421=CARTESIAN_POINT('',(-0.00993745774383945,-0.01672,0.0176667593589413));
#14422=CARTESIAN_POINT('',(-0.0100843986242505,-0.01672,0.0176686630879792));
#14423=CARTESIAN_POINT('',(-0.0102179153065364,-0.01672,0.0176741194945029));
#14424=CARTESIAN_POINT('',(-0.0103379379800417,-0.01672,0.0176788150184767));
#14425=CARTESIAN_POINT('',(-0.0104444644428718,-0.01672,0.0176873772371318));
#14426=CARTESIAN_POINT('',(-0.0105378213465837,-0.01672,0.0176955608338401));
#14427=CARTESIAN_POINT('',(-0.0106175787151565,-0.01672,0.0177062735890161));
#14428=CARTESIAN_POINT('',(-0.0106658596880737,-0.01672,0.0177162226438339));
#14429=CARTESIAN_POINT('',(-0.0106877200033564,-0.01672,0.017720727306063));
#14430=CARTESIAN_POINT('',(-0.00978147000335643,-0.01672,0.0176662401265758));
#14431=CARTESIAN_POINT('',(-0.00898098923412566,-0.01672,0.0176662401265758));
#14432=CARTESIAN_POINT('',(-0.00933996359310002,-0.01672,0.0180764965368322));
#14433=CARTESIAN_POINT('',(-0.00933996359310002,-0.01672,0.0180764965368322));
#14434=CARTESIAN_POINT('',(-0.00933996359310002,-0.01672,0.0194098298701656));
#14435=CARTESIAN_POINT('',(-0.0100899635931,-0.01672,0.0180764965368322));
#14436=CARTESIAN_POINT('',(-0.0100899635931,-0.01672,0.0180764965368322));
#14437=CARTESIAN_POINT('',(-0.0111348353879718,-0.01672,0.0187351503829861));
#14438=CARTESIAN_POINT('',(-0.0111334785460329,-0.01672,0.0187029765793164));
#14439=CARTESIAN_POINT('',(-0.0111307897804105,-0.01672,0.0186392198403999));
#14440=CARTESIAN_POINT('',(-0.011108337497723,-0.01672,0.018546091687915));
#14441=CARTESIAN_POINT('',(-0.0110716764760579,-0.01672,0.0184575390378461));
#14442=CARTESIAN_POINT('',(-0.0110214969466341,-0.01672,0.0183747804321309));
#14443=CARTESIAN_POINT('',(-0.0109590431409421,-0.01672,0.0183002137599138));
#14444=CARTESIAN_POINT('',(-0.0108862985232572,-0.01672,0.0182366082817206));
#14445=CARTESIAN_POINT('',(-0.0108049749357341,-0.01672,0.0181837666633632));
#14446=CARTESIAN_POINT('',(-0.010729582678635,-0.01672,0.0181489016351286));
#14447=CARTESIAN_POINT('',(-0.0106617030960508,-0.01672,0.0181283869982601));
#14448=CARTESIAN_POINT('',(-0.0106030384772251,-0.01672,0.0181134954457257));
#14449=CARTESIAN_POINT('',(-0.010536174547008,-0.01672,0.0181030660772126));
#14450=CARTESIAN_POINT('',(-0.0104618982848588,-0.01672,0.0180934738443583));
#14451=CARTESIAN_POINT('',(-0.0103798834008338,-0.01672,0.0180853506929242));
#14452=CARTESIAN_POINT('',(-0.010290079915321,-0.01672,0.0180799589450593));
#14453=CARTESIAN_POINT('',(-0.0101925520382495,-0.01672,0.0180767362884991));
#14454=CARTESIAN_POINT('',(-0.010124955563981,-0.01672,0.0180765783139109));
#14455=CARTESIAN_POINT('',(-0.0100899635931,-0.01672,0.0180764965368322));
#14456=CARTESIAN_POINT('',(-0.0111348353879718,-0.0167199999999853,0.0187351503829861));
#14457=CARTESIAN_POINT('',(-0.0100723353879718,-0.01672,0.0194154388445245));
#14458=CARTESIAN_POINT('',(-0.0101065297224859,-0.01672,0.0194154539808274));
#14459=CARTESIAN_POINT('',(-0.0101728080818485,-0.01672,0.0194154833192935));
#14460=CARTESIAN_POINT('',(-0.0102686944975601,-0.01672,0.0194109188860214));
#14461=CARTESIAN_POINT('',(-0.0103579748237956,-0.01672,0.0194057269223775));
#14462=CARTESIAN_POINT('',(-0.0104403064492357,-0.01672,0.0193977834780684));
#14463=CARTESIAN_POINT('',(-0.0105157298558259,-0.01672,0.01938755235447));
#14464=CARTESIAN_POINT('',(-0.0105841952255991,-0.01672,0.0193747346357148));
#14465=CARTESIAN_POINT('',(-0.0106458538575829,-0.01672,0.0193598646172998));
#14466=CARTESIAN_POINT('',(-0.0107175368765867,-0.01672,0.019336614196053));
#14467=CARTESIAN_POINT('',(-0.0107985029645898,-0.01672,0.0193013664246147));
#14468=CARTESIAN_POINT('',(-0.010884680473621,-0.01672,0.0192467116916822));
#14469=CARTESIAN_POINT('',(-0.0109600402370621,-0.01672,0.0191806148476241));
#14470=CARTESIAN_POINT('',(-0.0110226935601818,-0.01672,0.0191040782489557));
#14471=CARTESIAN_POINT('',(-0.0110730167803549,-0.01672,0.0190195660266273));
#14472=CARTESIAN_POINT('',(-0.0111079707394738,-0.01672,0.0189289908171383));
#14473=CARTESIAN_POINT('',(-0.0111310051948,-0.01672,0.0188337797218829));
#14474=CARTESIAN_POINT('',(-0.0111335439369636,-0.01672,0.018768405875187));
#14475=CARTESIAN_POINT('',(-0.0111348353879718,-0.01672,0.0187351503829861));
#14476=CARTESIAN_POINT('',(-0.0100723353879718,-0.01672,0.0194154388445245));
#14477=CARTESIAN_POINT('',(-0.00933996359310002,-0.01672,0.0194098298701656));
#14478=CARTESIAN_POINT('',(-0.00898098923412566,-0.01672,0.0216662401265758));
#14479=CARTESIAN_POINT('',(-0.00898098923412566,-0.01672,0.0216662401265758));
#14480=CARTESIAN_POINT('',(-0.00898098923412566,-0.01672,0.0176662401265758));
#14481=CARTESIAN_POINT('',(-0.00933996359310002,-0.01672,0.0216662401265758));
#14482=CARTESIAN_POINT('',(-0.00933996359310002,-0.01672,0.0216662401265758));
#14483=CARTESIAN_POINT('',(-0.00933996359310002,-0.01672,0.019820086280422));
#14484=CARTESIAN_POINT('',(-0.00933996359310002,-0.01672,0.019820086280422));
#14485=CARTESIAN_POINT('',(-0.00963163025976669,-0.01672,0.019820086280422));
#14486=CARTESIAN_POINT('',(-0.00963163025976669,-0.01672,0.019820086280422));
#14487=CARTESIAN_POINT('',(-0.011101181541818,-0.01672,0.0216662401265758));
#14488=CARTESIAN_POINT('',(-0.011101181541818,-0.01672,0.0216662401265758));
#14489=CARTESIAN_POINT('',(-0.0115450917982282,-0.01672,0.0216662401265758));
#14490=CARTESIAN_POINT('',(-0.0115450917982282,-0.01672,0.0216662401265758));
#14491=CARTESIAN_POINT('',(-0.0100755405161769,-0.01672,0.019820086280422));
#14492=CARTESIAN_POINT('',(-0.0100755405161769,-0.01672,0.019820086280422));
#14493=CARTESIAN_POINT('',(-0.0114938097469462,-0.01672,0.0187359516650374));
#14494=CARTESIAN_POINT('',(-0.0114938097469462,-0.01671,0.0187359516650374));
#14495=CARTESIAN_POINT('',(-0.011492130935535,-0.01672,0.0187892489887798));
#14496=CARTESIAN_POINT('',(-0.011492130935535,-0.01671,0.0187892489887798));
#14497=CARTESIAN_POINT('',(-0.0114888551396489,-0.01672,0.018893245871751));
#14498=CARTESIAN_POINT('',(-0.0114888551396489,-0.01671,0.018893245871751));
#14499=CARTESIAN_POINT('',(-0.011458311555421,-0.01672,0.0190441717366933));
#14500=CARTESIAN_POINT('',(-0.011458311555421,-0.01671,0.0190441717366933));
#14501=CARTESIAN_POINT('',(-0.0114082834726952,-0.01672,0.0191849626575592));
#14502=CARTESIAN_POINT('',(-0.0114082834726952,-0.01671,0.0191849626575592));
#14503=CARTESIAN_POINT('',(-0.011339334371639,-0.01672,0.019315422702217));
#14504=CARTESIAN_POINT('',(-0.011339334371639,-0.01671,0.019315422702217));
#14505=CARTESIAN_POINT('',(-0.0112515710300806,-0.01672,0.0194330775824896));
#14506=CARTESIAN_POINT('',(-0.0112515710300806,-0.01671,0.0194330775824896));
#14507=CARTESIAN_POINT('',(-0.0111460994505192,-0.01672,0.0195360681789682));
#14508=CARTESIAN_POINT('',(-0.0111460994505192,-0.01671,0.0195360681789682));
#14509=CARTESIAN_POINT('',(-0.0110234582689956,-0.01672,0.0196230484301334));
#14510=CARTESIAN_POINT('',(-0.0110234582689956,-0.01671,0.0196230484301334));
#14511=CARTESIAN_POINT('',(-0.0109087513494263,-0.01672,0.0196827245486209));
#14512=CARTESIAN_POINT('',(-0.0109087513494263,-0.01671,0.0196827245486209));
#14513=CARTESIAN_POINT('',(-0.010807377196352,-0.01672,0.0197211227210437));
#14514=CARTESIAN_POINT('',(-0.010807377196352,-0.01671,0.0197211227210437));
#14515=CARTESIAN_POINT('',(-0.0107236747164557,-0.01672,0.0197482754436972));
#14516=CARTESIAN_POINT('',(-0.0107236747164557,-0.01671,0.0197482754436972));
#14517=CARTESIAN_POINT('',(-0.0106323001289625,-0.01672,0.0197689005599579));
#14518=CARTESIAN_POINT('',(-0.0106323001289625,-0.01671,0.0197689005599579));
#14519=CARTESIAN_POINT('',(-0.0105345643412142,-0.01672,0.0197876459088174));
#14520=CARTESIAN_POINT('',(-0.0105345643412142,-0.01671,0.0197876459088174));
#14521=CARTESIAN_POINT('',(-0.0104297124321339,-0.01672,0.0198019501159438));
#14522=CARTESIAN_POINT('',(-0.0104297124321339,-0.01671,0.0198019501159438));
#14523=CARTESIAN_POINT('',(-0.0103179555477689,-0.01672,0.0198121088216015));
#14524=CARTESIAN_POINT('',(-0.0103179555477689,-0.01671,0.0198121088216015));
#14525=CARTESIAN_POINT('',(-0.0101990141775691,-0.01672,0.0198186409466371));
#14526=CARTESIAN_POINT('',(-0.0101990141775691,-0.01671,0.0198186409466371));
#14527=CARTESIAN_POINT('',(-0.0101174830213857,-0.01672,0.0198195953180652));
#14528=CARTESIAN_POINT('',(-0.0101174830213857,-0.01671,0.0198195953180652));
#14529=CARTESIAN_POINT('',(-0.0100755405161769,-0.01672,0.019820086280422));
#14530=CARTESIAN_POINT('',(-0.0100755405161769,-0.01671,0.019820086280422));
#14531=CARTESIAN_POINT('',(-0.0114938097469462,-0.01672,0.0187359516650374));
#14532=CARTESIAN_POINT('',(-0.0106877200033564,-0.01672,0.017720727306063));
#14533=CARTESIAN_POINT('',(-0.0106877200033564,-0.01671,0.017720727306063));
#14534=CARTESIAN_POINT('',(-0.0107169852093948,-0.01672,0.0177279570944166));
#14535=CARTESIAN_POINT('',(-0.0107169852093948,-0.01671,0.0177279570944166));
#14536=CARTESIAN_POINT('',(-0.0107748913151865,-0.01672,0.0177422624401129));
#14537=CARTESIAN_POINT('',(-0.0107748913151865,-0.01671,0.0177422624401129));
#14538=CARTESIAN_POINT('',(-0.0108582556706843,-0.01672,0.0177725135993518));
#14539=CARTESIAN_POINT('',(-0.0108582556706843,-0.01671,0.0177725135993518));
#14540=CARTESIAN_POINT('',(-0.0109377269857901,-0.01672,0.0178074646027187));
#14541=CARTESIAN_POINT('',(-0.0109377269857901,-0.01671,0.0178074646027187));
#14542=CARTESIAN_POINT('',(-0.0110130142344781,-0.01672,0.017848829400555));
#14543=CARTESIAN_POINT('',(-0.0110130142344781,-0.01671,0.017848829400555));
#14544=CARTESIAN_POINT('',(-0.011084097688605,-0.01672,0.0178959094960408));
#14545=CARTESIAN_POINT('',(-0.011084097688605,-0.01671,0.0178959094960408));
#14546=CARTESIAN_POINT('',(-0.0111509701863156,-0.01672,0.0179488941527689));
#14547=CARTESIAN_POINT('',(-0.0111509701863156,-0.01671,0.0179488941527689));
#14548=CARTESIAN_POINT('',(-0.0112127350989982,-0.01672,0.0180082373411055));
#14549=CARTESIAN_POINT('',(-0.0112127350989982,-0.01671,0.0180082373411055));
#14550=CARTESIAN_POINT('',(-0.0112715899271579,-0.01672,0.0180714808330678));
#14551=CARTESIAN_POINT('',(-0.0112715899271579,-0.01671,0.0180714808330678));
#14552=CARTESIAN_POINT('',(-0.0113229814342092,-0.01672,0.0181413781717087));
#14553=CARTESIAN_POINT('',(-0.0113229814342092,-0.01671,0.0181413781717087));
#14554=CARTESIAN_POINT('',(-0.0113692474239089,-0.01672,0.018214382252951));
#14555=CARTESIAN_POINT('',(-0.0113692474239089,-0.01671,0.018214382252951));
#14556=CARTESIAN_POINT('',(-0.0114080861370462,-0.01672,0.0182918985874002));
#14557=CARTESIAN_POINT('',(-0.0114080861370462,-0.01671,0.0182918985874002));
#14558=CARTESIAN_POINT('',(-0.0114386478700189,-0.01672,0.0183735361998572));
#14559=CARTESIAN_POINT('',(-0.0114386478700189,-0.01671,0.0183735361998572));
#14560=CARTESIAN_POINT('',(-0.0114642686656226,-0.01672,0.0184584942668396));
#14561=CARTESIAN_POINT('',(-0.0114642686656226,-0.01671,0.0184584942668396));
#14562=CARTESIAN_POINT('',(-0.0114814882322038,-0.01672,0.0185476122894454));
#14563=CARTESIAN_POINT('',(-0.0114814882322038,-0.01671,0.0185476122894454));
#14564=CARTESIAN_POINT('',(-0.0114922128795583,-0.01672,0.0186406003226848));
#14565=CARTESIAN_POINT('',(-0.0114922128795583,-0.01671,0.0186406003226848));
#14566=CARTESIAN_POINT('',(-0.0114932724751906,-0.01672,0.0187038703641773));
#14567=CARTESIAN_POINT('',(-0.0114932724751906,-0.01671,0.0187038703641773));
#14568=CARTESIAN_POINT('',(-0.0114938097469462,-0.01672,0.0187359516650374));
#14569=CARTESIAN_POINT('',(-0.0114938097469462,-0.01671,0.0187359516650374));
#14570=CARTESIAN_POINT('',(-0.0106877200033564,-0.01672,0.017720727306063));
#14571=CARTESIAN_POINT('',(-0.00978147000335643,-0.01672,0.0176662401265758));
#14572=CARTESIAN_POINT('',(-0.00978147000335643,-0.01671,0.0176662401265758));
#14573=CARTESIAN_POINT('',(-0.00983488843594338,-0.01672,0.0176664179391336));
#14574=CARTESIAN_POINT('',(-0.00983488843594338,-0.01671,0.0176664179391336));
#14575=CARTESIAN_POINT('',(-0.00993745774383945,-0.01672,0.0176667593589413));
#14576=CARTESIAN_POINT('',(-0.00993745774383945,-0.01671,0.0176667593589413));
#14577=CARTESIAN_POINT('',(-0.0100843986242505,-0.01672,0.0176686630879792));
#14578=CARTESIAN_POINT('',(-0.0100843986242505,-0.01671,0.0176686630879792));
#14579=CARTESIAN_POINT('',(-0.0102179153065364,-0.01672,0.0176741194945029));
#14580=CARTESIAN_POINT('',(-0.0102179153065364,-0.01671,0.0176741194945029));
#14581=CARTESIAN_POINT('',(-0.0103379379800417,-0.01672,0.0176788150184767));
#14582=CARTESIAN_POINT('',(-0.0103379379800417,-0.01671,0.0176788150184767));
#14583=CARTESIAN_POINT('',(-0.0104444644428718,-0.01672,0.0176873772371318));
#14584=CARTESIAN_POINT('',(-0.0104444644428718,-0.01671,0.0176873772371318));
#14585=CARTESIAN_POINT('',(-0.0105378213465837,-0.01672,0.0176955608338401));
#14586=CARTESIAN_POINT('',(-0.0105378213465837,-0.01671,0.0176955608338401));
#14587=CARTESIAN_POINT('',(-0.0106175787151565,-0.01672,0.0177062735890161));
#14588=CARTESIAN_POINT('',(-0.0106175787151565,-0.01671,0.0177062735890161));
#14589=CARTESIAN_POINT('',(-0.0106658596880737,-0.01672,0.0177162226438339));
#14590=CARTESIAN_POINT('',(-0.0106658596880737,-0.01671,0.0177162226438339));
#14591=CARTESIAN_POINT('',(-0.0106877200033564,-0.01672,0.017720727306063));
#14592=CARTESIAN_POINT('',(-0.0106877200033564,-0.01671,0.017720727306063));
#14593=CARTESIAN_POINT('',(-0.00978147000335643,-0.01672,0.0176662401265758));
#14594=CARTESIAN_POINT('',(-0.00898098923412566,-0.01672,0.0176662401265758));
#14595=CARTESIAN_POINT('',(-0.0100899635931,-0.01672,0.0180764965368322));
#14596=CARTESIAN_POINT('',(-0.0100899635931,-0.01671,0.0180764965368322));
#14597=CARTESIAN_POINT('',(-0.0100899635931,-0.01671,0.0180764965368322));
#14598=CARTESIAN_POINT('',(-0.00933996359310002,-0.01671,0.0180764965368322));
#14599=CARTESIAN_POINT('',(-0.0100899635931,-0.01672,0.0180764965368322));
#14600=CARTESIAN_POINT('',(-0.00933996359310002,-0.01672,0.0180764965368322));
#14601=CARTESIAN_POINT('',(-0.00933996359310002,-0.01672,0.0180764965368322));
#14602=CARTESIAN_POINT('',(-0.00933996359310002,-0.01671,0.0180764965368322));
#14603=CARTESIAN_POINT('',(-0.00933996359310002,-0.01671,0.0194098298701656));
#14604=CARTESIAN_POINT('',(-0.00933996359310002,-0.01672,0.0194098298701656));
#14605=CARTESIAN_POINT('',(-0.00933996359310002,-0.01672,0.0194098298701656));
#14606=CARTESIAN_POINT('',(-0.00933996359310002,-0.01671,0.0194098298701656));
#14607=CARTESIAN_POINT('',(-0.0100723353879718,-0.01671,0.0194154388445245));
#14608=CARTESIAN_POINT('',(-0.0100723353879718,-0.01672,0.0194154388445245));
#14609=CARTESIAN_POINT('',(-0.0100723353879718,-0.01672,0.0194154388445245));
#14610=CARTESIAN_POINT('',(-0.0100723353879718,-0.01671,0.0194154388445245));
#14611=CARTESIAN_POINT('',(-0.0101065297224859,-0.01672,0.0194154539808274));
#14612=CARTESIAN_POINT('',(-0.0101065297224859,-0.01671,0.0194154539808274));
#14613=CARTESIAN_POINT('',(-0.0101728080818485,-0.01672,0.0194154833192935));
#14614=CARTESIAN_POINT('',(-0.0101728080818485,-0.01671,0.0194154833192935));
#14615=CARTESIAN_POINT('',(-0.0102686944975601,-0.01672,0.0194109188860214));
#14616=CARTESIAN_POINT('',(-0.0102686944975601,-0.01671,0.0194109188860214));
#14617=CARTESIAN_POINT('',(-0.0103579748237956,-0.01672,0.0194057269223775));
#14618=CARTESIAN_POINT('',(-0.0103579748237956,-0.01671,0.0194057269223775));
#14619=CARTESIAN_POINT('',(-0.0104403064492357,-0.01672,0.0193977834780684));
#14620=CARTESIAN_POINT('',(-0.0104403064492357,-0.01671,0.0193977834780684));
#14621=CARTESIAN_POINT('',(-0.0105157298558259,-0.01672,0.01938755235447));
#14622=CARTESIAN_POINT('',(-0.0105157298558259,-0.01671,0.01938755235447));
#14623=CARTESIAN_POINT('',(-0.0105841952255991,-0.01672,0.0193747346357148));
#14624=CARTESIAN_POINT('',(-0.0105841952255991,-0.01671,0.0193747346357148));
#14625=CARTESIAN_POINT('',(-0.0106458538575829,-0.01672,0.0193598646172998));
#14626=CARTESIAN_POINT('',(-0.0106458538575829,-0.01671,0.0193598646172998));
#14627=CARTESIAN_POINT('',(-0.0107175368765867,-0.01672,0.019336614196053));
#14628=CARTESIAN_POINT('',(-0.0107175368765867,-0.01671,0.019336614196053));
#14629=CARTESIAN_POINT('',(-0.0107985029645898,-0.01672,0.0193013664246147));
#14630=CARTESIAN_POINT('',(-0.0107985029645898,-0.01671,0.0193013664246147));
#14631=CARTESIAN_POINT('',(-0.010884680473621,-0.01672,0.0192467116916822));
#14632=CARTESIAN_POINT('',(-0.010884680473621,-0.01671,0.0192467116916822));
#14633=CARTESIAN_POINT('',(-0.0109600402370621,-0.01672,0.0191806148476241));
#14634=CARTESIAN_POINT('',(-0.0109600402370621,-0.01671,0.0191806148476241));
#14635=CARTESIAN_POINT('',(-0.0110226935601818,-0.01672,0.0191040782489557));
#14636=CARTESIAN_POINT('',(-0.0110226935601818,-0.01671,0.0191040782489557));
#14637=CARTESIAN_POINT('',(-0.0110730167803549,-0.01672,0.0190195660266273));
#14638=CARTESIAN_POINT('',(-0.0110730167803549,-0.01671,0.0190195660266273));
#14639=CARTESIAN_POINT('',(-0.0111079707394738,-0.01672,0.0189289908171383));
#14640=CARTESIAN_POINT('',(-0.0111079707394738,-0.01671,0.0189289908171383));
#14641=CARTESIAN_POINT('',(-0.0111310051948,-0.01672,0.0188337797218829));
#14642=CARTESIAN_POINT('',(-0.0111310051948,-0.01671,0.0188337797218829));
#14643=CARTESIAN_POINT('',(-0.0111335439369636,-0.01672,0.018768405875187));
#14644=CARTESIAN_POINT('',(-0.0111335439369636,-0.01671,0.018768405875187));
#14645=CARTESIAN_POINT('',(-0.0111348353879718,-0.01672,0.0187351503829861));
#14646=CARTESIAN_POINT('',(-0.0111348353879718,-0.01671,0.0187351503829861));
#14647=CARTESIAN_POINT('',(-0.0100723353879718,-0.01671,0.0194154388445245));
#14648=CARTESIAN_POINT('',(-0.0101065297224859,-0.01671,0.0194154539808274));
#14649=CARTESIAN_POINT('',(-0.0101728080818485,-0.01671,0.0194154833192935));
#14650=CARTESIAN_POINT('',(-0.0102686944975601,-0.01671,0.0194109188860214));
#14651=CARTESIAN_POINT('',(-0.0103579748237956,-0.01671,0.0194057269223775));
#14652=CARTESIAN_POINT('',(-0.0104403064492357,-0.01671,0.0193977834780684));
#14653=CARTESIAN_POINT('',(-0.0105157298558259,-0.01671,0.01938755235447));
#14654=CARTESIAN_POINT('',(-0.0105841952255991,-0.01671,0.0193747346357148));
#14655=CARTESIAN_POINT('',(-0.0106458538575829,-0.01671,0.0193598646172998));
#14656=CARTESIAN_POINT('',(-0.0107175368765867,-0.01671,0.019336614196053));
#14657=CARTESIAN_POINT('',(-0.0107985029645898,-0.01671,0.0193013664246147));
#14658=CARTESIAN_POINT('',(-0.010884680473621,-0.01671,0.0192467116916822));
#14659=CARTESIAN_POINT('',(-0.0109600402370621,-0.01671,0.0191806148476241));
#14660=CARTESIAN_POINT('',(-0.0110226935601818,-0.01671,0.0191040782489557));
#14661=CARTESIAN_POINT('',(-0.0110730167803549,-0.01671,0.0190195660266273));
#14662=CARTESIAN_POINT('',(-0.0111079707394738,-0.01671,0.0189289908171383));
#14663=CARTESIAN_POINT('',(-0.0111310051948,-0.01671,0.0188337797218829));
#14664=CARTESIAN_POINT('',(-0.0111335439369636,-0.01671,0.018768405875187));
#14665=CARTESIAN_POINT('',(-0.0111348353879718,-0.01671,0.0187351503829861));
#14666=CARTESIAN_POINT('',(-0.0111348353879718,-0.01671,0.0187351503829861));
#14667=CARTESIAN_POINT('',(-0.0111348353879718,-0.01672,0.0187351503829861));
#14668=CARTESIAN_POINT('',(-0.0111348353879718,-0.01672,0.0187351503829861));
#14669=CARTESIAN_POINT('',(-0.0111348353879718,-0.01671,0.0187351503829861));
#14670=CARTESIAN_POINT('',(-0.0111334785460329,-0.01672,0.0187029765793164));
#14671=CARTESIAN_POINT('',(-0.0111334785460329,-0.01671,0.0187029765793164));
#14672=CARTESIAN_POINT('',(-0.0111307897804105,-0.01672,0.0186392198403999));
#14673=CARTESIAN_POINT('',(-0.0111307897804105,-0.01671,0.0186392198403999));
#14674=CARTESIAN_POINT('',(-0.011108337497723,-0.01672,0.018546091687915));
#14675=CARTESIAN_POINT('',(-0.011108337497723,-0.01671,0.018546091687915));
#14676=CARTESIAN_POINT('',(-0.0110716764760579,-0.01672,0.0184575390378461));
#14677=CARTESIAN_POINT('',(-0.0110716764760579,-0.01671,0.0184575390378461));
#14678=CARTESIAN_POINT('',(-0.0110214969466341,-0.01672,0.0183747804321309));
#14679=CARTESIAN_POINT('',(-0.0110214969466341,-0.01671,0.0183747804321309));
#14680=CARTESIAN_POINT('',(-0.0109590431409421,-0.01672,0.0183002137599138));
#14681=CARTESIAN_POINT('',(-0.0109590431409421,-0.01671,0.0183002137599138));
#14682=CARTESIAN_POINT('',(-0.0108862985232572,-0.01672,0.0182366082817206));
#14683=CARTESIAN_POINT('',(-0.0108862985232572,-0.01671,0.0182366082817206));
#14684=CARTESIAN_POINT('',(-0.0108049749357341,-0.01672,0.0181837666633632));
#14685=CARTESIAN_POINT('',(-0.0108049749357341,-0.01671,0.0181837666633632));
#14686=CARTESIAN_POINT('',(-0.010729582678635,-0.01672,0.0181489016351286));
#14687=CARTESIAN_POINT('',(-0.010729582678635,-0.01671,0.0181489016351286));
#14688=CARTESIAN_POINT('',(-0.0106617030960508,-0.01672,0.0181283869982601));
#14689=CARTESIAN_POINT('',(-0.0106617030960508,-0.01671,0.0181283869982601));
#14690=CARTESIAN_POINT('',(-0.0106030384772251,-0.01672,0.0181134954457257));
#14691=CARTESIAN_POINT('',(-0.0106030384772251,-0.01671,0.0181134954457257));
#14692=CARTESIAN_POINT('',(-0.010536174547008,-0.01672,0.0181030660772126));
#14693=CARTESIAN_POINT('',(-0.010536174547008,-0.01671,0.0181030660772126));
#14694=CARTESIAN_POINT('',(-0.0104618982848588,-0.01672,0.0180934738443583));
#14695=CARTESIAN_POINT('',(-0.0104618982848588,-0.01671,0.0180934738443583));
#14696=CARTESIAN_POINT('',(-0.0103798834008338,-0.01672,0.0180853506929242));
#14697=CARTESIAN_POINT('',(-0.0103798834008338,-0.01671,0.0180853506929242));
#14698=CARTESIAN_POINT('',(-0.010290079915321,-0.01672,0.0180799589450593));
#14699=CARTESIAN_POINT('',(-0.010290079915321,-0.01671,0.0180799589450593));
#14700=CARTESIAN_POINT('',(-0.0101925520382495,-0.01672,0.0180767362884991));
#14701=CARTESIAN_POINT('',(-0.0101925520382495,-0.01671,0.0180767362884991));
#14702=CARTESIAN_POINT('',(-0.010124955563981,-0.01672,0.0180765783139109));
#14703=CARTESIAN_POINT('',(-0.010124955563981,-0.01671,0.0180765783139109));
#14704=CARTESIAN_POINT('',(-0.0100899635931,-0.01672,0.0180764965368322));
#14705=CARTESIAN_POINT('',(-0.0100899635931,-0.01671,0.0180764965368322));
#14706=CARTESIAN_POINT('',(-0.0111348353879718,-0.01671,0.0187351503829861));
#14707=CARTESIAN_POINT('',(-0.0111334785460329,-0.01671,0.0187029765793164));
#14708=CARTESIAN_POINT('',(-0.0111307897804105,-0.01671,0.0186392198403999));
#14709=CARTESIAN_POINT('',(-0.011108337497723,-0.01671,0.018546091687915));
#14710=CARTESIAN_POINT('',(-0.0110716764760579,-0.01671,0.0184575390378461));
#14711=CARTESIAN_POINT('',(-0.0110214969466341,-0.01671,0.0183747804321309));
#14712=CARTESIAN_POINT('',(-0.0109590431409421,-0.01671,0.0183002137599138));
#14713=CARTESIAN_POINT('',(-0.0108862985232572,-0.01671,0.0182366082817206));
#14714=CARTESIAN_POINT('',(-0.0108049749357341,-0.01671,0.0181837666633632));
#14715=CARTESIAN_POINT('',(-0.010729582678635,-0.01671,0.0181489016351286));
#14716=CARTESIAN_POINT('',(-0.0106617030960508,-0.01671,0.0181283869982601));
#14717=CARTESIAN_POINT('',(-0.0106030384772251,-0.01671,0.0181134954457257));
#14718=CARTESIAN_POINT('',(-0.010536174547008,-0.01671,0.0181030660772126));
#14719=CARTESIAN_POINT('',(-0.0104618982848588,-0.01671,0.0180934738443583));
#14720=CARTESIAN_POINT('',(-0.0103798834008338,-0.01671,0.0180853506929242));
#14721=CARTESIAN_POINT('',(-0.010290079915321,-0.01671,0.0180799589450593));
#14722=CARTESIAN_POINT('',(-0.0101925520382495,-0.01671,0.0180767362884991));
#14723=CARTESIAN_POINT('',(-0.010124955563981,-0.01671,0.0180765783139109));
#14724=CARTESIAN_POINT('',(-0.0100899635931,-0.01671,0.0180764965368322));
#14725=CARTESIAN_POINT('',(-1.84314369322536E-18,-0.01671,0.0195));
#14726=CARTESIAN_POINT('',(-0.00600663025976669,-0.01672,0.0216662401265758));
#14727=CARTESIAN_POINT('',(-0.00600663025976669,-0.01672,0.0216662401265758));
#14728=CARTESIAN_POINT('',(-0.00600663025976669,-0.01672,0.0216662401265758));
#14729=CARTESIAN_POINT('',(-0.00600663025976669,-0.01672,0.0216662401265758));
#14730=CARTESIAN_POINT('',(-0.00600663025976669,-0.01672,0.0176662401265758));
#14731=CARTESIAN_POINT('',(-0.00600663025976669,-0.01672,0.0176662401265758));
#14732=CARTESIAN_POINT('',(-0.00826304051617694,-0.01672,0.0216662401265758));
#14733=CARTESIAN_POINT('',(-0.00826304051617694,-0.01672,0.0216662401265758));
#14734=CARTESIAN_POINT('',(-0.00826304051617694,-0.01672,0.0216662401265758));
#14735=CARTESIAN_POINT('',(-0.00826304051617694,-0.01672,0.0216662401265758));
#14736=CARTESIAN_POINT('',(-0.00826304051617694,-0.01672,0.0212559837163194));
#14737=CARTESIAN_POINT('',(-0.00826304051617694,-0.01672,0.0212559837163194));
#14738=CARTESIAN_POINT('',(-0.00826304051617694,-0.01672,0.0212559837163194));
#14739=CARTESIAN_POINT('',(-0.00826304051617694,-0.01672,0.0212559837163194));
#14740=CARTESIAN_POINT('',(-0.00636560461874105,-0.01672,0.0212559837163194));
#14741=CARTESIAN_POINT('',(-0.00636560461874105,-0.01672,0.0212559837163194));
#14742=CARTESIAN_POINT('',(-0.00636560461874105,-0.01672,0.0212559837163194));
#14743=CARTESIAN_POINT('',(-0.00636560461874105,-0.01672,0.0212559837163194));
#14744=CARTESIAN_POINT('',(-0.00636560461874105,-0.01672,0.0197175221778579));
#14745=CARTESIAN_POINT('',(-0.00636560461874105,-0.01672,0.0197175221778579));
#14746=CARTESIAN_POINT('',(-0.00636560461874105,-0.01672,0.0197175221778579));
#14747=CARTESIAN_POINT('',(-0.00636560461874105,-0.01672,0.0197175221778579));
#14748=CARTESIAN_POINT('',(-0.00826304051617694,-0.01672,0.0197175221778579));
#14749=CARTESIAN_POINT('',(-0.00826304051617694,-0.01672,0.0197175221778579));
#14750=CARTESIAN_POINT('',(-0.00826304051617694,-0.01672,0.0197175221778579));
#14751=CARTESIAN_POINT('',(-0.00826304051617694,-0.01672,0.0197175221778579));
#14752=CARTESIAN_POINT('',(-0.00826304051617694,-0.01672,0.0193072657676015));
#14753=CARTESIAN_POINT('',(-0.00826304051617694,-0.01672,0.0193072657676015));
#14754=CARTESIAN_POINT('',(-0.00826304051617694,-0.01672,0.0193072657676015));
#14755=CARTESIAN_POINT('',(-0.00826304051617694,-0.01672,0.0193072657676015));
#14756=CARTESIAN_POINT('',(-0.00636560461874105,-0.01672,0.0193072657676015));
#14757=CARTESIAN_POINT('',(-0.00636560461874105,-0.01672,0.0193072657676015));
#14758=CARTESIAN_POINT('',(-0.00636560461874105,-0.01672,0.0193072657676015));
#14759=CARTESIAN_POINT('',(-0.00636560461874105,-0.01672,0.0193072657676015));
#14760=CARTESIAN_POINT('',(-0.00636560461874105,-0.01672,0.0180764965368322));
#14761=CARTESIAN_POINT('',(-0.00636560461874105,-0.01672,0.0180764965368322));
#14762=CARTESIAN_POINT('',(-0.00636560461874105,-0.01672,0.0180764965368322));
#14763=CARTESIAN_POINT('',(-0.00636560461874105,-0.01672,0.0180764965368322));
#14764=CARTESIAN_POINT('',(-0.00826304051617694,-0.01672,0.0180764965368322));
#14765=CARTESIAN_POINT('',(-0.00826304051617694,-0.01672,0.0180764965368322));
#14766=CARTESIAN_POINT('',(-0.00826304051617694,-0.01672,0.0180764965368322));
#14767=CARTESIAN_POINT('',(-0.00826304051617694,-0.01672,0.0180764965368322));
#14768=CARTESIAN_POINT('',(-0.00826304051617694,-0.01672,0.0176662401265758));
#14769=CARTESIAN_POINT('',(-0.00826304051617694,-0.01672,0.0176662401265758));
#14770=CARTESIAN_POINT('',(-0.00826304051617694,-0.01672,0.0176662401265758));
#14771=CARTESIAN_POINT('',(-0.00826304051617694,-0.01672,0.0176662401265758));
#14772=CARTESIAN_POINT('',(-0.00600663025976669,-0.01672,0.0176662401265758));
#14773=CARTESIAN_POINT('',(-0.00600663025976669,-0.01672,0.0176662401265758));
#14774=CARTESIAN_POINT('',(0.,-0.01672,0.));
#14775=CARTESIAN_POINT('',(-0.00313243154181797,-0.01672,0.0175636760240117));
#14776=CARTESIAN_POINT('',(-0.00313243154181797,-0.01671,0.0175636760240117));
#14777=CARTESIAN_POINT('',(-0.00317384698038139,-0.01672,0.0175643366451089));
#14778=CARTESIAN_POINT('',(-0.00317384698038139,-0.01671,0.0175643366451089));
#14779=CARTESIAN_POINT('',(-0.00325596892822182,-0.01672,0.0175656465791135));
#14780=CARTESIAN_POINT('',(-0.00325596892822182,-0.01671,0.0175656465791135));
#14781=CARTESIAN_POINT('',(-0.0033781653316894,-0.01672,0.0175747732565603));
#14782=CARTESIAN_POINT('',(-0.0033781653316894,-0.01671,0.0175747732565603));
#14783=CARTESIAN_POINT('',(-0.00349823239679987,-0.01672,0.0175890786352114));
#14784=CARTESIAN_POINT('',(-0.00349823239679987,-0.01671,0.0175890786352114));
#14785=CARTESIAN_POINT('',(-0.00361677242677903,-0.01672,0.0176090823116614));
#14786=CARTESIAN_POINT('',(-0.00361677242677903,-0.01671,0.0176090823116614));
#14787=CARTESIAN_POINT('',(-0.00373333407058597,-0.01672,0.0176355439321053));
#14788=CARTESIAN_POINT('',(-0.00373333407058597,-0.01671,0.0176355439321053));
#14789=CARTESIAN_POINT('',(-0.00384827047395233,-0.01672,0.0176677929904895));
#14790=CARTESIAN_POINT('',(-0.00384827047395233,-0.01671,0.0176677929904895));
#14791=CARTESIAN_POINT('',(-0.00396136425243557,-0.01672,0.0177051311684717));
#14792=CARTESIAN_POINT('',(-0.00396136425243557,-0.01671,0.0177051311684717));
#14793=CARTESIAN_POINT('',(-0.00407248086344362,-0.01672,0.0177496962734176));
#14794=CARTESIAN_POINT('',(-0.00407248086344362,-0.01671,0.0177496962734176));
#14795=CARTESIAN_POINT('',(-0.0041823757746172,-0.01672,0.0178002700928713));
#14796=CARTESIAN_POINT('',(-0.0041823757746172,-0.01671,0.0178002700928713));
#14797=CARTESIAN_POINT('',(-0.00429165777389051,-0.01672,0.0178572002003363));
#14798=CARTESIAN_POINT('',(-0.00429165777389051,-0.01671,0.0178572002003363));
#14799=CARTESIAN_POINT('',(-0.00439995408382868,-0.01672,0.0179214572151101));
#14800=CARTESIAN_POINT('',(-0.00439995408382868,-0.01671,0.0179214572151101));
#14801=CARTESIAN_POINT('',(-0.00450745234029556,-0.01672,0.0179932327214004));
#14802=CARTESIAN_POINT('',(-0.00450745234029556,-0.01671,0.0179932327214004));
#14803=CARTESIAN_POINT('',(-0.00461483046587171,-0.01672,0.0180712937599918));
#14804=CARTESIAN_POINT('',(-0.00461483046587171,-0.01671,0.0180712937599918));
#14805=CARTESIAN_POINT('',(-0.00472039005650908,-0.01672,0.0181578729899049));
#14806=CARTESIAN_POINT('',(-0.00472039005650908,-0.01671,0.0181578729899049));
#14807=CARTESIAN_POINT('',(-0.00482667913581981,-0.01672,0.0182495561386538));
#14808=CARTESIAN_POINT('',(-0.00482667913581981,-0.01671,0.0182495561386538));
#14809=CARTESIAN_POINT('',(-0.00489502406632689,-0.01672,0.0183154786346538));
#14810=CARTESIAN_POINT('',(-0.00489502406632689,-0.01671,0.0183154786346538));
#14811=CARTESIAN_POINT('',(-0.00492970718284361,-0.01672,0.0183489324342681));
#14812=CARTESIAN_POINT('',(-0.00492970718284361,-0.01671,0.0183489324342681));
#14813=CARTESIAN_POINT('',(-0.00313243154181797,-0.01672,0.0175636760240117));
#14814=CARTESIAN_POINT('',(-0.00313243154181797,-0.01672,0.0175636760240117));
#14815=CARTESIAN_POINT('',(-0.00313243154181797,-0.01672,0.0175636760240117));
#14816=CARTESIAN_POINT('',(-0.00317384698038139,-0.01672,0.0175643366451089));
#14817=CARTESIAN_POINT('',(-0.00325596892822182,-0.01672,0.0175656465791135));
#14818=CARTESIAN_POINT('',(-0.0033781653316894,-0.01672,0.0175747732565603));
#14819=CARTESIAN_POINT('',(-0.00349823239679987,-0.01672,0.0175890786352114));
#14820=CARTESIAN_POINT('',(-0.00361677242677903,-0.01672,0.0176090823116614));
#14821=CARTESIAN_POINT('',(-0.00373333407058597,-0.01672,0.0176355439321053));
#14822=CARTESIAN_POINT('',(-0.00384827047395233,-0.01672,0.0176677929904895));
#14823=CARTESIAN_POINT('',(-0.00396136425243557,-0.01672,0.0177051311684717));
#14824=CARTESIAN_POINT('',(-0.00407248086344362,-0.01672,0.0177496962734176));
#14825=CARTESIAN_POINT('',(-0.0041823757746172,-0.01672,0.0178002700928713));
#14826=CARTESIAN_POINT('',(-0.00429165777389051,-0.01672,0.0178572002003363));
#14827=CARTESIAN_POINT('',(-0.00439995408382868,-0.01672,0.0179214572151101));
#14828=CARTESIAN_POINT('',(-0.00450745234029556,-0.01672,0.0179932327214004));
#14829=CARTESIAN_POINT('',(-0.00461483046587171,-0.01672,0.0180712937599918));
#14830=CARTESIAN_POINT('',(-0.00472039005650908,-0.01672,0.0181578729899049));
#14831=CARTESIAN_POINT('',(-0.00482667913581981,-0.01672,0.0182495561386538));
#14832=CARTESIAN_POINT('',(-0.00489502406632689,-0.01672,0.0183154786346538));
#14833=CARTESIAN_POINT('',(-0.00492970718284361,-0.01672,0.0183489324342681));
#14834=CARTESIAN_POINT('',(-0.00492970718284361,-0.01672,0.0183489324342681));
#14835=CARTESIAN_POINT('',(-0.00492970718284361,-0.01672,0.0183489324342681));
#14836=CARTESIAN_POINT('',(-0.000980989234125662,-0.01672,0.0196646375624733));
#14837=CARTESIAN_POINT('',(-0.000980989234125662,-0.01671,0.0196646375624733));
#14838=CARTESIAN_POINT('',(-0.000981599154320581,-0.01672,0.0196175909111452));
#14839=CARTESIAN_POINT('',(-0.000981599154320581,-0.01671,0.0196175909111452));
#14840=CARTESIAN_POINT('',(-0.000982811242997298,-0.01672,0.0195240955426898));
#14841=CARTESIAN_POINT('',(-0.000982811242997298,-0.01671,0.0195240955426898));
#14842=CARTESIAN_POINT('',(-0.000997444730623143,-0.01672,0.0193852799149737));
#14843=CARTESIAN_POINT('',(-0.000997444730623143,-0.01671,0.0193852799149737));
#14844=CARTESIAN_POINT('',(-0.00101856561766628,-0.01672,0.0192489634857542));
#14845=CARTESIAN_POINT('',(-0.00101856561766628,-0.01671,0.0192489634857542));
#14846=CARTESIAN_POINT('',(-0.00104915840957545,-0.01672,0.0191150200388913));
#14847=CARTESIAN_POINT('',(-0.00104915840957545,-0.01671,0.0191150200388913));
#14848=CARTESIAN_POINT('',(-0.00108941085584856,-0.01672,0.0189840442236197));
#14849=CARTESIAN_POINT('',(-0.00108941085584856,-0.01671,0.0189840442236197));
#14850=CARTESIAN_POINT('',(-0.00113775249612565,-0.01672,0.0188550296313058));
#14851=CARTESIAN_POINT('',(-0.00113775249612565,-0.01671,0.0188550296313058));
#14852=CARTESIAN_POINT('',(-0.00119437430597558,-0.01672,0.0187284919237193));
#14853=CARTESIAN_POINT('',(-0.00119437430597558,-0.01671,0.0187284919237193));
#14854=CARTESIAN_POINT('',(-0.00126044988220161,-0.01672,0.0186055526399227));
#14855=CARTESIAN_POINT('',(-0.00126044988220161,-0.01671,0.0186055526399227));
#14856=CARTESIAN_POINT('',(-0.00133237238151076,-0.01672,0.0184862538217721));
#14857=CARTESIAN_POINT('',(-0.00133237238151076,-0.01671,0.0184862538217721));
#14858=CARTESIAN_POINT('',(-0.00141324809740574,-0.01672,0.018374350424008));
#14859=CARTESIAN_POINT('',(-0.00141324809740574,-0.01671,0.018374350424008));
#14860=CARTESIAN_POINT('',(-0.0014985842418967,-0.01672,0.0182676787010414));
#14861=CARTESIAN_POINT('',(-0.0014985842418967,-0.01671,0.0182676787010414));
#14862=CARTESIAN_POINT('',(-0.00159246916917264,-0.01672,0.0181692587348834));
#14863=CARTESIAN_POINT('',(-0.00159246916917264,-0.01671,0.0181692587348834));
#14864=CARTESIAN_POINT('',(-0.00169138479711406,-0.01672,0.0180759464037361));
#14865=CARTESIAN_POINT('',(-0.00169138479711406,-0.01671,0.0180759464037361));
#14866=CARTESIAN_POINT('',(-0.0017977915086339,-0.01672,0.0179902011339229));
#14867=CARTESIAN_POINT('',(-0.0017977915086339,-0.01671,0.0179902011339229));
#14868=CARTESIAN_POINT('',(-0.00190994354667516,-0.01672,0.0179105762450474));
#14869=CARTESIAN_POINT('',(-0.00190994354667516,-0.01671,0.0179105762450474));
#14870=CARTESIAN_POINT('',(-0.00202874649785651,-0.01672,0.0178386298636907));
#14871=CARTESIAN_POINT('',(-0.00202874649785651,-0.01671,0.0178386298636907));
#14872=CARTESIAN_POINT('',(-0.00215231591512743,-0.01672,0.0177739805387856));
#14873=CARTESIAN_POINT('',(-0.00215231591512743,-0.01671,0.0177739805387856));
#14874=CARTESIAN_POINT('',(-0.00228038584709069,-0.01672,0.0177173085417374));
#14875=CARTESIAN_POINT('',(-0.00228038584709069,-0.01671,0.0177173085417374));
#14876=CARTESIAN_POINT('',(-0.00241290903535147,-0.01672,0.0176704700920529));
#14877=CARTESIAN_POINT('',(-0.00241290903535147,-0.01671,0.0176704700920529));
#14878=CARTESIAN_POINT('',(-0.00254889482371776,-0.01672,0.0176307287313854));
#14879=CARTESIAN_POINT('',(-0.00254889482371776,-0.01671,0.0176307287313854));
#14880=CARTESIAN_POINT('',(-0.00268937194025947,-0.01672,0.0176013399716543));
#14881=CARTESIAN_POINT('',(-0.00268937194025947,-0.01671,0.0176013399716543));
#14882=CARTESIAN_POINT('',(-0.00283332113269996,-0.01672,0.01758002712738));
#14883=CARTESIAN_POINT('',(-0.00283332113269996,-0.01671,0.01758002712738));
#14884=CARTESIAN_POINT('',(-0.00298149268727867,-0.01672,0.0175654435828557));
#14885=CARTESIAN_POINT('',(-0.00298149268727867,-0.01671,0.0175654435828557));
#14886=CARTESIAN_POINT('',(-0.0030816481496415,-0.01672,0.0175642707193554));
#14887=CARTESIAN_POINT('',(-0.0030816481496415,-0.01671,0.0175642707193554));
#14888=CARTESIAN_POINT('',(-0.00313243154181797,-0.01672,0.0175636760240117));
#14889=CARTESIAN_POINT('',(-0.00313243154181797,-0.01671,0.0175636760240117));
#14890=CARTESIAN_POINT('',(-0.000980989234125662,-0.01672,0.0196646375624733));
#14891=CARTESIAN_POINT('',(-0.000980989234125662,-0.01672,0.0196646375624733));
#14892=CARTESIAN_POINT('',(-0.000980989234125662,-0.01672,0.0196646375624733));
#14893=CARTESIAN_POINT('',(-0.000981599154320581,-0.01672,0.0196175909111452));
#14894=CARTESIAN_POINT('',(-0.000982811242997298,-0.01672,0.0195240955426898));
#14895=CARTESIAN_POINT('',(-0.000997444730623143,-0.01672,0.0193852799149737));
#14896=CARTESIAN_POINT('',(-0.00101856561766628,-0.01672,0.0192489634857542));
#14897=CARTESIAN_POINT('',(-0.00104915840957545,-0.01672,0.0191150200388913));
#14898=CARTESIAN_POINT('',(-0.00108941085584856,-0.01672,0.0189840442236197));
#14899=CARTESIAN_POINT('',(-0.00113775249612565,-0.01672,0.0188550296313058));
#14900=CARTESIAN_POINT('',(-0.00119437430597558,-0.01672,0.0187284919237193));
#14901=CARTESIAN_POINT('',(-0.00126044988220161,-0.01672,0.0186055526399227));
#14902=CARTESIAN_POINT('',(-0.00133237238151076,-0.01672,0.0184862538217721));
#14903=CARTESIAN_POINT('',(-0.00141324809740574,-0.01672,0.018374350424008));
#14904=CARTESIAN_POINT('',(-0.0014985842418967,-0.01672,0.0182676787010414));
#14905=CARTESIAN_POINT('',(-0.00159246916917264,-0.01672,0.0181692587348834));
#14906=CARTESIAN_POINT('',(-0.00169138479711406,-0.01672,0.0180759464037361));
#14907=CARTESIAN_POINT('',(-0.0017977915086339,-0.01672,0.0179902011339229));
#14908=CARTESIAN_POINT('',(-0.00190994354667516,-0.01672,0.0179105762450474));
#14909=CARTESIAN_POINT('',(-0.00202874649785651,-0.01672,0.0178386298636907));
#14910=CARTESIAN_POINT('',(-0.00215231591512743,-0.01672,0.0177739805387856));
#14911=CARTESIAN_POINT('',(-0.00228038584709069,-0.01672,0.0177173085417374));
#14912=CARTESIAN_POINT('',(-0.00241290903535147,-0.01672,0.0176704700920529));
#14913=CARTESIAN_POINT('',(-0.00254889482371776,-0.01672,0.0176307287313854));
#14914=CARTESIAN_POINT('',(-0.00268937194025947,-0.01672,0.0176013399716543));
#14915=CARTESIAN_POINT('',(-0.00283332113269996,-0.01672,0.01758002712738));
#14916=CARTESIAN_POINT('',(-0.00298149268727867,-0.01672,0.0175654435828557));
#14917=CARTESIAN_POINT('',(-0.0030816481496415,-0.01672,0.0175642707193554));
#14918=CARTESIAN_POINT('',(-0.00313243154181797,-0.01672,0.0175636760240117));
#14919=CARTESIAN_POINT('',(-0.00147137384951028,-0.01672,0.0210123939727297));
#14920=CARTESIAN_POINT('',(-0.00147137384951028,-0.01671,0.0210123939727297));
#14921=CARTESIAN_POINT('',(-0.00143230421301237,-0.01672,0.0209636275121464));
#14922=CARTESIAN_POINT('',(-0.00143230421301237,-0.01671,0.0209636275121464));
#14923=CARTESIAN_POINT('',(-0.00135481345571393,-0.01672,0.0208669040639626));
#14924=CARTESIAN_POINT('',(-0.00135481345571393,-0.01671,0.0208669040639626));
#14925=CARTESIAN_POINT('',(-0.00125506699100617,-0.01672,0.0207119326989014));
#14926=CARTESIAN_POINT('',(-0.00125506699100617,-0.01671,0.0207119326989014));
#14927=CARTESIAN_POINT('',(-0.00117003681634244,-0.01672,0.0205514734301363));
#14928=CARTESIAN_POINT('',(-0.00117003681634244,-0.01671,0.0205514734301363));
#14929=CARTESIAN_POINT('',(-0.0011010450196164,-0.01672,0.0203850795691566));
#14930=CARTESIAN_POINT('',(-0.0011010450196164,-0.01671,0.0203850795691566));
#14931=CARTESIAN_POINT('',(-0.00104717292093964,-0.01672,0.0202129067544753));
#14932=CARTESIAN_POINT('',(-0.00104717292093964,-0.01671,0.0202129067544753));
#14933=CARTESIAN_POINT('',(-0.001008537203514,-0.01672,0.0200351749930723));
#14934=CARTESIAN_POINT('',(-0.001008537203514,-0.01671,0.0200351749930723));
#14935=CARTESIAN_POINT('',(-0.000985900301584,-0.01672,0.019851655415315));
#14936=CARTESIAN_POINT('',(-0.000985900301584,-0.01671,0.019851655415315));
#14937=CARTESIAN_POINT('',(-0.00098263911593754,-0.01672,0.0197274665414106));
#14938=CARTESIAN_POINT('',(-0.00098263911593754,-0.01671,0.0197274665414106));
#14939=CARTESIAN_POINT('',(-0.000980989234125662,-0.01672,0.0196646375624733));
#14940=CARTESIAN_POINT('',(-0.000980989234125662,-0.01671,0.0196646375624733));
#14941=CARTESIAN_POINT('',(-0.00147137384951028,-0.01672,0.0210123939727297));
#14942=CARTESIAN_POINT('',(-0.00147137384951028,-0.01672,0.0210123939727297));
#14943=CARTESIAN_POINT('',(-0.00147137384951028,-0.01672,0.0210123939727297));
#14944=CARTESIAN_POINT('',(-0.00143230421301237,-0.01672,0.0209636275121464));
#14945=CARTESIAN_POINT('',(-0.00135481345571393,-0.01672,0.0208669040639626));
#14946=CARTESIAN_POINT('',(-0.00125506699100617,-0.01672,0.0207119326989014));
#14947=CARTESIAN_POINT('',(-0.00117003681634244,-0.01672,0.0205514734301363));
#14948=CARTESIAN_POINT('',(-0.0011010450196164,-0.01672,0.0203850795691566));
#14949=CARTESIAN_POINT('',(-0.00104717292093964,-0.01672,0.0202129067544753));
#14950=CARTESIAN_POINT('',(-0.001008537203514,-0.01672,0.0200351749930723));
#14951=CARTESIAN_POINT('',(-0.000985900301584,-0.01672,0.019851655415315));
#14952=CARTESIAN_POINT('',(-0.00098263911593754,-0.01672,0.0197274665414106));
#14953=CARTESIAN_POINT('',(-0.000980989234125662,-0.01672,0.0196646375624733));
#14954=CARTESIAN_POINT('',(-0.00320454692643335,-0.01672,0.0217688042291399));
#14955=CARTESIAN_POINT('',(-0.00320454692643335,-0.01671,0.0217688042291399));
#14956=CARTESIAN_POINT('',(-0.00315939248601743,-0.01672,0.0217681538048747));
#14957=CARTESIAN_POINT('',(-0.00315939248601743,-0.01671,0.0217681538048747));
#14958=CARTESIAN_POINT('',(-0.00307033337647684,-0.01672,0.0217668709585955));
#14959=CARTESIAN_POINT('',(-0.00307033337647684,-0.01671,0.0217668709585955));
#14960=CARTESIAN_POINT('',(-0.00293880088725035,-0.01672,0.0217577539901052));
#14961=CARTESIAN_POINT('',(-0.00293880088725035,-0.01671,0.0217577539901052));
#14962=CARTESIAN_POINT('',(-0.00281089503516156,-0.01672,0.0217437190457661));
#14963=CARTESIAN_POINT('',(-0.00281089503516156,-0.01671,0.0217437190457661));
#14964=CARTESIAN_POINT('',(-0.00268663445357306,-0.01672,0.0217225246189348));
#14965=CARTESIAN_POINT('',(-0.00268663445357306,-0.01671,0.0217225246189348));
#14966=CARTESIAN_POINT('',(-0.00256556206251163,-0.01672,0.0216965650141834));
#14967=CARTESIAN_POINT('',(-0.00256556206251163,-0.01671,0.0216965650141834));
#14968=CARTESIAN_POINT('',(-0.0024482825368854,-0.01672,0.0216633230498638));
#14969=CARTESIAN_POINT('',(-0.0024482825368854,-0.01671,0.0216633230498638));
#14970=CARTESIAN_POINT('',(-0.0023343491174022,-0.01672,0.0216248445363236));
#14971=CARTESIAN_POINT('',(-0.0023343491174022,-0.01671,0.0216248445363236));
#14972=CARTESIAN_POINT('',(-0.00222358570524009,-0.01672,0.021581078052354));
#14973=CARTESIAN_POINT('',(-0.00222358570524009,-0.01671,0.021581078052354));
#14974=CARTESIAN_POINT('',(-0.00211699765177422,-0.01672,0.02153036758759));
#14975=CARTESIAN_POINT('',(-0.00211699765177422,-0.01671,0.02153036758759));
#14976=CARTESIAN_POINT('',(-0.00201411020380608,-0.01672,0.0214740137138895));
#14977=CARTESIAN_POINT('',(-0.00201411020380608,-0.01671,0.0214740137138895));
#14978=CARTESIAN_POINT('',(-0.00191435463153684,-0.01672,0.0214123070158922));
#14979=CARTESIAN_POINT('',(-0.00191435463153684,-0.01671,0.0214123070158922));
#14980=CARTESIAN_POINT('',(-0.00181841044299335,-0.01672,0.0213441803350635));
#14981=CARTESIAN_POINT('',(-0.00181841044299335,-0.01671,0.0213441803350635));
#14982=CARTESIAN_POINT('',(-0.00172577773273575,-0.01672,0.0212701432377262));
#14983=CARTESIAN_POINT('',(-0.00172577773273575,-0.01671,0.0212701432377262));
#14984=CARTESIAN_POINT('',(-0.00163705379718673,-0.01672,0.0211900473303208));
#14985=CARTESIAN_POINT('',(-0.00163705379718673,-0.01671,0.0211900473303208));
#14986=CARTESIAN_POINT('',(-0.00155174193653827,-0.01672,0.0211041374791892));
#14987=CARTESIAN_POINT('',(-0.00155174193653827,-0.01671,0.0211041374791892));
#14988=CARTESIAN_POINT('',(-0.00149830140677692,-0.01672,0.0210431328967901));
#14989=CARTESIAN_POINT('',(-0.00149830140677692,-0.01671,0.0210431328967901));
#14990=CARTESIAN_POINT('',(-0.00147137384951028,-0.01672,0.0210123939727297));
#14991=CARTESIAN_POINT('',(-0.00147137384951028,-0.01671,0.0210123939727297));
#14992=CARTESIAN_POINT('',(-0.00320454692643335,-0.01672,0.0217688042291399));
#14993=CARTESIAN_POINT('',(-0.00320454692643335,-0.01672,0.0217688042291399));
#14994=CARTESIAN_POINT('',(-0.00320454692643335,-0.01672,0.0217688042291399));
#14995=CARTESIAN_POINT('',(-0.00315939248601743,-0.01672,0.0217681538048747));
#14996=CARTESIAN_POINT('',(-0.00307033337647684,-0.01672,0.0217668709585955));
#14997=CARTESIAN_POINT('',(-0.00293880088725035,-0.01672,0.0217577539901052));
#14998=CARTESIAN_POINT('',(-0.00281089503516156,-0.01672,0.0217437190457661));
#14999=CARTESIAN_POINT('',(-0.00268663445357306,-0.01672,0.0217225246189348));
#15000=CARTESIAN_POINT('',(-0.00256556206251163,-0.01672,0.0216965650141834));
#15001=CARTESIAN_POINT('',(-0.0024482825368854,-0.01672,0.0216633230498638));
#15002=CARTESIAN_POINT('',(-0.0023343491174022,-0.01672,0.0216248445363236));
#15003=CARTESIAN_POINT('',(-0.00222358570524009,-0.01672,0.021581078052354));
#15004=CARTESIAN_POINT('',(-0.00211699765177422,-0.01672,0.02153036758759));
#15005=CARTESIAN_POINT('',(-0.00201411020380608,-0.01672,0.0214740137138895));
#15006=CARTESIAN_POINT('',(-0.00191435463153684,-0.01672,0.0214123070158922));
#15007=CARTESIAN_POINT('',(-0.00181841044299335,-0.01672,0.0213441803350635));
#15008=CARTESIAN_POINT('',(-0.00172577773273575,-0.01672,0.0212701432377262));
#15009=CARTESIAN_POINT('',(-0.00163705379718673,-0.01672,0.0211900473303208));
#15010=CARTESIAN_POINT('',(-0.00155174193653827,-0.01672,0.0211041374791892));
#15011=CARTESIAN_POINT('',(-0.00149830140677692,-0.01672,0.0210431328967901));
#15012=CARTESIAN_POINT('',(-0.00147137384951028,-0.01672,0.0210123939727297));
#15013=CARTESIAN_POINT('',(-0.00518611743925387,-0.01672,0.0197175221778579));
#15014=CARTESIAN_POINT('',(-0.00518611743925387,-0.01671,0.0197175221778579));
#15015=CARTESIAN_POINT('',(-0.00518416789824935,-0.01672,0.0197939878793674));
#15016=CARTESIAN_POINT('',(-0.00518416789824935,-0.01671,0.0197939878793674));
#15017=CARTESIAN_POINT('',(-0.00518035229433937,-0.01672,0.019943645069949));
#15018=CARTESIAN_POINT('',(-0.00518035229433937,-0.01671,0.019943645069949));
#15019=CARTESIAN_POINT('',(-0.00515358781930623,-0.01672,0.0201618968080457));
#15020=CARTESIAN_POINT('',(-0.00515358781930623,-0.01671,0.0201618968080457));
#15021=CARTESIAN_POINT('',(-0.00511036894814471,-0.01672,0.0203680358861165));
#15022=CARTESIAN_POINT('',(-0.00511036894814471,-0.01671,0.0203680358861165));
#15023=CARTESIAN_POINT('',(-0.00505132859173074,-0.01672,0.0205622793965911));
#15024=CARTESIAN_POINT('',(-0.00505132859173074,-0.01671,0.0205622793965911));
#15025=CARTESIAN_POINT('',(-0.00497489969995727,-0.01672,0.0207443520740266));
#15026=CARTESIAN_POINT('',(-0.00497489969995727,-0.01671,0.0207443520740266));
#15027=CARTESIAN_POINT('',(-0.00488190252458633,-0.01672,0.0209144387781881));
#15028=CARTESIAN_POINT('',(-0.00488190252458633,-0.01671,0.0209144387781881));
#15029=CARTESIAN_POINT('',(-0.00477084867193902,-0.01672,0.0210714406991789));
#15030=CARTESIAN_POINT('',(-0.00477084867193902,-0.01671,0.0210714406991789));
#15031=CARTESIAN_POINT('',(-0.00464569388164235,-0.01672,0.0212166395604502));
#15032=CARTESIAN_POINT('',(-0.00464569388164235,-0.01671,0.0212166395604502));
#15033=CARTESIAN_POINT('',(-0.00450523678702975,-0.01672,0.0213461586600765));
#15034=CARTESIAN_POINT('',(-0.00450523678702975,-0.01671,0.0213461586600765));
#15035=CARTESIAN_POINT('',(-0.00435327264991252,-0.01672,0.0214599940177283));
#15036=CARTESIAN_POINT('',(-0.00435327264991252,-0.01671,0.0214599940177283));
#15037=CARTESIAN_POINT('',(-0.00418955040036679,-0.01672,0.0215558827209787));
#15038=CARTESIAN_POINT('',(-0.00418955040036679,-0.01671,0.0215558827209787));
#15039=CARTESIAN_POINT('',(-0.00401422490609302,-0.01672,0.0216338949065832));
#15040=CARTESIAN_POINT('',(-0.00401422490609302,-0.01671,0.0216338949065832));
#15041=CARTESIAN_POINT('',(-0.00382787012501981,-0.01672,0.0216947794722002));
#15042=CARTESIAN_POINT('',(-0.00382787012501981,-0.01671,0.0216947794722002));
#15043=CARTESIAN_POINT('',(-0.00363005483384323,-0.01672,0.0217379469884099));
#15044=CARTESIAN_POINT('',(-0.00363005483384323,-0.01671,0.0217379469884099));
#15045=CARTESIAN_POINT('',(-0.00342104729020417,-0.01672,0.0217638098036641));
#15046=CARTESIAN_POINT('',(-0.00342104729020417,-0.01671,0.0217638098036641));
#15047=CARTESIAN_POINT('',(-0.00327780537375922,-0.01672,0.0217671142372652));
#15048=CARTESIAN_POINT('',(-0.00327780537375922,-0.01671,0.0217671142372652));
#15049=CARTESIAN_POINT('',(-0.00320454692643335,-0.01672,0.0217688042291399));
#15050=CARTESIAN_POINT('',(-0.00320454692643335,-0.01671,0.0217688042291399));
#15051=CARTESIAN_POINT('',(-0.00518611743925387,-0.01672,0.0197175221778579));
#15052=CARTESIAN_POINT('',(-0.00518611743925387,-0.01672,0.0197175221778579));
#15053=CARTESIAN_POINT('',(-0.00518611743925387,-0.01672,0.0197175221778579));
#15054=CARTESIAN_POINT('',(-0.00518416789824935,-0.01672,0.0197939878793674));
#15055=CARTESIAN_POINT('',(-0.00518035229433937,-0.01672,0.019943645069949));
#15056=CARTESIAN_POINT('',(-0.00515358781930623,-0.01672,0.0201618968080457));
#15057=CARTESIAN_POINT('',(-0.00511036894814471,-0.01672,0.0203680358861165));
#15058=CARTESIAN_POINT('',(-0.00505132859173074,-0.01672,0.0205622793965911));
#15059=CARTESIAN_POINT('',(-0.00497489969995727,-0.01672,0.0207443520740266));
#15060=CARTESIAN_POINT('',(-0.00488190252458633,-0.01672,0.0209144387781881));
#15061=CARTESIAN_POINT('',(-0.00477084867193902,-0.01672,0.0210714406991789));
#15062=CARTESIAN_POINT('',(-0.00464569388164235,-0.01672,0.0212166395604502));
#15063=CARTESIAN_POINT('',(-0.00450523678702975,-0.01672,0.0213461586600765));
#15064=CARTESIAN_POINT('',(-0.00435327264991252,-0.01672,0.0214599940177283));
#15065=CARTESIAN_POINT('',(-0.00418955040036679,-0.01672,0.0215558827209787));
#15066=CARTESIAN_POINT('',(-0.00401422490609302,-0.01672,0.0216338949065832));
#15067=CARTESIAN_POINT('',(-0.00382787012501981,-0.01672,0.0216947794722002));
#15068=CARTESIAN_POINT('',(-0.00363005483384323,-0.01672,0.0217379469884099));
#15069=CARTESIAN_POINT('',(-0.00342104729020417,-0.01672,0.0217638098036641));
#15070=CARTESIAN_POINT('',(-0.00327780537375922,-0.01672,0.0217671142372652));
#15071=CARTESIAN_POINT('',(-0.00320454692643335,-0.01672,0.0217688042291399));
#15072=CARTESIAN_POINT('',(-0.00349380974694618,-0.01672,0.0197175221778579));
#15073=CARTESIAN_POINT('',(-0.00349380974694618,-0.01672,0.0197175221778579));
#15074=CARTESIAN_POINT('',(-0.00349380974694618,-0.01672,0.0197175221778579));
#15075=CARTESIAN_POINT('',(-0.00349380974694618,-0.01672,0.0197175221778579));
#15076=CARTESIAN_POINT('',(-0.00349380974694618,-0.01672,0.0201277785881143));
#15077=CARTESIAN_POINT('',(-0.00349380974694618,-0.01672,0.0201277785881143));
#15078=CARTESIAN_POINT('',(-0.00349380974694618,-0.01672,0.0201277785881143));
#15079=CARTESIAN_POINT('',(-0.00349380974694618,-0.01672,0.0201277785881143));
#15080=CARTESIAN_POINT('',(-0.00482714308027951,-0.01672,0.0201277785881143));
#15081=CARTESIAN_POINT('',(-0.00482714308027951,-0.01672,0.0201277785881143));
#15082=CARTESIAN_POINT('',(-0.00482714308027951,-0.01672,0.0201277785881143));
#15083=CARTESIAN_POINT('',(-0.00482714308027951,-0.01672,0.0201277785881143));
#15084=CARTESIAN_POINT('',(-0.00323579692643335,-0.01672,0.0213585478188835));
#15085=CARTESIAN_POINT('',(-0.00323579692643335,-0.01671,0.0213585478188835));
#15086=CARTESIAN_POINT('',(-0.00328765810610914,-0.01672,0.0213574641813687));
#15087=CARTESIAN_POINT('',(-0.00328765810610914,-0.01671,0.0213574641813687));
#15088=CARTESIAN_POINT('',(-0.0033894959581141,-0.01672,0.0213553362830534));
#15089=CARTESIAN_POINT('',(-0.0033894959581141,-0.01671,0.0213553362830534));
#15090=CARTESIAN_POINT('',(-0.00353919174986853,-0.01672,0.0213387581424491));
#15091=CARTESIAN_POINT('',(-0.00353919174986853,-0.01671,0.0213387581424491));
#15092=CARTESIAN_POINT('',(-0.00368297761018417,-0.01672,0.0213128993261808));
#15093=CARTESIAN_POINT('',(-0.00368297761018417,-0.01671,0.0213128993261808));
#15094=CARTESIAN_POINT('',(-0.00382038538450384,-0.01672,0.021274911814499));
#15095=CARTESIAN_POINT('',(-0.00382038538450384,-0.01671,0.021274911814499));
#15096=CARTESIAN_POINT('',(-0.00395191398035911,-0.01672,0.0212268291058514));
#15097=CARTESIAN_POINT('',(-0.00395191398035911,-0.01671,0.0212268291058514));
#15098=CARTESIAN_POINT('',(-0.00407707743536632,-0.01672,0.0211673675406041));
#15099=CARTESIAN_POINT('',(-0.00407707743536632,-0.01671,0.0211673675406041));
#15100=CARTESIAN_POINT('',(-0.00419622454551456,-0.01672,0.0210971547317598));
#15101=CARTESIAN_POINT('',(-0.00419622454551456,-0.01671,0.0210971547317598));
#15102=CARTESIAN_POINT('',(-0.00430882774685736,-0.01672,0.0210176051083285));
#15103=CARTESIAN_POINT('',(-0.00430882774685736,-0.01671,0.0210176051083285));
#15104=CARTESIAN_POINT('',(-0.00441225363361644,-0.01672,0.0209289951250562));
#15105=CARTESIAN_POINT('',(-0.00441225363361644,-0.01671,0.0209289951250562));
#15106=CARTESIAN_POINT('',(-0.00450626192946795,-0.01672,0.0208341521708762));
#15107=CARTESIAN_POINT('',(-0.00450626192946795,-0.01671,0.0208341521708762));
#15108=CARTESIAN_POINT('',(-0.00458809786660983,-0.01672,0.0207323194874684));
#15109=CARTESIAN_POINT('',(-0.00458809786660983,-0.01671,0.0207323194874684));
#15110=CARTESIAN_POINT('',(-0.00465829514606089,-0.01672,0.0206235192371857));
#15111=CARTESIAN_POINT('',(-0.00465829514606089,-0.01671,0.0206235192371857));
#15112=CARTESIAN_POINT('',(-0.00471871479109371,-0.01672,0.0205093534656359));
#15113=CARTESIAN_POINT('',(-0.00471871479109371,-0.01671,0.0205093534656359));
#15114=CARTESIAN_POINT('',(-0.00476691074870212,-0.01672,0.0203878653914144));
#15115=CARTESIAN_POINT('',(-0.00476691074870212,-0.01671,0.0203878653914144));
#15116=CARTESIAN_POINT('',(-0.00480418799748419,-0.01672,0.0202604119721871));
#15117=CARTESIAN_POINT('',(-0.00480418799748419,-0.01671,0.0202604119721871));
#15118=CARTESIAN_POINT('',(-0.00481943766641188,-0.01672,0.0201723001054644));
#15119=CARTESIAN_POINT('',(-0.00481943766641188,-0.01671,0.0201723001054644));
#15120=CARTESIAN_POINT('',(-0.00482714308027951,-0.01672,0.0201277785881143));
#15121=CARTESIAN_POINT('',(-0.00482714308027951,-0.01671,0.0201277785881143));
#15122=CARTESIAN_POINT('',(-0.00323579692643335,-0.01672,0.0213585478188835));
#15123=CARTESIAN_POINT('',(-0.00323579692643335,-0.01672,0.0213585478188835));
#15124=CARTESIAN_POINT('',(-0.00323579692643335,-0.01672,0.0213585478188835));
#15125=CARTESIAN_POINT('',(-0.00328765810610914,-0.01672,0.0213574641813687));
#15126=CARTESIAN_POINT('',(-0.0033894959581141,-0.01672,0.0213553362830534));
#15127=CARTESIAN_POINT('',(-0.00353919174986853,-0.01672,0.0213387581424491));
#15128=CARTESIAN_POINT('',(-0.00368297761018417,-0.01672,0.0213128993261808));
#15129=CARTESIAN_POINT('',(-0.00382038538450384,-0.01672,0.021274911814499));
#15130=CARTESIAN_POINT('',(-0.00395191398035911,-0.01672,0.0212268291058514));
#15131=CARTESIAN_POINT('',(-0.00407707743536632,-0.01672,0.0211673675406041));
#15132=CARTESIAN_POINT('',(-0.00419622454551456,-0.01672,0.0210971547317598));
#15133=CARTESIAN_POINT('',(-0.00430882774685736,-0.01672,0.0210176051083285));
#15134=CARTESIAN_POINT('',(-0.00441225363361644,-0.01672,0.0209289951250562));
#15135=CARTESIAN_POINT('',(-0.00450626192946795,-0.01672,0.0208341521708762));
#15136=CARTESIAN_POINT('',(-0.00458809786660983,-0.01672,0.0207323194874684));
#15137=CARTESIAN_POINT('',(-0.00465829514606089,-0.01672,0.0206235192371857));
#15138=CARTESIAN_POINT('',(-0.00471871479109371,-0.01672,0.0205093534656359));
#15139=CARTESIAN_POINT('',(-0.00476691074870212,-0.01672,0.0203878653914144));
#15140=CARTESIAN_POINT('',(-0.00480418799748419,-0.01672,0.0202604119721871));
#15141=CARTESIAN_POINT('',(-0.00481943766641188,-0.01672,0.0201723001054644));
#15142=CARTESIAN_POINT('',(-0.00482714308027951,-0.01672,0.0201277785881143));
#15143=CARTESIAN_POINT('',(-0.00133996359310002,-0.01672,0.0196486119214476));
#15144=CARTESIAN_POINT('',(-0.00133996359310002,-0.01671,0.0196486119214476));
#15145=CARTESIAN_POINT('',(-0.00134083552927323,-0.01672,0.0196854906088634));
#15146=CARTESIAN_POINT('',(-0.00134083552927323,-0.01671,0.0196854906088634));
#15147=CARTESIAN_POINT('',(-0.00134257702065205,-0.01672,0.0197591472802698));
#15148=CARTESIAN_POINT('',(-0.00134257702065205,-0.01671,0.0197591472802698));
#15149=CARTESIAN_POINT('',(-0.00135349406649153,-0.01672,0.0198691169111165));
#15150=CARTESIAN_POINT('',(-0.00135349406649153,-0.01671,0.0198691169111165));
#15151=CARTESIAN_POINT('',(-0.00137443802429918,-0.01672,0.0199772291108004));
#15152=CARTESIAN_POINT('',(-0.00137443802429918,-0.01671,0.0199772291108004));
#15153=CARTESIAN_POINT('',(-0.00140002081567554,-0.01672,0.0200845038027046));
#15154=CARTESIAN_POINT('',(-0.00140002081567554,-0.01671,0.0200845038027046));
#15155=CARTESIAN_POINT('',(-0.00143623255821568,-0.01672,0.0201895717678435));
#15156=CARTESIAN_POINT('',(-0.00143623255821568,-0.01671,0.0201895717678435));
#15157=CARTESIAN_POINT('',(-0.00147832758224451,-0.01672,0.0202939716880548));
#15158=CARTESIAN_POINT('',(-0.00147832758224451,-0.01671,0.0202939716880548));
#15159=CARTESIAN_POINT('',(-0.00152908474346293,-0.01672,0.0203967332941509));
#15160=CARTESIAN_POINT('',(-0.00152908474346293,-0.01671,0.0203967332941509));
#15161=CARTESIAN_POINT('',(-0.00158753274805814,-0.01672,0.0204971402911889));
#15162=CARTESIAN_POINT('',(-0.00158753274805814,-0.01671,0.0204971402911889));
#15163=CARTESIAN_POINT('',(-0.00165212406712874,-0.01672,0.02059485187542));
#15164=CARTESIAN_POINT('',(-0.00165212406712874,-0.01671,0.02059485187542));
#15165=CARTESIAN_POINT('',(-0.00172315156668762,-0.01672,0.0206876668995255));
#15166=CARTESIAN_POINT('',(-0.00172315156668762,-0.01671,0.0206876668995255));
#15167=CARTESIAN_POINT('',(-0.00180074939337776,-0.01672,0.0207745006613134));
#15168=CARTESIAN_POINT('',(-0.00180074939337776,-0.01671,0.0207745006613134));
#15169=CARTESIAN_POINT('',(-0.00188349087070408,-0.01672,0.0208566227068187));
#15170=CARTESIAN_POINT('',(-0.00188349087070408,-0.01671,0.0208566227068187));
#15171=CARTESIAN_POINT('',(-0.00197213091293695,-0.01672,0.0209335144385868));
#15172=CARTESIAN_POINT('',(-0.00197213091293695,-0.01671,0.0209335144385868));
#15173=CARTESIAN_POINT('',(-0.00206752922192796,-0.01672,0.0210042491305792));
#15174=CARTESIAN_POINT('',(-0.00206752922192796,-0.01671,0.0210042491305792));
#15175=CARTESIAN_POINT('',(-0.00216835047425999,-0.01672,0.0210699205345643));
#15176=CARTESIAN_POINT('',(-0.00216835047425999,-0.01671,0.0210699205345643));
#15177=CARTESIAN_POINT('',(-0.00227463937507445,-0.01672,0.0211298072042292));
#15178=CARTESIAN_POINT('',(-0.00227463937507445,-0.01671,0.0211298072042292));
#15179=CARTESIAN_POINT('',(-0.00238527249498196,-0.01672,0.0211833013381806));
#15180=CARTESIAN_POINT('',(-0.00238527249498196,-0.01671,0.0211833013381806));
#15181=CARTESIAN_POINT('',(-0.00249870841647717,-0.01672,0.0212308718640291));
#15182=CARTESIAN_POINT('',(-0.00249870841647717,-0.01671,0.0212308718640291));
#15183=CARTESIAN_POINT('',(-0.00261531173251115,-0.01672,0.0212700481536767));
#15184=CARTESIAN_POINT('',(-0.00261531173251115,-0.01671,0.0212700481536767));
#15185=CARTESIAN_POINT('',(-0.00273446906572785,-0.01672,0.02130197744115));
#15186=CARTESIAN_POINT('',(-0.00273446906572785,-0.01671,0.02130197744115));
#15187=CARTESIAN_POINT('',(-0.00285603852624375,-0.01672,0.0213281492024013));
#15188=CARTESIAN_POINT('',(-0.00285603852624375,-0.01671,0.0213281492024013));
#15189=CARTESIAN_POINT('',(-0.00298063715596188,-0.01672,0.0213449863246954));
#15190=CARTESIAN_POINT('',(-0.00298063715596188,-0.01671,0.0213449863246954));
#15191=CARTESIAN_POINT('',(-0.00310734882320946,-0.01672,0.0213572044166521));
#15192=CARTESIAN_POINT('',(-0.00310734882320946,-0.01671,0.0213572044166521));
#15193=CARTESIAN_POINT('',(-0.00319276440266104,-0.01672,0.0213580977539389));
#15194=CARTESIAN_POINT('',(-0.00319276440266104,-0.01671,0.0213580977539389));
#15195=CARTESIAN_POINT('',(-0.00323579692643335,-0.01672,0.0213585478188835));
#15196=CARTESIAN_POINT('',(-0.00323579692643335,-0.01671,0.0213585478188835));
#15197=CARTESIAN_POINT('',(-0.00133996359310002,-0.01672,0.0196486119214476));
#15198=CARTESIAN_POINT('',(-0.00133996359310002,-0.01672,0.0196486119214476));
#15199=CARTESIAN_POINT('',(-0.00133996359310002,-0.01672,0.0196486119214476));
#15200=CARTESIAN_POINT('',(-0.00134083552927323,-0.01672,0.0196854906088634));
#15201=CARTESIAN_POINT('',(-0.00134257702065205,-0.01672,0.0197591472802698));
#15202=CARTESIAN_POINT('',(-0.00135349406649153,-0.01672,0.0198691169111165));
#15203=CARTESIAN_POINT('',(-0.00137443802429918,-0.01672,0.0199772291108004));
#15204=CARTESIAN_POINT('',(-0.00140002081567554,-0.01672,0.0200845038027046));
#15205=CARTESIAN_POINT('',(-0.00143623255821568,-0.01672,0.0201895717678435));
#15206=CARTESIAN_POINT('',(-0.00147832758224451,-0.01672,0.0202939716880548));
#15207=CARTESIAN_POINT('',(-0.00152908474346293,-0.01672,0.0203967332941509));
#15208=CARTESIAN_POINT('',(-0.00158753274805814,-0.01672,0.0204971402911889));
#15209=CARTESIAN_POINT('',(-0.00165212406712874,-0.01672,0.02059485187542));
#15210=CARTESIAN_POINT('',(-0.00172315156668762,-0.01672,0.0206876668995255));
#15211=CARTESIAN_POINT('',(-0.00180074939337776,-0.01672,0.0207745006613134));
#15212=CARTESIAN_POINT('',(-0.00188349087070408,-0.01672,0.0208566227068187));
#15213=CARTESIAN_POINT('',(-0.00197213091293695,-0.01672,0.0209335144385868));
#15214=CARTESIAN_POINT('',(-0.00206752922192796,-0.01672,0.0210042491305792));
#15215=CARTESIAN_POINT('',(-0.00216835047425999,-0.01672,0.0210699205345643));
#15216=CARTESIAN_POINT('',(-0.00227463937507445,-0.01672,0.0211298072042292));
#15217=CARTESIAN_POINT('',(-0.00238527249498196,-0.01672,0.0211833013381806));
#15218=CARTESIAN_POINT('',(-0.00249870841647717,-0.01672,0.0212308718640291));
#15219=CARTESIAN_POINT('',(-0.00261531173251115,-0.01672,0.0212700481536767));
#15220=CARTESIAN_POINT('',(-0.00273446906572785,-0.01672,0.02130197744115));
#15221=CARTESIAN_POINT('',(-0.00285603852624375,-0.01672,0.0213281492024013));
#15222=CARTESIAN_POINT('',(-0.00298063715596188,-0.01672,0.0213449863246954));
#15223=CARTESIAN_POINT('',(-0.00310734882320946,-0.01672,0.0213572044166521));
#15224=CARTESIAN_POINT('',(-0.00319276440266104,-0.01672,0.0213580977539389));
#15225=CARTESIAN_POINT('',(-0.00323579692643335,-0.01672,0.0213585478188835));
#15226=CARTESIAN_POINT('',(-0.00312041231104874,-0.01672,0.0179739324342681));
#15227=CARTESIAN_POINT('',(-0.00312041231104874,-0.01671,0.0179739324342681));
#15228=CARTESIAN_POINT('',(-0.00308165287152311,-0.01672,0.0179744058247987));
#15229=CARTESIAN_POINT('',(-0.00308165287152311,-0.01671,0.0179744058247987));
#15230=CARTESIAN_POINT('',(-0.00300423451679573,-0.01672,0.0179753513781006));
#15231=CARTESIAN_POINT('',(-0.00300423451679573,-0.01671,0.0179753513781006));
#15232=CARTESIAN_POINT('',(-0.00288923477156385,-0.01672,0.0179873915204086));
#15233=CARTESIAN_POINT('',(-0.00288923477156385,-0.01671,0.0179873915204086));
#15234=CARTESIAN_POINT('',(-0.00277545648376371,-0.01672,0.0180047617955657));
#15235=CARTESIAN_POINT('',(-0.00277545648376371,-0.01671,0.0180047617955657));
#15236=CARTESIAN_POINT('',(-0.0026632920149645,-0.01672,0.0180296361939946));
#15237=CARTESIAN_POINT('',(-0.0026632920149645,-0.01671,0.0180296361939946));
#15238=CARTESIAN_POINT('',(-0.00255229541221625,-0.01672,0.0180619438319485));
#15239=CARTESIAN_POINT('',(-0.00255229541221625,-0.01671,0.0180619438319485));
#15240=CARTESIAN_POINT('',(-0.00244271359985952,-0.01672,0.01810095048586));
#15241=CARTESIAN_POINT('',(-0.00244271359985952,-0.01671,0.01810095048586));
#15242=CARTESIAN_POINT('',(-0.00233475807119436,-0.01672,0.0181479061771596));
#15243=CARTESIAN_POINT('',(-0.00233475807119436,-0.01671,0.0181479061771596));
#15244=CARTESIAN_POINT('',(-0.00222899675495048,-0.01672,0.0182014399629839));
#15245=CARTESIAN_POINT('',(-0.00222899675495048,-0.01671,0.0182014399629839));
#15246=CARTESIAN_POINT('',(-0.00212594199394324,-0.01672,0.018259880898224));
#15247=CARTESIAN_POINT('',(-0.00212594199394324,-0.01671,0.018259880898224));
#15248=CARTESIAN_POINT('',(-0.00202901844323344,-0.01672,0.0183250598455108));
#15249=CARTESIAN_POINT('',(-0.00202901844323344,-0.01671,0.0183250598455108));
#15250=CARTESIAN_POINT('',(-0.00193782191937076,-0.01672,0.0183949710562464));
#15251=CARTESIAN_POINT('',(-0.00193782191937076,-0.01671,0.0183949710562464));
#15252=CARTESIAN_POINT('',(-0.00185299732177934,-0.01672,0.0184705313991657));
#15253=CARTESIAN_POINT('',(-0.00185299732177934,-0.01671,0.0184705313991657));
#15254=CARTESIAN_POINT('',(-0.001773382742935,-0.01672,0.0185504832619743));
#15255=CARTESIAN_POINT('',(-0.001773382742935,-0.01671,0.0185504832619743));
#15256=CARTESIAN_POINT('',(-0.00170043556680383,-0.01672,0.018635962665259));
#15257=CARTESIAN_POINT('',(-0.00170043556680383,-0.01671,0.018635962665259));
#15258=CARTESIAN_POINT('',(-0.00163256054368802,-0.01672,0.018725704435311));
#15259=CARTESIAN_POINT('',(-0.00163256054368802,-0.01671,0.018725704435311));
#15260=CARTESIAN_POINT('',(-0.00157229643305519,-0.01672,0.0188209949549176));
#15261=CARTESIAN_POINT('',(-0.00157229643305519,-0.01671,0.0188209949549176));
#15262=CARTESIAN_POINT('',(-0.00151782657034194,-0.01672,0.0189191267031344));
#15263=CARTESIAN_POINT('',(-0.00151782657034194,-0.01671,0.0189191267031344));
#15264=CARTESIAN_POINT('',(-0.00147066030960543,-0.01672,0.0190193174411489));
#15265=CARTESIAN_POINT('',(-0.00147066030960543,-0.01671,0.0190193174411489));
#15266=CARTESIAN_POINT('',(-0.00143004742664302,-0.01672,0.0191208605447708));
#15267=CARTESIAN_POINT('',(-0.00143004742664302,-0.01671,0.0191208605447708));
#15268=CARTESIAN_POINT('',(-0.0013975952540309,-0.01672,0.0192238132551591));
#15269=CARTESIAN_POINT('',(-0.0013975952540309,-0.01671,0.0192238132551591));
#15270=CARTESIAN_POINT('',(-0.00137150494943904,-0.01672,0.0193281098325861));
#15271=CARTESIAN_POINT('',(-0.00137150494943904,-0.01671,0.0193281098325861));
#15272=CARTESIAN_POINT('',(-0.00135303789228675,-0.01672,0.0194335873229989));
#15273=CARTESIAN_POINT('',(-0.00135303789228675,-0.01671,0.0194335873229989));
#15274=CARTESIAN_POINT('',(-0.00134266544768793,-0.01672,0.0195407654129992));
#15275=CARTESIAN_POINT('',(-0.00134266544768793,-0.01671,0.0195407654129992));
#15276=CARTESIAN_POINT('',(-0.00134086746463839,-0.01672,0.0196125332257491));
#15277=CARTESIAN_POINT('',(-0.00134086746463839,-0.01671,0.0196125332257491));
#15278=CARTESIAN_POINT('',(-0.00133996359310002,-0.01672,0.0196486119214476));
#15279=CARTESIAN_POINT('',(-0.00133996359310002,-0.01671,0.0196486119214476));
#15280=CARTESIAN_POINT('',(-0.00312041231104874,-0.01672,0.0179739324342681));
#15281=CARTESIAN_POINT('',(-0.00312041231104874,-0.01672,0.0179739324342681));
#15282=CARTESIAN_POINT('',(-0.00312041231104874,-0.01672,0.0179739324342681));
#15283=CARTESIAN_POINT('',(-0.00308165287152311,-0.01672,0.0179744058247987));
#15284=CARTESIAN_POINT('',(-0.00300423451679573,-0.01672,0.0179753513781006));
#15285=CARTESIAN_POINT('',(-0.00288923477156385,-0.01672,0.0179873915204086));
#15286=CARTESIAN_POINT('',(-0.00277545648376371,-0.01672,0.0180047617955657));
#15287=CARTESIAN_POINT('',(-0.0026632920149645,-0.01672,0.0180296361939946));
#15288=CARTESIAN_POINT('',(-0.00255229541221625,-0.01672,0.0180619438319485));
#15289=CARTESIAN_POINT('',(-0.00244271359985952,-0.01672,0.01810095048586));
#15290=CARTESIAN_POINT('',(-0.00233475807119436,-0.01672,0.0181479061771596));
#15291=CARTESIAN_POINT('',(-0.00222899675495048,-0.01672,0.0182014399629839));
#15292=CARTESIAN_POINT('',(-0.00212594199394324,-0.01672,0.018259880898224));
#15293=CARTESIAN_POINT('',(-0.00202901844323344,-0.01672,0.0183250598455108));
#15294=CARTESIAN_POINT('',(-0.00193782191937076,-0.01672,0.0183949710562464));
#15295=CARTESIAN_POINT('',(-0.00185299732177934,-0.01672,0.0184705313991657));
#15296=CARTESIAN_POINT('',(-0.001773382742935,-0.01672,0.0185504832619743));
#15297=CARTESIAN_POINT('',(-0.00170043556680383,-0.01672,0.018635962665259));
#15298=CARTESIAN_POINT('',(-0.00163256054368802,-0.01672,0.018725704435311));
#15299=CARTESIAN_POINT('',(-0.00157229643305519,-0.01672,0.0188209949549176));
#15300=CARTESIAN_POINT('',(-0.00151782657034194,-0.01672,0.0189191267031344));
#15301=CARTESIAN_POINT('',(-0.00147066030960543,-0.01672,0.0190193174411489));
#15302=CARTESIAN_POINT('',(-0.00143004742664302,-0.01672,0.0191208605447708));
#15303=CARTESIAN_POINT('',(-0.0013975952540309,-0.01672,0.0192238132551591));
#15304=CARTESIAN_POINT('',(-0.00137150494943904,-0.01672,0.0193281098325861));
#15305=CARTESIAN_POINT('',(-0.00135303789228675,-0.01672,0.0194335873229989));
#15306=CARTESIAN_POINT('',(-0.00134266544768793,-0.01672,0.0195407654129992));
#15307=CARTESIAN_POINT('',(-0.00134086746463839,-0.01672,0.0196125332257491));
#15308=CARTESIAN_POINT('',(-0.00133996359310002,-0.01672,0.0196486119214476));
#15309=CARTESIAN_POINT('',(-0.0046220148751513,-0.01672,0.0186405991009348));
#15310=CARTESIAN_POINT('',(-0.0046220148751513,-0.01671,0.0186405991009348));
#15311=CARTESIAN_POINT('',(-0.00456601011664294,-0.01672,0.0185882928969364));
#15312=CARTESIAN_POINT('',(-0.00456601011664294,-0.01671,0.0185882928969364));
#15313=CARTESIAN_POINT('',(-0.00445563338082083,-0.01672,0.0184852054412566));
#15314=CARTESIAN_POINT('',(-0.00445563338082083,-0.01671,0.0184852054412566));
#15315=CARTESIAN_POINT('',(-0.00427654210026929,-0.01672,0.0183499593448602));
#15316=CARTESIAN_POINT('',(-0.00427654210026929,-0.01671,0.0183499593448602));
#15317=CARTESIAN_POINT('',(-0.00408942968595864,-0.01672,0.0182350040252722));
#15318=CARTESIAN_POINT('',(-0.00408942968595864,-0.01671,0.0182350040252722));
#15319=CARTESIAN_POINT('',(-0.0038958173730007,-0.01672,0.0181405594686099));
#15320=CARTESIAN_POINT('',(-0.0038958173730007,-0.01671,0.0181405594686099));
#15321=CARTESIAN_POINT('',(-0.00369943873555969,-0.01672,0.0180671443924057));
#15322=CARTESIAN_POINT('',(-0.00369943873555969,-0.01671,0.0180671443924057));
#15323=CARTESIAN_POINT('',(-0.00350421447660021,-0.01672,0.0180140614205505));
#15324=CARTESIAN_POINT('',(-0.00350421447660021,-0.01671,0.0180140614205505));
#15325=CARTESIAN_POINT('',(-0.00331151330534436,-0.01672,0.0179799225868153));
#15326=CARTESIAN_POINT('',(-0.00331151330534436,-0.01671,0.0179799225868153));
#15327=CARTESIAN_POINT('',(-0.00318358111872246,-0.01672,0.0179759124909161));
#15328=CARTESIAN_POINT('',(-0.00318358111872246,-0.01671,0.0179759124909161));
#15329=CARTESIAN_POINT('',(-0.00312041231104874,-0.01672,0.0179739324342681));
#15330=CARTESIAN_POINT('',(-0.00312041231104874,-0.01671,0.0179739324342681));
#15331=CARTESIAN_POINT('',(-0.0046220148751513,-0.01672,0.0186405991009348));
#15332=CARTESIAN_POINT('',(-0.0046220148751513,-0.01672,0.0186405991009348));
#15333=CARTESIAN_POINT('',(-0.0046220148751513,-0.01672,0.0186405991009348));
#15334=CARTESIAN_POINT('',(-0.00456601011664294,-0.01672,0.0185882928969364));
#15335=CARTESIAN_POINT('',(-0.00445563338082083,-0.01672,0.0184852054412566));
#15336=CARTESIAN_POINT('',(-0.00427654210026929,-0.01672,0.0183499593448602));
#15337=CARTESIAN_POINT('',(-0.00408942968595864,-0.01672,0.0182350040252722));
#15338=CARTESIAN_POINT('',(-0.0038958173730007,-0.01672,0.0181405594686099));
#15339=CARTESIAN_POINT('',(-0.00369943873555969,-0.01672,0.0180671443924057));
#15340=CARTESIAN_POINT('',(-0.00350421447660021,-0.01672,0.0180140614205505));
#15341=CARTESIAN_POINT('',(-0.00331151330534436,-0.01672,0.0179799225868153));
#15342=CARTESIAN_POINT('',(-0.00318358111872246,-0.01672,0.0179759124909161));
#15343=CARTESIAN_POINT('',(-0.00312041231104874,-0.01672,0.0179739324342681));
#15344=CARTESIAN_POINT('',(-0.00492970718284361,-0.01672,0.0183489324342681));
#15345=CARTESIAN_POINT('',(-0.00492970718284361,-0.01672,0.0183489324342681));
#15346=CARTESIAN_POINT('',(-0.00411200350206035,-0.01672,0.0177682213262095));
#15347=CARTESIAN_POINT('',(0.00255747230433588,-0.01672,0.0216662401265758));
#15348=CARTESIAN_POINT('',(0.00255747230433588,-0.01672,0.0216662401265758));
#15349=CARTESIAN_POINT('',(0.00255747230433588,-0.01672,0.0216662401265758));
#15350=CARTESIAN_POINT('',(0.00255747230433588,-0.01672,0.0216662401265758));
#15351=CARTESIAN_POINT('',(0.00291644666331024,-0.01672,0.0216662401265758));
#15352=CARTESIAN_POINT('',(0.00291644666331024,-0.01672,0.0216662401265758));
#15353=CARTESIAN_POINT('',(0.00255747230433588,-0.01672,0.0185252144855502));
#15354=CARTESIAN_POINT('',(0.00255747230433588,-0.01672,0.0185252144855502));
#15355=CARTESIAN_POINT('',(0.00255747230433588,-0.01672,0.0185252144855502));
#15356=CARTESIAN_POINT('',(0.00255747230433588,-0.01672,0.0185252144855502));
#15357=CARTESIAN_POINT('',(-7.87456443820723E-5,-0.01672,0.0216662401265758));
#15358=CARTESIAN_POINT('',(-7.87456443820723E-5,-0.01672,0.0216662401265758));
#15359=CARTESIAN_POINT('',(-7.87456443820723E-5,-0.01672,0.0216662401265758));
#15360=CARTESIAN_POINT('',(-7.87456443820723E-5,-0.01672,0.0216662401265758));
#15361=CARTESIAN_POINT('',(-0.000160476413612842,-0.01672,0.0216662401265758));
#15362=CARTESIAN_POINT('',(-0.000160476413612842,-0.01672,0.0216662401265758));
#15363=CARTESIAN_POINT('',(-0.000160476413612842,-0.01672,0.0216662401265758));
#15364=CARTESIAN_POINT('',(-0.000160476413612842,-0.01672,0.0216662401265758));
#15365=CARTESIAN_POINT('',(-0.000160476413612842,-0.01672,0.0176662401265758));
#15366=CARTESIAN_POINT('',(-0.000160476413612842,-0.01672,0.0176662401265758));
#15367=CARTESIAN_POINT('',(-0.000160476413612842,-0.01672,0.0176662401265758));
#15368=CARTESIAN_POINT('',(-0.000160476413612842,-0.01672,0.0176662401265758));
#15369=CARTESIAN_POINT('',(0.000198497945361518,-0.01672,0.0176662401265758));
#15370=CARTESIAN_POINT('',(0.000198497945361518,-0.01672,0.0176662401265758));
#15371=CARTESIAN_POINT('',(0.000198497945361518,-0.01672,0.0176662401265758));
#15372=CARTESIAN_POINT('',(0.000198497945361518,-0.01672,0.0176662401265758));
#15373=CARTESIAN_POINT('',(0.000198497945361518,-0.01672,0.020814477306063));
#15374=CARTESIAN_POINT('',(0.000198497945361518,-0.01672,0.020814477306063));
#15375=CARTESIAN_POINT('',(0.000198497945361518,-0.01672,0.020814477306063));
#15376=CARTESIAN_POINT('',(0.000198497945361518,-0.01672,0.020814477306063));
#15377=CARTESIAN_POINT('',(0.00284112615048972,-0.01672,0.0176662401265758));
#15378=CARTESIAN_POINT('',(0.00284112615048972,-0.01672,0.0176662401265758));
#15379=CARTESIAN_POINT('',(0.00284112615048972,-0.01672,0.0176662401265758));
#15380=CARTESIAN_POINT('',(0.00284112615048972,-0.01672,0.0176662401265758));
#15381=CARTESIAN_POINT('',(0.00291644666331024,-0.01672,0.0176662401265758));
#15382=CARTESIAN_POINT('',(0.00291644666331024,-0.01672,0.0176662401265758));
#15383=CARTESIAN_POINT('',(0.00291644666331024,-0.01672,0.0176662401265758));
#15384=CARTESIAN_POINT('',(0.00291644666331024,-0.01672,0.0176662401265758));
#15385=CARTESIAN_POINT('',(0.00291644666331024,-0.01672,0.0216662401265758));
#15386=CARTESIAN_POINT('',(0.00291644666331024,-0.01672,0.0216662401265758));
#15387=CARTESIAN_POINT('',(0.,-0.01672,0.));
#15388=CARTESIAN_POINT('',(0.,-0.01672,0.));
#15389=CARTESIAN_POINT('',(0.00542926717613075,-0.01672,0.0176662401265758));
#15390=CARTESIAN_POINT('',(0.00542926717613075,-0.01672,0.0176662401265758));
#15391=CARTESIAN_POINT('',(0.0053779851248487,-0.01672,0.0176662401265758));
#15392=CARTESIAN_POINT('',(0.00732670307356665,-0.01672,0.0216662401265758));
#15393=CARTESIAN_POINT('',(0.00732670307356665,-0.01672,0.0216662401265758));
#15394=CARTESIAN_POINT('',(0.00693487615048972,-0.01672,0.0216662401265758));
#15395=CARTESIAN_POINT('',(0.00693487615048972,-0.01672,0.0216662401265758));
#15396=CARTESIAN_POINT('',(0.00632670307356665,-0.01672,0.0203841888445245));
#15397=CARTESIAN_POINT('',(0.00632670307356665,-0.01672,0.0203841888445245));
#15398=CARTESIAN_POINT('',(0.00451340179151537,-0.01672,0.0203841888445245));
#15399=CARTESIAN_POINT('',(0.00451340179151537,-0.01672,0.0203841888445245));
#15400=CARTESIAN_POINT('',(0.00392205563766921,-0.01672,0.0216662401265758));
#15401=CARTESIAN_POINT('',(0.00392205563766921,-0.01672,0.0216662401265758));
#15402=CARTESIAN_POINT('',(0.00353183127869485,-0.01672,0.0216662401265758));
#15403=CARTESIAN_POINT('',(0.00353183127869485,-0.01672,0.0216662401265758));
#15404=CARTESIAN_POINT('',(0.0053779851248487,-0.01672,0.0176662401265758));
#15405=CARTESIAN_POINT('',(0.00540763256074613,-0.01672,0.0184458875624733));
#15406=CARTESIAN_POINT('',(0.00540763256074613,-0.01672,0.0184458875624733));
#15407=CARTESIAN_POINT('',(0.00613199153510511,-0.01672,0.0199739324342681));
#15408=CARTESIAN_POINT('',(0.00470250435561793,-0.01672,0.0199739324342681));
#15409=CARTESIAN_POINT('',(0.00470250435561793,-0.01672,0.0199739324342681));
#15410=CARTESIAN_POINT('',(0.00613199153510511,-0.01672,0.0199739324342681));
#15411=CARTESIAN_POINT('',(0.00542926717613075,-0.01672,0.0176662401265758));
#15412=CARTESIAN_POINT('',(0.00542926717613075,-0.01672,0.0176662401265758));
#15413=CARTESIAN_POINT('',(0.0053779851248487,-0.01672,0.0176662401265758));
#15414=CARTESIAN_POINT('',(0.00732670307356665,-0.01672,0.0216662401265758));
#15415=CARTESIAN_POINT('',(0.00732670307356665,-0.01672,0.0216662401265758));
#15416=CARTESIAN_POINT('',(0.00693487615048972,-0.01672,0.0216662401265758));
#15417=CARTESIAN_POINT('',(0.00693487615048972,-0.01672,0.0216662401265758));
#15418=CARTESIAN_POINT('',(0.00632670307356665,-0.01672,0.0203841888445245));
#15419=CARTESIAN_POINT('',(0.00632670307356665,-0.01672,0.0203841888445245));
#15420=CARTESIAN_POINT('',(0.00451340179151537,-0.01672,0.0203841888445245));
#15421=CARTESIAN_POINT('',(0.00451340179151537,-0.01672,0.0203841888445245));
#15422=CARTESIAN_POINT('',(0.00392205563766921,-0.01672,0.0216662401265758));
#15423=CARTESIAN_POINT('',(0.00392205563766921,-0.01672,0.0216662401265758));
#15424=CARTESIAN_POINT('',(0.00353183127869485,-0.01672,0.0216662401265758));
#15425=CARTESIAN_POINT('',(0.00353183127869485,-0.01672,0.0216662401265758));
#15426=CARTESIAN_POINT('',(0.0053779851248487,-0.01672,0.0176662401265758));
#15427=CARTESIAN_POINT('',(0.00470250435561793,-0.01672,0.0199739324342681));
#15428=CARTESIAN_POINT('',(0.00470250435561793,-0.01671,0.0199739324342681));
#15429=CARTESIAN_POINT('',(0.00470250435561793,-0.01671,0.0199739324342681));
#15430=CARTESIAN_POINT('',(0.00540763256074613,-0.01671,0.0184458875624733));
#15431=CARTESIAN_POINT('',(0.00470250435561793,-0.01672,0.0199739324342681));
#15432=CARTESIAN_POINT('',(0.00540763256074613,-0.01672,0.0184458875624733));
#15433=CARTESIAN_POINT('',(0.00540763256074613,-0.01672,0.0184458875624733));
#15434=CARTESIAN_POINT('',(0.00540763256074613,-0.01671,0.0184458875624733));
#15435=CARTESIAN_POINT('',(0.00613199153510511,-0.01671,0.0199739324342681));
#15436=CARTESIAN_POINT('',(0.00613199153510511,-0.01672,0.0199739324342681));
#15437=CARTESIAN_POINT('',(0.00613199153510511,-0.01672,0.0199739324342681));
#15438=CARTESIAN_POINT('',(0.00613199153510511,-0.01671,0.0199739324342681));
#15439=CARTESIAN_POINT('',(-1.84314369322536E-18,-0.01671,0.0195));
#15440=CARTESIAN_POINT('',(0.00967313695268076,-0.01672,0.0176907425205445));
#15441=CARTESIAN_POINT('',(0.00988199153510511,-0.01672,0.0216662401265758));
#15442=CARTESIAN_POINT('',(0.00988199153510511,-0.01672,0.0216662401265758));
#15443=CARTESIAN_POINT('',(0.0111215748684384,-0.01672,0.0216662401265758));
#15444=CARTESIAN_POINT('',(0.00783952358638716,-0.01672,0.0197167208958066));
#15445=CARTESIAN_POINT('',(0.00784024289127991,-0.01672,0.0197661621435836));
#15446=CARTESIAN_POINT('',(0.00784166035670037,-0.01672,0.0198635912863225));
#15447=CARTESIAN_POINT('',(0.0078543726333783,-0.01672,0.0200071832809745));
#15448=CARTESIAN_POINT('',(0.00787288522191125,-0.01672,0.0201465043078671));
#15449=CARTESIAN_POINT('',(0.00790141517313965,-0.01672,0.020280942622976));
#15450=CARTESIAN_POINT('',(0.00793647211547901,-0.01672,0.0204114033606752));
#15451=CARTESIAN_POINT('',(0.00797974132106528,-0.01672,0.0205372688087579));
#15452=CARTESIAN_POINT('',(0.00803102631593869,-0.01672,0.0206586245134194));
#15453=CARTESIAN_POINT('',(0.00809050234394635,-0.01672,0.020774506579371));
#15454=CARTESIAN_POINT('',(0.0081556261680136,-0.01672,0.020884633225193));
#15455=CARTESIAN_POINT('',(0.00822658926562592,-0.01672,0.020987259563612));
#15456=CARTESIAN_POINT('',(0.00830096190508417,-0.01672,0.0210835170948105));
#15457=CARTESIAN_POINT('',(0.00838145659110364,-0.01672,0.0211712312543447));
#15458=CARTESIAN_POINT('',(0.00846540822665771,-0.01672,0.0212531334871714));
#15459=CARTESIAN_POINT('',(0.00855567212397121,-0.01672,0.0213255906028978));
#15460=CARTESIAN_POINT('',(0.00864942201318884,-0.01672,0.021391966408145));
#15461=CARTESIAN_POINT('',(0.00874947441334507,-0.01672,0.0214502451833202));
#15462=CARTESIAN_POINT('',(0.00885665021675834,-0.01672,0.0215020858859714));
#15463=CARTESIAN_POINT('',(0.00897374900752648,-0.01672,0.0215458656702059));
#15464=CARTESIAN_POINT('',(0.00910034340834538,-0.01672,0.0215835414359954));
#15465=CARTESIAN_POINT('',(0.00923727225900817,-0.01672,0.0216135589077406));
#15466=CARTESIAN_POINT('',(0.00938407888897828,-0.01672,0.0216377545130401));
#15467=CARTESIAN_POINT('',(0.00954116125771099,-0.01672,0.0216538675438411));
#15468=CARTESIAN_POINT('',(0.00970822521798578,-0.01672,0.0216647941895295));
#15469=CARTESIAN_POINT('',(0.00982294475533986,-0.01672,0.0216657487889694));
#15470=CARTESIAN_POINT('',(0.00988199153510511,-0.01672,0.0216662401265758));
#15471=CARTESIAN_POINT('',(0.00783952358638716,-0.01672,0.0197167208958066));
#15472=CARTESIAN_POINT('',(0.00904465179151536,-0.01672,0.0178104708958066));
#15473=CARTESIAN_POINT('',(0.00899836795078053,-0.01672,0.0178281005159256));
#15474=CARTESIAN_POINT('',(0.00890684983325464,-0.01672,0.0178629599748723));
#15475=CARTESIAN_POINT('',(0.00877661606008982,-0.01672,0.0179288180428312));
#15476=CARTESIAN_POINT('',(0.00865359971427608,-0.01672,0.0180031329995087));
#15477=CARTESIAN_POINT('',(0.00853877213793188,-0.01672,0.0180876086294937));
#15478=CARTESIAN_POINT('',(0.00843188031445417,-0.01672,0.0181811654333773));
#15479=CARTESIAN_POINT('',(0.00833157931284258,-0.01672,0.0182830464619398));
#15480=CARTESIAN_POINT('',(0.00824074407465921,-0.01672,0.0183959715957965));
#15481=CARTESIAN_POINT('',(0.00815624166639602,-0.01672,0.0185164368083121));
#15482=CARTESIAN_POINT('',(0.00808228013421103,-0.01672,0.0186455383591834));
#15483=CARTESIAN_POINT('',(0.00801706027628223,-0.01672,0.0187806903611352));
#15484=CARTESIAN_POINT('',(0.00796137241909409,-0.01672,0.0189216305794349));
#15485=CARTESIAN_POINT('',(0.00791792093243579,-0.01672,0.0190693873901319));
#15486=CARTESIAN_POINT('',(0.00788202249541866,-0.01672,0.0192225416472407));
#15487=CARTESIAN_POINT('',(0.00785793552484618,-0.01672,0.0193822529152293));
#15488=CARTESIAN_POINT('',(0.00784193551860956,-0.01672,0.0195475900656943));
#15489=CARTESIAN_POINT('',(0.00784033545078394,-0.01672,0.0196597908966582));
#15490=CARTESIAN_POINT('',(0.00783952358638716,-0.01672,0.0197167208958066));
#15491=CARTESIAN_POINT('',(0.00904465179151536,-0.01672,0.0178104708958066));
#15492=CARTESIAN_POINT('',(0.0103138825607461,-0.01672,0.0176662401265758));
#15493=CARTESIAN_POINT('',(0.0102436321424706,-0.01672,0.0176667445425949));
#15494=CARTESIAN_POINT('',(0.0101079086999615,-0.01672,0.0176677190717186));
#15495=CARTESIAN_POINT('',(0.00991178214475334,-0.01672,0.0176739334087321));
#15496=CARTESIAN_POINT('',(0.00973057381159232,-0.01672,0.0176848155808856));
#15497=CARTESIAN_POINT('',(0.0095643866060746,-0.01672,0.0177009725090096));
#15498=CARTESIAN_POINT('',(0.00941295353530829,-0.01672,0.0177203653506138));
#15499=CARTESIAN_POINT('',(0.00927651713662976,-0.01672,0.0177450282033476));
#15500=CARTESIAN_POINT('',(0.00915485630462383,-0.01672,0.0177740333882284));
#15501=CARTESIAN_POINT('',(0.00908003423313423,-0.01672,0.0177987722098975));
#15502=CARTESIAN_POINT('',(0.00904465179151536,-0.01672,0.0178104708958066));
#15503=CARTESIAN_POINT('',(0.0103138825607461,-0.01672,0.0176662401265758));
#15504=CARTESIAN_POINT('',(0.0111215748684384,-0.01672,0.0176662401265758));
#15505=CARTESIAN_POINT('',(0.0111215748684384,-0.01672,0.0176662401265758));
#15506=CARTESIAN_POINT('',(0.0111215748684384,-0.01672,0.0216662401265758));
#15507=CARTESIAN_POINT('',(0.0107626005094641,-0.01672,0.0212559837163194));
#15508=CARTESIAN_POINT('',(0.0107626005094641,-0.01672,0.0212559837163194));
#15509=CARTESIAN_POINT('',(0.0103034658940795,-0.01672,0.0212559837163194));
#15510=CARTESIAN_POINT('',(0.0107626005094641,-0.01672,0.0180764965368322));
#15511=CARTESIAN_POINT('',(0.0107626005094641,-0.01672,0.0180764965368322));
#15512=CARTESIAN_POINT('',(0.0104813505094641,-0.01672,0.0180764965368322));
#15513=CARTESIAN_POINT('',(0.0104813505094641,-0.0167199999999997,0.0180764965368322));
#15514=CARTESIAN_POINT('',(0.00925218384279741,-0.01672,0.0181886760240117));
#15515=CARTESIAN_POINT('',(0.00928572801007932,-0.01672,0.0181794001064445));
#15516=CARTESIAN_POINT('',(0.00935705211325811,-0.01672,0.0181596769606564));
#15517=CARTESIAN_POINT('',(0.0094734400721444,-0.01672,0.0181381622492031));
#15518=CARTESIAN_POINT('',(0.00960442881434943,-0.01672,0.0181191856788981));
#15519=CARTESIAN_POINT('',(0.00975059990133651,-0.01672,0.0181031193482155));
#15520=CARTESIAN_POINT('',(0.00991178671173156,-0.01672,0.0180915909809676));
#15521=CARTESIAN_POINT('',(0.0100881132122863,-0.01672,0.0180829380499877));
#15522=CARTESIAN_POINT('',(0.0102796556175065,-0.01672,0.0180771018985793));
#15523=CARTESIAN_POINT('',(0.0104124356561957,-0.01672,0.0180767033760614));
#15524=CARTESIAN_POINT('',(0.0104813505094641,-0.01672,0.0180764965368322));
#15525=CARTESIAN_POINT('',(0.00925218384279741,-0.01672,0.0181886760240117));
#15526=CARTESIAN_POINT('',(0.00819849794536152,-0.01672,0.0197159196137553));
#15527=CARTESIAN_POINT('',(0.00819908518473236,-0.01672,0.01966913877352));
#15528=CARTESIAN_POINT('',(0.00820023882167433,-0.01672,0.0195772373987968));
#15529=CARTESIAN_POINT('',(0.00821471488419418,-0.01672,0.0194423869190295));
#15530=CARTESIAN_POINT('',(0.0082359144919989,-0.01672,0.0193127091347249));
#15531=CARTESIAN_POINT('',(0.00826640847413982,-0.01672,0.0191881106830163));
#15532=CARTESIAN_POINT('',(0.00830580406965841,-0.01672,0.0190687536699231));
#15533=CARTESIAN_POINT('',(0.00835294409294475,-0.01672,0.0189539637791356));
#15534=CARTESIAN_POINT('',(0.00841017948075163,-0.01672,0.0188452182469075));
#15535=CARTESIAN_POINT('',(0.00847497599090607,-0.01672,0.0187415960403648));
#15536=CARTESIAN_POINT('',(0.0085477219406156,-0.01672,0.0186446664521308));
#15537=CARTESIAN_POINT('',(0.00862809463125691,-0.01672,0.0185555650644824));
#15538=CARTESIAN_POINT('',(0.00871524658235137,-0.01672,0.0184741259022823));
#15539=CARTESIAN_POINT('',(0.00880877613752529,-0.01672,0.0184002193015364));
#15540=CARTESIAN_POINT('',(0.00890999099751177,-0.01672,0.0183351595892958));
#15541=CARTESIAN_POINT('',(0.00901717840795129,-0.01672,0.018277283484667));
#15542=CARTESIAN_POINT('',(0.00913184824654677,-0.01672,0.018228108504164));
#15543=CARTESIAN_POINT('',(0.00921163568651059,-0.01672,0.0182019631511612));
#15544=CARTESIAN_POINT('',(0.00925218384279741,-0.01672,0.0181886760240117));
#15545=CARTESIAN_POINT('',(0.00819849794536152,-0.01672,0.0197159196137553));
#15546=CARTESIAN_POINT('',(0.00916003640689998,-0.01672,0.0211542208958066));
#15547=CARTESIAN_POINT('',(0.00912352321722649,-0.01672,0.0211413629328512));
#15548=CARTESIAN_POINT('',(0.0090513689546628,-0.01672,0.0211159541191207));
#15549=CARTESIAN_POINT('',(0.00894751607622418,-0.01672,0.0210695886140781));
#15550=CARTESIAN_POINT('',(0.00885060953625418,-0.01672,0.0210147346463932));
#15551=CARTESIAN_POINT('',(0.00875903380126326,-0.01672,0.0209534002479936));
#15552=CARTESIAN_POINT('',(0.00867337739842479,-0.01672,0.0208846383559459));
#15553=CARTESIAN_POINT('',(0.00859403699626357,-0.01672,0.0208082302920526));
#15554=CARTESIAN_POINT('',(0.0085203859030349,-0.01672,0.0207250606481005));
#15555=CARTESIAN_POINT('',(0.00845360334340216,-0.01672,0.0206348491819887));
#15556=CARTESIAN_POINT('',(0.00839320381593586,-0.01672,0.0205385968342953));
#15557=CARTESIAN_POINT('',(0.00834101882315886,-0.01672,0.0204364108228252));
#15558=CARTESIAN_POINT('',(0.00829702746522145,-0.01672,0.0203288645787297));
#15559=CARTESIAN_POINT('',(0.00826093548056581,-0.01672,0.020216332273313));
#15560=CARTESIAN_POINT('',(0.00823279610853285,-0.01672,0.0200987469313633));
#15561=CARTESIAN_POINT('',(0.00821298488338933,-0.01672,0.0199758134726982));
#15562=CARTESIAN_POINT('',(0.00820070809933754,-0.01672,0.019847580445298));
#15563=CARTESIAN_POINT('',(0.00819924269598454,-0.01672,0.0197602850685533));
#15564=CARTESIAN_POINT('',(0.00819849794536152,-0.01672,0.0197159196137553));
#15565=CARTESIAN_POINT('',(0.00916003640689998,-0.01672,0.0211542208958066));
#15566=CARTESIAN_POINT('',(0.0103034658940795,-0.01672,0.0212559837163194));
#15567=CARTESIAN_POINT('',(0.0102374906132337,-0.01672,0.0212557001776062));
#15568=CARTESIAN_POINT('',(0.0101105959864762,-0.01672,0.0212551548288222));
#15569=CARTESIAN_POINT('',(0.0099281297038602,-0.01672,0.0212503694538127));
#15570=CARTESIAN_POINT('',(0.00976141039360782,-0.01672,0.0212425500966661));
#15571=CARTESIAN_POINT('',(0.00961041438287275,-0.01672,0.021231607150599));
#15572=CARTESIAN_POINT('',(0.00947522692653294,-0.01672,0.0212171287332409));
#15573=CARTESIAN_POINT('',(0.00935556549809567,-0.01672,0.0212009859872438));
#15574=CARTESIAN_POINT('',(0.00925182234572439,-0.01672,0.0211808746149512));
#15575=CARTESIAN_POINT('',(0.00918904584636214,-0.01672,0.0211626449470487));
#15576=CARTESIAN_POINT('',(0.00916003640689998,-0.01672,0.0211542208958066));
#15577=CARTESIAN_POINT('',(0.00988199153510511,-0.01672,0.0216662401265758));
#15578=CARTESIAN_POINT('',(0.00988199153510511,-0.01672,0.0216662401265758));
#15579=CARTESIAN_POINT('',(0.0111215748684384,-0.01672,0.0216662401265758));
#15580=CARTESIAN_POINT('',(0.00783952358638716,-0.01672,0.0197167208958066));
#15581=CARTESIAN_POINT('',(0.00783952358638716,-0.01671,0.0197167208958066));
#15582=CARTESIAN_POINT('',(0.00784024289127991,-0.01672,0.0197661621435836));
#15583=CARTESIAN_POINT('',(0.00784024289127991,-0.01671,0.0197661621435836));
#15584=CARTESIAN_POINT('',(0.00784166035670037,-0.01672,0.0198635912863225));
#15585=CARTESIAN_POINT('',(0.00784166035670037,-0.01671,0.0198635912863225));
#15586=CARTESIAN_POINT('',(0.0078543726333783,-0.01672,0.0200071832809745));
#15587=CARTESIAN_POINT('',(0.0078543726333783,-0.01671,0.0200071832809745));
#15588=CARTESIAN_POINT('',(0.00787288522191125,-0.01672,0.0201465043078671));
#15589=CARTESIAN_POINT('',(0.00787288522191125,-0.01671,0.0201465043078671));
#15590=CARTESIAN_POINT('',(0.00790141517313965,-0.01672,0.020280942622976));
#15591=CARTESIAN_POINT('',(0.00790141517313965,-0.01671,0.020280942622976));
#15592=CARTESIAN_POINT('',(0.00793647211547901,-0.01672,0.0204114033606752));
#15593=CARTESIAN_POINT('',(0.00793647211547901,-0.01671,0.0204114033606752));
#15594=CARTESIAN_POINT('',(0.00797974132106528,-0.01672,0.0205372688087579));
#15595=CARTESIAN_POINT('',(0.00797974132106528,-0.01671,0.0205372688087579));
#15596=CARTESIAN_POINT('',(0.00803102631593869,-0.01672,0.0206586245134194));
#15597=CARTESIAN_POINT('',(0.00803102631593869,-0.01671,0.0206586245134194));
#15598=CARTESIAN_POINT('',(0.00809050234394635,-0.01672,0.020774506579371));
#15599=CARTESIAN_POINT('',(0.00809050234394635,-0.01671,0.020774506579371));
#15600=CARTESIAN_POINT('',(0.0081556261680136,-0.01672,0.020884633225193));
#15601=CARTESIAN_POINT('',(0.0081556261680136,-0.01671,0.020884633225193));
#15602=CARTESIAN_POINT('',(0.00822658926562592,-0.01672,0.020987259563612));
#15603=CARTESIAN_POINT('',(0.00822658926562592,-0.01671,0.020987259563612));
#15604=CARTESIAN_POINT('',(0.00830096190508417,-0.01672,0.0210835170948105));
#15605=CARTESIAN_POINT('',(0.00830096190508417,-0.01671,0.0210835170948105));
#15606=CARTESIAN_POINT('',(0.00838145659110364,-0.01672,0.0211712312543447));
#15607=CARTESIAN_POINT('',(0.00838145659110364,-0.01671,0.0211712312543447));
#15608=CARTESIAN_POINT('',(0.00846540822665771,-0.01672,0.0212531334871714));
#15609=CARTESIAN_POINT('',(0.00846540822665771,-0.01671,0.0212531334871714));
#15610=CARTESIAN_POINT('',(0.00855567212397121,-0.01672,0.0213255906028978));
#15611=CARTESIAN_POINT('',(0.00855567212397121,-0.01671,0.0213255906028978));
#15612=CARTESIAN_POINT('',(0.00864942201318884,-0.01672,0.021391966408145));
#15613=CARTESIAN_POINT('',(0.00864942201318884,-0.01671,0.021391966408145));
#15614=CARTESIAN_POINT('',(0.00874947441334507,-0.01672,0.0214502451833202));
#15615=CARTESIAN_POINT('',(0.00874947441334507,-0.01671,0.0214502451833202));
#15616=CARTESIAN_POINT('',(0.00885665021675834,-0.01672,0.0215020858859714));
#15617=CARTESIAN_POINT('',(0.00885665021675834,-0.01671,0.0215020858859714));
#15618=CARTESIAN_POINT('',(0.00897374900752648,-0.01672,0.0215458656702059));
#15619=CARTESIAN_POINT('',(0.00897374900752648,-0.01671,0.0215458656702059));
#15620=CARTESIAN_POINT('',(0.00910034340834538,-0.01672,0.0215835414359954));
#15621=CARTESIAN_POINT('',(0.00910034340834538,-0.01671,0.0215835414359954));
#15622=CARTESIAN_POINT('',(0.00923727225900817,-0.01672,0.0216135589077406));
#15623=CARTESIAN_POINT('',(0.00923727225900817,-0.01671,0.0216135589077406));
#15624=CARTESIAN_POINT('',(0.00938407888897828,-0.01672,0.0216377545130401));
#15625=CARTESIAN_POINT('',(0.00938407888897828,-0.01671,0.0216377545130401));
#15626=CARTESIAN_POINT('',(0.00954116125771099,-0.01672,0.0216538675438411));
#15627=CARTESIAN_POINT('',(0.00954116125771099,-0.01671,0.0216538675438411));
#15628=CARTESIAN_POINT('',(0.00970822521798578,-0.01672,0.0216647941895295));
#15629=CARTESIAN_POINT('',(0.00970822521798578,-0.01671,0.0216647941895295));
#15630=CARTESIAN_POINT('',(0.00982294475533986,-0.01672,0.0216657487889694));
#15631=CARTESIAN_POINT('',(0.00982294475533986,-0.01671,0.0216657487889694));
#15632=CARTESIAN_POINT('',(0.00988199153510511,-0.01672,0.0216662401265758));
#15633=CARTESIAN_POINT('',(0.00988199153510511,-0.01671,0.0216662401265758));
#15634=CARTESIAN_POINT('',(0.00783952358638716,-0.01672,0.0197167208958066));
#15635=CARTESIAN_POINT('',(0.00904465179151536,-0.01672,0.0178104708958066));
#15636=CARTESIAN_POINT('',(0.00904465179151536,-0.01671,0.0178104708958066));
#15637=CARTESIAN_POINT('',(0.00899836795078053,-0.01672,0.0178281005159256));
#15638=CARTESIAN_POINT('',(0.00899836795078053,-0.01671,0.0178281005159256));
#15639=CARTESIAN_POINT('',(0.00890684983325464,-0.01672,0.0178629599748723));
#15640=CARTESIAN_POINT('',(0.00890684983325464,-0.01671,0.0178629599748723));
#15641=CARTESIAN_POINT('',(0.00877661606008982,-0.01672,0.0179288180428312));
#15642=CARTESIAN_POINT('',(0.00877661606008982,-0.01671,0.0179288180428312));
#15643=CARTESIAN_POINT('',(0.00865359971427608,-0.01672,0.0180031329995087));
#15644=CARTESIAN_POINT('',(0.00865359971427608,-0.01671,0.0180031329995087));
#15645=CARTESIAN_POINT('',(0.00853877213793188,-0.01672,0.0180876086294937));
#15646=CARTESIAN_POINT('',(0.00853877213793188,-0.01671,0.0180876086294937));
#15647=CARTESIAN_POINT('',(0.00843188031445417,-0.01672,0.0181811654333773));
#15648=CARTESIAN_POINT('',(0.00843188031445417,-0.01671,0.0181811654333773));
#15649=CARTESIAN_POINT('',(0.00833157931284258,-0.01672,0.0182830464619398));
#15650=CARTESIAN_POINT('',(0.00833157931284258,-0.01671,0.0182830464619398));
#15651=CARTESIAN_POINT('',(0.00824074407465921,-0.01672,0.0183959715957965));
#15652=CARTESIAN_POINT('',(0.00824074407465921,-0.01671,0.0183959715957965));
#15653=CARTESIAN_POINT('',(0.00815624166639602,-0.01672,0.0185164368083121));
#15654=CARTESIAN_POINT('',(0.00815624166639602,-0.01671,0.0185164368083121));
#15655=CARTESIAN_POINT('',(0.00808228013421103,-0.01672,0.0186455383591834));
#15656=CARTESIAN_POINT('',(0.00808228013421103,-0.01671,0.0186455383591834));
#15657=CARTESIAN_POINT('',(0.00801706027628223,-0.01672,0.0187806903611352));
#15658=CARTESIAN_POINT('',(0.00801706027628223,-0.01671,0.0187806903611352));
#15659=CARTESIAN_POINT('',(0.00796137241909409,-0.01672,0.0189216305794349));
#15660=CARTESIAN_POINT('',(0.00796137241909409,-0.01671,0.0189216305794349));
#15661=CARTESIAN_POINT('',(0.00791792093243579,-0.01672,0.0190693873901319));
#15662=CARTESIAN_POINT('',(0.00791792093243579,-0.01671,0.0190693873901319));
#15663=CARTESIAN_POINT('',(0.00788202249541866,-0.01672,0.0192225416472407));
#15664=CARTESIAN_POINT('',(0.00788202249541866,-0.01671,0.0192225416472407));
#15665=CARTESIAN_POINT('',(0.00785793552484618,-0.01672,0.0193822529152293));
#15666=CARTESIAN_POINT('',(0.00785793552484618,-0.01671,0.0193822529152293));
#15667=CARTESIAN_POINT('',(0.00784193551860956,-0.01672,0.0195475900656943));
#15668=CARTESIAN_POINT('',(0.00784193551860956,-0.01671,0.0195475900656943));
#15669=CARTESIAN_POINT('',(0.00784033545078394,-0.01672,0.0196597908966582));
#15670=CARTESIAN_POINT('',(0.00784033545078394,-0.01671,0.0196597908966582));
#15671=CARTESIAN_POINT('',(0.00783952358638716,-0.01672,0.0197167208958066));
#15672=CARTESIAN_POINT('',(0.00783952358638716,-0.01671,0.0197167208958066));
#15673=CARTESIAN_POINT('',(0.00904465179151536,-0.01672,0.0178104708958066));
#15674=CARTESIAN_POINT('',(0.0103138825607461,-0.01672,0.0176662401265758));
#15675=CARTESIAN_POINT('',(0.0103138825607461,-0.01671,0.0176662401265758));
#15676=CARTESIAN_POINT('',(0.0102436321424706,-0.01672,0.0176667445425949));
#15677=CARTESIAN_POINT('',(0.0102436321424706,-0.01671,0.0176667445425949));
#15678=CARTESIAN_POINT('',(0.0101079086999615,-0.01672,0.0176677190717186));
#15679=CARTESIAN_POINT('',(0.0101079086999615,-0.01671,0.0176677190717186));
#15680=CARTESIAN_POINT('',(0.00991178214475334,-0.01672,0.0176739334087321));
#15681=CARTESIAN_POINT('',(0.00991178214475334,-0.01671,0.0176739334087321));
#15682=CARTESIAN_POINT('',(0.00973057381159232,-0.01672,0.0176848155808856));
#15683=CARTESIAN_POINT('',(0.00973057381159232,-0.01671,0.0176848155808856));
#15684=CARTESIAN_POINT('',(0.0095643866060746,-0.01672,0.0177009725090096));
#15685=CARTESIAN_POINT('',(0.0095643866060746,-0.01671,0.0177009725090096));
#15686=CARTESIAN_POINT('',(0.00941295353530829,-0.01672,0.0177203653506138));
#15687=CARTESIAN_POINT('',(0.00941295353530829,-0.01671,0.0177203653506138));
#15688=CARTESIAN_POINT('',(0.00927651713662976,-0.01672,0.0177450282033476));
#15689=CARTESIAN_POINT('',(0.00927651713662976,-0.01671,0.0177450282033476));
#15690=CARTESIAN_POINT('',(0.00915485630462383,-0.01672,0.0177740333882284));
#15691=CARTESIAN_POINT('',(0.00915485630462383,-0.01671,0.0177740333882284));
#15692=CARTESIAN_POINT('',(0.00908003423313423,-0.01672,0.0177987722098975));
#15693=CARTESIAN_POINT('',(0.00908003423313423,-0.01671,0.0177987722098975));
#15694=CARTESIAN_POINT('',(0.00904465179151536,-0.01672,0.0178104708958066));
#15695=CARTESIAN_POINT('',(0.00904465179151536,-0.01671,0.0178104708958066));
#15696=CARTESIAN_POINT('',(0.0103138825607461,-0.01672,0.0176662401265758));
#15697=CARTESIAN_POINT('',(0.0111215748684384,-0.01672,0.0176662401265758));
#15698=CARTESIAN_POINT('',(0.0111215748684384,-0.01672,0.0176662401265758));
#15699=CARTESIAN_POINT('',(0.0111215748684384,-0.01672,0.0216662401265758));
#15700=CARTESIAN_POINT('',(0.0107626005094641,-0.01672,0.0180764965368322));
#15701=CARTESIAN_POINT('',(0.0107626005094641,-0.01671,0.0180764965368322));
#15702=CARTESIAN_POINT('',(0.0107626005094641,-0.01671,0.0180764965368322));
#15703=CARTESIAN_POINT('',(0.0107626005094641,-0.01671,0.0212559837163194));
#15704=CARTESIAN_POINT('',(0.0107626005094641,-0.01672,0.0180764965368322));
#15705=CARTESIAN_POINT('',(0.0107626005094641,-0.01672,0.0212559837163194));
#15706=CARTESIAN_POINT('',(0.0107626005094641,-0.01672,0.0212559837163194));
#15707=CARTESIAN_POINT('',(0.0107626005094641,-0.01671,0.0212559837163194));
#15708=CARTESIAN_POINT('',(0.0103034658940795,-0.01671,0.0212559837163194));
#15709=CARTESIAN_POINT('',(0.0103034658940795,-0.01672,0.0212559837163194));
#15710=CARTESIAN_POINT('',(0.0103034658940795,-0.01672,0.0212559837163194));
#15711=CARTESIAN_POINT('',(0.0103034658940795,-0.01671,0.0212559837163194));
#15712=CARTESIAN_POINT('',(0.0102374906132337,-0.01672,0.0212557001776062));
#15713=CARTESIAN_POINT('',(0.0102374906132337,-0.01671,0.0212557001776062));
#15714=CARTESIAN_POINT('',(0.0101105959864762,-0.01672,0.0212551548288222));
#15715=CARTESIAN_POINT('',(0.0101105959864762,-0.01671,0.0212551548288222));
#15716=CARTESIAN_POINT('',(0.0099281297038602,-0.01672,0.0212503694538127));
#15717=CARTESIAN_POINT('',(0.0099281297038602,-0.01671,0.0212503694538127));
#15718=CARTESIAN_POINT('',(0.00976141039360782,-0.01672,0.0212425500966661));
#15719=CARTESIAN_POINT('',(0.00976141039360782,-0.01671,0.0212425500966661));
#15720=CARTESIAN_POINT('',(0.00961041438287275,-0.01672,0.021231607150599));
#15721=CARTESIAN_POINT('',(0.00961041438287275,-0.01671,0.021231607150599));
#15722=CARTESIAN_POINT('',(0.00947522692653294,-0.01672,0.0212171287332409));
#15723=CARTESIAN_POINT('',(0.00947522692653294,-0.01671,0.0212171287332409));
#15724=CARTESIAN_POINT('',(0.00935556549809567,-0.01672,0.0212009859872438));
#15725=CARTESIAN_POINT('',(0.00935556549809567,-0.01671,0.0212009859872438));
#15726=CARTESIAN_POINT('',(0.00925182234572439,-0.01672,0.0211808746149512));
#15727=CARTESIAN_POINT('',(0.00925182234572439,-0.01671,0.0211808746149512));
#15728=CARTESIAN_POINT('',(0.00918904584636214,-0.01672,0.0211626449470487));
#15729=CARTESIAN_POINT('',(0.00918904584636214,-0.01671,0.0211626449470487));
#15730=CARTESIAN_POINT('',(0.00916003640689998,-0.01672,0.0211542208958066));
#15731=CARTESIAN_POINT('',(0.00916003640689998,-0.01671,0.0211542208958066));
#15732=CARTESIAN_POINT('',(0.0103034658940795,-0.01671,0.0212559837163194));
#15733=CARTESIAN_POINT('',(0.0102374906132337,-0.01671,0.0212557001776062));
#15734=CARTESIAN_POINT('',(0.0101105959864762,-0.01671,0.0212551548288222));
#15735=CARTESIAN_POINT('',(0.0099281297038602,-0.01671,0.0212503694538127));
#15736=CARTESIAN_POINT('',(0.00976141039360782,-0.01671,0.0212425500966661));
#15737=CARTESIAN_POINT('',(0.00961041438287275,-0.01671,0.021231607150599));
#15738=CARTESIAN_POINT('',(0.00947522692653294,-0.01671,0.0212171287332409));
#15739=CARTESIAN_POINT('',(0.00935556549809567,-0.01671,0.0212009859872438));
#15740=CARTESIAN_POINT('',(0.00925182234572439,-0.01671,0.0211808746149512));
#15741=CARTESIAN_POINT('',(0.00918904584636214,-0.01671,0.0211626449470487));
#15742=CARTESIAN_POINT('',(0.00916003640689998,-0.01671,0.0211542208958066));
#15743=CARTESIAN_POINT('',(0.00916003640689998,-0.01671,0.0211542208958066));
#15744=CARTESIAN_POINT('',(0.00916003640689998,-0.01672,0.0211542208958066));
#15745=CARTESIAN_POINT('',(0.00916003640689998,-0.01672,0.0211542208958066));
#15746=CARTESIAN_POINT('',(0.00916003640689998,-0.01671,0.0211542208958066));
#15747=CARTESIAN_POINT('',(0.00912352321722649,-0.01672,0.0211413629328512));
#15748=CARTESIAN_POINT('',(0.00912352321722649,-0.01671,0.0211413629328512));
#15749=CARTESIAN_POINT('',(0.0090513689546628,-0.01672,0.0211159541191207));
#15750=CARTESIAN_POINT('',(0.0090513689546628,-0.01671,0.0211159541191207));
#15751=CARTESIAN_POINT('',(0.00894751607622418,-0.01672,0.0210695886140781));
#15752=CARTESIAN_POINT('',(0.00894751607622418,-0.01671,0.0210695886140781));
#15753=CARTESIAN_POINT('',(0.00885060953625418,-0.01672,0.0210147346463932));
#15754=CARTESIAN_POINT('',(0.00885060953625418,-0.01671,0.0210147346463932));
#15755=CARTESIAN_POINT('',(0.00875903380126326,-0.01672,0.0209534002479936));
#15756=CARTESIAN_POINT('',(0.00875903380126326,-0.01671,0.0209534002479936));
#15757=CARTESIAN_POINT('',(0.00867337739842479,-0.01672,0.0208846383559459));
#15758=CARTESIAN_POINT('',(0.00867337739842479,-0.01671,0.0208846383559459));
#15759=CARTESIAN_POINT('',(0.00859403699626357,-0.01672,0.0208082302920526));
#15760=CARTESIAN_POINT('',(0.00859403699626357,-0.01671,0.0208082302920526));
#15761=CARTESIAN_POINT('',(0.0085203859030349,-0.01672,0.0207250606481005));
#15762=CARTESIAN_POINT('',(0.0085203859030349,-0.01671,0.0207250606481005));
#15763=CARTESIAN_POINT('',(0.00845360334340216,-0.01672,0.0206348491819887));
#15764=CARTESIAN_POINT('',(0.00845360334340216,-0.01671,0.0206348491819887));
#15765=CARTESIAN_POINT('',(0.00839320381593586,-0.01672,0.0205385968342953));
#15766=CARTESIAN_POINT('',(0.00839320381593586,-0.01671,0.0205385968342953));
#15767=CARTESIAN_POINT('',(0.00834101882315886,-0.01672,0.0204364108228252));
#15768=CARTESIAN_POINT('',(0.00834101882315886,-0.01671,0.0204364108228252));
#15769=CARTESIAN_POINT('',(0.00829702746522145,-0.01672,0.0203288645787297));
#15770=CARTESIAN_POINT('',(0.00829702746522145,-0.01671,0.0203288645787297));
#15771=CARTESIAN_POINT('',(0.00826093548056581,-0.01672,0.020216332273313));
#15772=CARTESIAN_POINT('',(0.00826093548056581,-0.01671,0.020216332273313));
#15773=CARTESIAN_POINT('',(0.00823279610853285,-0.01672,0.0200987469313633));
#15774=CARTESIAN_POINT('',(0.00823279610853285,-0.01671,0.0200987469313633));
#15775=CARTESIAN_POINT('',(0.00821298488338933,-0.01672,0.0199758134726982));
#15776=CARTESIAN_POINT('',(0.00821298488338933,-0.01671,0.0199758134726982));
#15777=CARTESIAN_POINT('',(0.00820070809933754,-0.01672,0.019847580445298));
#15778=CARTESIAN_POINT('',(0.00820070809933754,-0.01671,0.019847580445298));
#15779=CARTESIAN_POINT('',(0.00819924269598454,-0.01672,0.0197602850685533));
#15780=CARTESIAN_POINT('',(0.00819924269598454,-0.01671,0.0197602850685533));
#15781=CARTESIAN_POINT('',(0.00819849794536152,-0.01672,0.0197159196137553));
#15782=CARTESIAN_POINT('',(0.00819849794536152,-0.01671,0.0197159196137553));
#15783=CARTESIAN_POINT('',(0.00916003640689998,-0.01671,0.0211542208958066));
#15784=CARTESIAN_POINT('',(0.00912352321722649,-0.01671,0.0211413629328512));
#15785=CARTESIAN_POINT('',(0.0090513689546628,-0.01671,0.0211159541191207));
#15786=CARTESIAN_POINT('',(0.00894751607622418,-0.01671,0.0210695886140781));
#15787=CARTESIAN_POINT('',(0.00885060953625418,-0.01671,0.0210147346463932));
#15788=CARTESIAN_POINT('',(0.00875903380126326,-0.01671,0.0209534002479936));
#15789=CARTESIAN_POINT('',(0.00867337739842479,-0.01671,0.0208846383559459));
#15790=CARTESIAN_POINT('',(0.00859403699626357,-0.01671,0.0208082302920526));
#15791=CARTESIAN_POINT('',(0.0085203859030349,-0.01671,0.0207250606481005));
#15792=CARTESIAN_POINT('',(0.00845360334340216,-0.01671,0.0206348491819887));
#15793=CARTESIAN_POINT('',(0.00839320381593586,-0.01671,0.0205385968342953));
#15794=CARTESIAN_POINT('',(0.00834101882315886,-0.01671,0.0204364108228252));
#15795=CARTESIAN_POINT('',(0.00829702746522145,-0.01671,0.0203288645787297));
#15796=CARTESIAN_POINT('',(0.00826093548056581,-0.01671,0.020216332273313));
#15797=CARTESIAN_POINT('',(0.00823279610853285,-0.01671,0.0200987469313633));
#15798=CARTESIAN_POINT('',(0.00821298488338933,-0.01671,0.0199758134726982));
#15799=CARTESIAN_POINT('',(0.00820070809933754,-0.01671,0.019847580445298));
#15800=CARTESIAN_POINT('',(0.00819924269598454,-0.01671,0.0197602850685533));
#15801=CARTESIAN_POINT('',(0.00819849794536152,-0.01671,0.0197159196137553));
#15802=CARTESIAN_POINT('',(0.00819849794536152,-0.01671,0.0197159196137553));
#15803=CARTESIAN_POINT('',(0.00819849794536152,-0.01672,0.0197159196137553));
#15804=CARTESIAN_POINT('',(0.00819849794536152,-0.01672,0.0197159196137553));
#15805=CARTESIAN_POINT('',(0.00819849794536152,-0.01671,0.0197159196137553));
#15806=CARTESIAN_POINT('',(0.00819908518473236,-0.01672,0.01966913877352));
#15807=CARTESIAN_POINT('',(0.00819908518473236,-0.01671,0.01966913877352));
#15808=CARTESIAN_POINT('',(0.00820023882167433,-0.01672,0.0195772373987968));
#15809=CARTESIAN_POINT('',(0.00820023882167433,-0.01671,0.0195772373987968));
#15810=CARTESIAN_POINT('',(0.00821471488419418,-0.01672,0.0194423869190295));
#15811=CARTESIAN_POINT('',(0.00821471488419418,-0.01671,0.0194423869190295));
#15812=CARTESIAN_POINT('',(0.0082359144919989,-0.01672,0.0193127091347249));
#15813=CARTESIAN_POINT('',(0.0082359144919989,-0.01671,0.0193127091347249));
#15814=CARTESIAN_POINT('',(0.00826640847413982,-0.01672,0.0191881106830163));
#15815=CARTESIAN_POINT('',(0.00826640847413982,-0.01671,0.0191881106830163));
#15816=CARTESIAN_POINT('',(0.00830580406965841,-0.01672,0.0190687536699231));
#15817=CARTESIAN_POINT('',(0.00830580406965841,-0.01671,0.0190687536699231));
#15818=CARTESIAN_POINT('',(0.00835294409294475,-0.01672,0.0189539637791356));
#15819=CARTESIAN_POINT('',(0.00835294409294475,-0.01671,0.0189539637791356));
#15820=CARTESIAN_POINT('',(0.00841017948075163,-0.01672,0.0188452182469075));
#15821=CARTESIAN_POINT('',(0.00841017948075163,-0.01671,0.0188452182469075));
#15822=CARTESIAN_POINT('',(0.00847497599090607,-0.01672,0.0187415960403648));
#15823=CARTESIAN_POINT('',(0.00847497599090607,-0.01671,0.0187415960403648));
#15824=CARTESIAN_POINT('',(0.0085477219406156,-0.01672,0.0186446664521308));
#15825=CARTESIAN_POINT('',(0.0085477219406156,-0.01671,0.0186446664521308));
#15826=CARTESIAN_POINT('',(0.00862809463125691,-0.01672,0.0185555650644824));
#15827=CARTESIAN_POINT('',(0.00862809463125691,-0.01671,0.0185555650644824));
#15828=CARTESIAN_POINT('',(0.00871524658235137,-0.01672,0.0184741259022823));
#15829=CARTESIAN_POINT('',(0.00871524658235137,-0.01671,0.0184741259022823));
#15830=CARTESIAN_POINT('',(0.00880877613752529,-0.01672,0.0184002193015364));
#15831=CARTESIAN_POINT('',(0.00880877613752529,-0.01671,0.0184002193015364));
#15832=CARTESIAN_POINT('',(0.00890999099751177,-0.01672,0.0183351595892958));
#15833=CARTESIAN_POINT('',(0.00890999099751177,-0.01671,0.0183351595892958));
#15834=CARTESIAN_POINT('',(0.00901717840795129,-0.01672,0.018277283484667));
#15835=CARTESIAN_POINT('',(0.00901717840795129,-0.01671,0.018277283484667));
#15836=CARTESIAN_POINT('',(0.00913184824654677,-0.01672,0.018228108504164));
#15837=CARTESIAN_POINT('',(0.00913184824654677,-0.01671,0.018228108504164));
#15838=CARTESIAN_POINT('',(0.00921163568651059,-0.01672,0.0182019631511612));
#15839=CARTESIAN_POINT('',(0.00921163568651059,-0.01671,0.0182019631511612));
#15840=CARTESIAN_POINT('',(0.00925218384279741,-0.01672,0.0181886760240117));
#15841=CARTESIAN_POINT('',(0.00925218384279741,-0.01671,0.0181886760240117));
#15842=CARTESIAN_POINT('',(0.00819849794536152,-0.01671,0.0197159196137553));
#15843=CARTESIAN_POINT('',(0.00819908518473236,-0.01671,0.01966913877352));
#15844=CARTESIAN_POINT('',(0.00820023882167433,-0.01671,0.0195772373987968));
#15845=CARTESIAN_POINT('',(0.00821471488419418,-0.01671,0.0194423869190295));
#15846=CARTESIAN_POINT('',(0.0082359144919989,-0.01671,0.0193127091347249));
#15847=CARTESIAN_POINT('',(0.00826640847413982,-0.01671,0.0191881106830163));
#15848=CARTESIAN_POINT('',(0.00830580406965841,-0.01671,0.0190687536699231));
#15849=CARTESIAN_POINT('',(0.00835294409294475,-0.01671,0.0189539637791356));
#15850=CARTESIAN_POINT('',(0.00841017948075163,-0.01671,0.0188452182469075));
#15851=CARTESIAN_POINT('',(0.00847497599090607,-0.01671,0.0187415960403648));
#15852=CARTESIAN_POINT('',(0.0085477219406156,-0.01671,0.0186446664521308));
#15853=CARTESIAN_POINT('',(0.00862809463125691,-0.01671,0.0185555650644824));
#15854=CARTESIAN_POINT('',(0.00871524658235137,-0.01671,0.0184741259022823));
#15855=CARTESIAN_POINT('',(0.00880877613752529,-0.01671,0.0184002193015364));
#15856=CARTESIAN_POINT('',(0.00890999099751177,-0.01671,0.0183351595892958));
#15857=CARTESIAN_POINT('',(0.00901717840795129,-0.01671,0.018277283484667));
#15858=CARTESIAN_POINT('',(0.00913184824654677,-0.01671,0.018228108504164));
#15859=CARTESIAN_POINT('',(0.00921163568651059,-0.01671,0.0182019631511612));
#15860=CARTESIAN_POINT('',(0.00925218384279741,-0.01671,0.0181886760240117));
#15861=CARTESIAN_POINT('',(0.00925218384279741,-0.01671,0.0181886760240117));
#15862=CARTESIAN_POINT('',(0.00925218384279741,-0.01672,0.0181886760240117));
#15863=CARTESIAN_POINT('',(0.00925218384279741,-0.01672,0.0181886760240117));
#15864=CARTESIAN_POINT('',(0.00925218384279741,-0.01671,0.0181886760240117));
#15865=CARTESIAN_POINT('',(0.00928572801007932,-0.01672,0.0181794001064445));
#15866=CARTESIAN_POINT('',(0.00928572801007932,-0.01671,0.0181794001064445));
#15867=CARTESIAN_POINT('',(0.00935705211325811,-0.01672,0.0181596769606564));
#15868=CARTESIAN_POINT('',(0.00935705211325811,-0.01671,0.0181596769606564));
#15869=CARTESIAN_POINT('',(0.0094734400721444,-0.01672,0.0181381622492031));
#15870=CARTESIAN_POINT('',(0.0094734400721444,-0.01671,0.0181381622492031));
#15871=CARTESIAN_POINT('',(0.00960442881434943,-0.01672,0.0181191856788981));
#15872=CARTESIAN_POINT('',(0.00960442881434943,-0.01671,0.0181191856788981));
#15873=CARTESIAN_POINT('',(0.00975059990133651,-0.01672,0.0181031193482155));
#15874=CARTESIAN_POINT('',(0.00975059990133651,-0.01671,0.0181031193482155));
#15875=CARTESIAN_POINT('',(0.00991178671173156,-0.01672,0.0180915909809676));
#15876=CARTESIAN_POINT('',(0.00991178671173156,-0.01671,0.0180915909809676));
#15877=CARTESIAN_POINT('',(0.0100881132122863,-0.01672,0.0180829380499877));
#15878=CARTESIAN_POINT('',(0.0100881132122863,-0.01671,0.0180829380499877));
#15879=CARTESIAN_POINT('',(0.0102796556175065,-0.01672,0.0180771018985793));
#15880=CARTESIAN_POINT('',(0.0102796556175065,-0.01671,0.0180771018985793));
#15881=CARTESIAN_POINT('',(0.0104124356561957,-0.01672,0.0180767033760614));
#15882=CARTESIAN_POINT('',(0.0104124356561957,-0.01671,0.0180767033760614));
#15883=CARTESIAN_POINT('',(0.0104813505094641,-0.01672,0.0180764965368322));
#15884=CARTESIAN_POINT('',(0.0104813505094641,-0.01671,0.0180764965368322));
#15885=CARTESIAN_POINT('',(0.00925218384279741,-0.01671,0.0181886760240117));
#15886=CARTESIAN_POINT('',(0.00928572801007932,-0.01671,0.0181794001064445));
#15887=CARTESIAN_POINT('',(0.00935705211325811,-0.01671,0.0181596769606564));
#15888=CARTESIAN_POINT('',(0.0094734400721444,-0.01671,0.0181381622492031));
#15889=CARTESIAN_POINT('',(0.00960442881434943,-0.01671,0.0181191856788981));
#15890=CARTESIAN_POINT('',(0.00975059990133651,-0.01671,0.0181031193482155));
#15891=CARTESIAN_POINT('',(0.00991178671173156,-0.01671,0.0180915909809676));
#15892=CARTESIAN_POINT('',(0.0100881132122863,-0.01671,0.0180829380499877));
#15893=CARTESIAN_POINT('',(0.0102796556175065,-0.01671,0.0180771018985793));
#15894=CARTESIAN_POINT('',(0.0104124356561957,-0.01671,0.0180767033760614));
#15895=CARTESIAN_POINT('',(0.0104813505094641,-0.01671,0.0180764965368322));
#15896=CARTESIAN_POINT('',(0.0104813505094641,-0.01671,0.0180764965368322));
#15897=CARTESIAN_POINT('',(0.0104813505094641,-0.01672,0.0180764965368322));
#15898=CARTESIAN_POINT('',(0.0104813505094641,-0.01672,0.0180764965368322));
#15899=CARTESIAN_POINT('',(0.0104813505094641,-0.01671,0.0180764965368322));
#15900=CARTESIAN_POINT('',(-1.84314369322536E-18,-0.01671,0.0195));
#15901=MECHANICAL_DESIGN_GEOMETRIC_PRESENTATION_REPRESENTATION('',(#8101,
#7428,#7429,#7430),#15918);
#15902=MECHANICAL_DESIGN_GEOMETRIC_PRESENTATION_REPRESENTATION('',(#8102),
#15919);
#15903=MECHANICAL_DESIGN_GEOMETRIC_PRESENTATION_REPRESENTATION('',(#8103,
#7431,#7432,#7433),#15920);
#15904=MECHANICAL_DESIGN_GEOMETRIC_PRESENTATION_REPRESENTATION('',(#8104,
#7434,#7435,#7436),#15921);
#15905=MECHANICAL_DESIGN_GEOMETRIC_PRESENTATION_REPRESENTATION('',(#8105,
#7437,#7438,#7439),#15922);
#15906=MECHANICAL_DESIGN_GEOMETRIC_PRESENTATION_REPRESENTATION('',(#8106,
#7440,#7441,#7442),#15923);
#15907=MECHANICAL_DESIGN_GEOMETRIC_PRESENTATION_REPRESENTATION('',(#8107),
#15924);
#15908=MECHANICAL_DESIGN_GEOMETRIC_PRESENTATION_REPRESENTATION('',(#8108),
#15925);
#15909=MECHANICAL_DESIGN_GEOMETRIC_PRESENTATION_REPRESENTATION('',(#8109,
#7443,#7444,#7445,#7446,#7447,#7448),#15926);
#15910=MECHANICAL_DESIGN_GEOMETRIC_PRESENTATION_REPRESENTATION('',(#8110,
#7449,#7450,#7451,#7452,#7453,#7454),#15927);
#15911=MECHANICAL_DESIGN_GEOMETRIC_PRESENTATION_REPRESENTATION('',(#8111,
#7455,#7456,#7457,#7458,#7459,#7460),#15928);
#15912=MECHANICAL_DESIGN_GEOMETRIC_PRESENTATION_REPRESENTATION('',(#8112,
#7461,#7462,#7463,#7464,#7465,#7466),#15929);
#15913=MECHANICAL_DESIGN_GEOMETRIC_PRESENTATION_REPRESENTATION('',(#8113,
#7467,#7468,#7469,#7470,#7471,#7472),#15930);
#15914=MECHANICAL_DESIGN_GEOMETRIC_PRESENTATION_REPRESENTATION('',(#8114,
#7473,#7474,#7475,#7476,#7477,#7478),#15931);
#15915=MECHANICAL_DESIGN_GEOMETRIC_PRESENTATION_REPRESENTATION('',(#8115,
#7479,#7480,#7481,#7482,#7483,#7484,#7485,#7486,#7487,#7488,#7489,#7490,
#7491,#7492,#7493,#7494,#7495,#7496,#7497,#7498,#7499,#7500,#7501,#7502,
#7503,#7504,#7505,#7506,#7507,#7508,#7509,#7510,#7511,#7512,#7513,#7514,
#7515,#7516,#7517,#7518,#7519,#7520,#7521,#7522,#7523,#7524,#7525,#7526,
#7527,#7528,#7529,#7530,#7531,#7532,#7533,#7534,#7535,#7536,#7537,#7538,
#7539,#7540,#7541,#7542,#7543,#7544,#7545,#7546,#7547,#7548),#15932);
#15916=MECHANICAL_DESIGN_GEOMETRIC_PRESENTATION_REPRESENTATION('',(#8116),
#15933);
#15917=MECHANICAL_DESIGN_GEOMETRIC_PRESENTATION_REPRESENTATION('',(#8117,
#7549,#7550,#7551,#7552,#7553,#7554,#7555,#7556,#7557,#7558,#7559,#7560,
#7561,#7562,#7563,#7564,#7565,#7566,#7567,#7568,#7569,#7570,#7571,#7572,
#7573,#7574,#7575,#7576,#7577,#7578,#7579,#7580,#7581,#7582,#7583,#7584,
#7585,#7586,#7587,#7588,#7589,#7590,#7591,#7592,#7593,#7594,#7595,#7596,
#7597,#7598,#7599,#7600,#7601,#7602,#7603,#7604,#7605,#7606,#7607,#7608,
#7609,#7610,#7611,#7612,#7613,#7614,#7615,#7616,#7617,#7618,#7619,#7620,
#7621,#7622,#7623,#7624,#7625,#7626,#7627,#7628,#7629,#7630,#7631,#7632,
#7633,#7634,#7635,#7636,#7637,#7638,#7639,#7640),#15934);
#15918=(
GEOMETRIC_REPRESENTATION_CONTEXT(3)
GLOBAL_UNCERTAINTY_ASSIGNED_CONTEXT((#15935))
GLOBAL_UNIT_ASSIGNED_CONTEXT((#15986,#15969,#15952))
REPRESENTATION_CONTEXT('Part 5','TOP_LEVEL_ASSEMBLY_PART')
);
#15919=(
GEOMETRIC_REPRESENTATION_CONTEXT(3)
GLOBAL_UNCERTAINTY_ASSIGNED_CONTEXT((#15936))
GLOBAL_UNIT_ASSIGNED_CONTEXT((#15987,#15970,#15953))
REPRESENTATION_CONTEXT('Part 1','TOP_LEVEL_ASSEMBLY_PART')
);
#15920=(
GEOMETRIC_REPRESENTATION_CONTEXT(3)
GLOBAL_UNCERTAINTY_ASSIGNED_CONTEXT((#15937))
GLOBAL_UNIT_ASSIGNED_CONTEXT((#15988,#15971,#15954))
REPRESENTATION_CONTEXT('Part 2','TOP_LEVEL_ASSEMBLY_PART')
);
#15921=(
GEOMETRIC_REPRESENTATION_CONTEXT(3)
GLOBAL_UNCERTAINTY_ASSIGNED_CONTEXT((#15938))
GLOBAL_UNIT_ASSIGNED_CONTEXT((#15989,#15972,#15955))
REPRESENTATION_CONTEXT('Part 3','TOP_LEVEL_ASSEMBLY_PART')
);
#15922=(
GEOMETRIC_REPRESENTATION_CONTEXT(3)
GLOBAL_UNCERTAINTY_ASSIGNED_CONTEXT((#15939))
GLOBAL_UNIT_ASSIGNED_CONTEXT((#15990,#15973,#15956))
REPRESENTATION_CONTEXT('Part 4','TOP_LEVEL_ASSEMBLY_PART')
);
#15923=(
GEOMETRIC_REPRESENTATION_CONTEXT(3)
GLOBAL_UNCERTAINTY_ASSIGNED_CONTEXT((#15940))
GLOBAL_UNIT_ASSIGNED_CONTEXT((#15991,#15974,#15957))
REPRESENTATION_CONTEXT('Part 6','TOP_LEVEL_ASSEMBLY_PART')
);
#15924=(
GEOMETRIC_REPRESENTATION_CONTEXT(3)
GLOBAL_UNCERTAINTY_ASSIGNED_CONTEXT((#15941))
GLOBAL_UNIT_ASSIGNED_CONTEXT((#15992,#15975,#15958))
REPRESENTATION_CONTEXT('Part 7','TOP_LEVEL_ASSEMBLY_PART')
);
#15925=(
GEOMETRIC_REPRESENTATION_CONTEXT(3)
GLOBAL_UNCERTAINTY_ASSIGNED_CONTEXT((#15942))
GLOBAL_UNIT_ASSIGNED_CONTEXT((#15993,#15976,#15959))
REPRESENTATION_CONTEXT('Part 8','TOP_LEVEL_ASSEMBLY_PART')
);
#15926=(
GEOMETRIC_REPRESENTATION_CONTEXT(3)
GLOBAL_UNCERTAINTY_ASSIGNED_CONTEXT((#15943))
GLOBAL_UNIT_ASSIGNED_CONTEXT((#15994,#15977,#15960))
REPRESENTATION_CONTEXT('Part 9','TOP_LEVEL_ASSEMBLY_PART')
);
#15927=(
GEOMETRIC_REPRESENTATION_CONTEXT(3)
GLOBAL_UNCERTAINTY_ASSIGNED_CONTEXT((#15944))
GLOBAL_UNIT_ASSIGNED_CONTEXT((#15995,#15978,#15961))
REPRESENTATION_CONTEXT('Part 10','TOP_LEVEL_ASSEMBLY_PART')
);
#15928=(
GEOMETRIC_REPRESENTATION_CONTEXT(3)
GLOBAL_UNCERTAINTY_ASSIGNED_CONTEXT((#15945))
GLOBAL_UNIT_ASSIGNED_CONTEXT((#15996,#15979,#15962))
REPRESENTATION_CONTEXT('Part 11','TOP_LEVEL_ASSEMBLY_PART')
);
#15929=(
GEOMETRIC_REPRESENTATION_CONTEXT(3)
GLOBAL_UNCERTAINTY_ASSIGNED_CONTEXT((#15946))
GLOBAL_UNIT_ASSIGNED_CONTEXT((#15997,#15980,#15963))
REPRESENTATION_CONTEXT('Part 12','TOP_LEVEL_ASSEMBLY_PART')
);
#15930=(
GEOMETRIC_REPRESENTATION_CONTEXT(3)
GLOBAL_UNCERTAINTY_ASSIGNED_CONTEXT((#15947))
GLOBAL_UNIT_ASSIGNED_CONTEXT((#15998,#15981,#15964))
REPRESENTATION_CONTEXT('Part 13','TOP_LEVEL_ASSEMBLY_PART')
);
#15931=(
GEOMETRIC_REPRESENTATION_CONTEXT(3)
GLOBAL_UNCERTAINTY_ASSIGNED_CONTEXT((#15948))
GLOBAL_UNIT_ASSIGNED_CONTEXT((#15999,#15982,#15965))
REPRESENTATION_CONTEXT('Part 14','TOP_LEVEL_ASSEMBLY_PART')
);
#15932=(
GEOMETRIC_REPRESENTATION_CONTEXT(3)
GLOBAL_UNCERTAINTY_ASSIGNED_CONTEXT((#15949))
GLOBAL_UNIT_ASSIGNED_CONTEXT((#16000,#15983,#15966))
REPRESENTATION_CONTEXT('Part 15','TOP_LEVEL_ASSEMBLY_PART')
);
#15933=(
GEOMETRIC_REPRESENTATION_CONTEXT(3)
GLOBAL_UNCERTAINTY_ASSIGNED_CONTEXT((#15950))
GLOBAL_UNIT_ASSIGNED_CONTEXT((#16001,#15984,#15967))
REPRESENTATION_CONTEXT('Part 16','TOP_LEVEL_ASSEMBLY_PART')
);
#15934=(
GEOMETRIC_REPRESENTATION_CONTEXT(3)
GLOBAL_UNCERTAINTY_ASSIGNED_CONTEXT((#15951))
GLOBAL_UNIT_ASSIGNED_CONTEXT((#16002,#15985,#15968))
REPRESENTATION_CONTEXT('Part 17','TOP_LEVEL_ASSEMBLY_PART')
);
#15935=UNCERTAINTY_MEASURE_WITH_UNIT(LENGTH_MEASURE(5.E-6),#15986,
'DISTANCE_ACCURACY_VALUE','Maximum Tolerance applied to model');
#15936=UNCERTAINTY_MEASURE_WITH_UNIT(LENGTH_MEASURE(5.E-6),#15987,
'DISTANCE_ACCURACY_VALUE','Maximum Tolerance applied to model');
#15937=UNCERTAINTY_MEASURE_WITH_UNIT(LENGTH_MEASURE(5.E-6),#15988,
'DISTANCE_ACCURACY_VALUE','Maximum Tolerance applied to model');
#15938=UNCERTAINTY_MEASURE_WITH_UNIT(LENGTH_MEASURE(5.E-6),#15989,
'DISTANCE_ACCURACY_VALUE','Maximum Tolerance applied to model');
#15939=UNCERTAINTY_MEASURE_WITH_UNIT(LENGTH_MEASURE(5.E-6),#15990,
'DISTANCE_ACCURACY_VALUE','Maximum Tolerance applied to model');
#15940=UNCERTAINTY_MEASURE_WITH_UNIT(LENGTH_MEASURE(5.E-6),#15991,
'DISTANCE_ACCURACY_VALUE','Maximum Tolerance applied to model');
#15941=UNCERTAINTY_MEASURE_WITH_UNIT(LENGTH_MEASURE(5.E-6),#15992,
'DISTANCE_ACCURACY_VALUE','Maximum Tolerance applied to model');
#15942=UNCERTAINTY_MEASURE_WITH_UNIT(LENGTH_MEASURE(5.E-6),#15993,
'DISTANCE_ACCURACY_VALUE','Maximum Tolerance applied to model');
#15943=UNCERTAINTY_MEASURE_WITH_UNIT(LENGTH_MEASURE(5.E-6),#15994,
'DISTANCE_ACCURACY_VALUE','Maximum Tolerance applied to model');
#15944=UNCERTAINTY_MEASURE_WITH_UNIT(LENGTH_MEASURE(5.E-6),#15995,
'DISTANCE_ACCURACY_VALUE','Maximum Tolerance applied to model');
#15945=UNCERTAINTY_MEASURE_WITH_UNIT(LENGTH_MEASURE(5.E-6),#15996,
'DISTANCE_ACCURACY_VALUE','Maximum Tolerance applied to model');
#15946=UNCERTAINTY_MEASURE_WITH_UNIT(LENGTH_MEASURE(5.E-6),#15997,
'DISTANCE_ACCURACY_VALUE','Maximum Tolerance applied to model');
#15947=UNCERTAINTY_MEASURE_WITH_UNIT(LENGTH_MEASURE(5.E-6),#15998,
'DISTANCE_ACCURACY_VALUE','Maximum Tolerance applied to model');
#15948=UNCERTAINTY_MEASURE_WITH_UNIT(LENGTH_MEASURE(5.E-6),#15999,
'DISTANCE_ACCURACY_VALUE','Maximum Tolerance applied to model');
#15949=UNCERTAINTY_MEASURE_WITH_UNIT(LENGTH_MEASURE(5.E-6),#16000,
'DISTANCE_ACCURACY_VALUE','Maximum Tolerance applied to model');
#15950=UNCERTAINTY_MEASURE_WITH_UNIT(LENGTH_MEASURE(5.E-6),#16001,
'DISTANCE_ACCURACY_VALUE','Maximum Tolerance applied to model');
#15951=UNCERTAINTY_MEASURE_WITH_UNIT(LENGTH_MEASURE(5.E-6),#16002,
'DISTANCE_ACCURACY_VALUE','Maximum Tolerance applied to model');
#15952=(
NAMED_UNIT(*)
SI_UNIT($,.STERADIAN.)
SOLID_ANGLE_UNIT()
);
#15953=(
NAMED_UNIT(*)
SI_UNIT($,.STERADIAN.)
SOLID_ANGLE_UNIT()
);
#15954=(
NAMED_UNIT(*)
SI_UNIT($,.STERADIAN.)
SOLID_ANGLE_UNIT()
);
#15955=(
NAMED_UNIT(*)
SI_UNIT($,.STERADIAN.)
SOLID_ANGLE_UNIT()
);
#15956=(
NAMED_UNIT(*)
SI_UNIT($,.STERADIAN.)
SOLID_ANGLE_UNIT()
);
#15957=(
NAMED_UNIT(*)
SI_UNIT($,.STERADIAN.)
SOLID_ANGLE_UNIT()
);
#15958=(
NAMED_UNIT(*)
SI_UNIT($,.STERADIAN.)
SOLID_ANGLE_UNIT()
);
#15959=(
NAMED_UNIT(*)
SI_UNIT($,.STERADIAN.)
SOLID_ANGLE_UNIT()
);
#15960=(
NAMED_UNIT(*)
SI_UNIT($,.STERADIAN.)
SOLID_ANGLE_UNIT()
);
#15961=(
NAMED_UNIT(*)
SI_UNIT($,.STERADIAN.)
SOLID_ANGLE_UNIT()
);
#15962=(
NAMED_UNIT(*)
SI_UNIT($,.STERADIAN.)
SOLID_ANGLE_UNIT()
);
#15963=(
NAMED_UNIT(*)
SI_UNIT($,.STERADIAN.)
SOLID_ANGLE_UNIT()
);
#15964=(
NAMED_UNIT(*)
SI_UNIT($,.STERADIAN.)
SOLID_ANGLE_UNIT()
);
#15965=(
NAMED_UNIT(*)
SI_UNIT($,.STERADIAN.)
SOLID_ANGLE_UNIT()
);
#15966=(
NAMED_UNIT(*)
SI_UNIT($,.STERADIAN.)
SOLID_ANGLE_UNIT()
);
#15967=(
NAMED_UNIT(*)
SI_UNIT($,.STERADIAN.)
SOLID_ANGLE_UNIT()
);
#15968=(
NAMED_UNIT(*)
SI_UNIT($,.STERADIAN.)
SOLID_ANGLE_UNIT()
);
#15969=(
NAMED_UNIT(*)
PLANE_ANGLE_UNIT()
SI_UNIT($,.RADIAN.)
);
#15970=(
NAMED_UNIT(*)
PLANE_ANGLE_UNIT()
SI_UNIT($,.RADIAN.)
);
#15971=(
NAMED_UNIT(*)
PLANE_ANGLE_UNIT()
SI_UNIT($,.RADIAN.)
);
#15972=(
NAMED_UNIT(*)
PLANE_ANGLE_UNIT()
SI_UNIT($,.RADIAN.)
);
#15973=(
NAMED_UNIT(*)
PLANE_ANGLE_UNIT()
SI_UNIT($,.RADIAN.)
);
#15974=(
NAMED_UNIT(*)
PLANE_ANGLE_UNIT()
SI_UNIT($,.RADIAN.)
);
#15975=(
NAMED_UNIT(*)
PLANE_ANGLE_UNIT()
SI_UNIT($,.RADIAN.)
);
#15976=(
NAMED_UNIT(*)
PLANE_ANGLE_UNIT()
SI_UNIT($,.RADIAN.)
);
#15977=(
NAMED_UNIT(*)
PLANE_ANGLE_UNIT()
SI_UNIT($,.RADIAN.)
);
#15978=(
NAMED_UNIT(*)
PLANE_ANGLE_UNIT()
SI_UNIT($,.RADIAN.)
);
#15979=(
NAMED_UNIT(*)
PLANE_ANGLE_UNIT()
SI_UNIT($,.RADIAN.)
);
#15980=(
NAMED_UNIT(*)
PLANE_ANGLE_UNIT()
SI_UNIT($,.RADIAN.)
);
#15981=(
NAMED_UNIT(*)
PLANE_ANGLE_UNIT()
SI_UNIT($,.RADIAN.)
);
#15982=(
NAMED_UNIT(*)
PLANE_ANGLE_UNIT()
SI_UNIT($,.RADIAN.)
);
#15983=(
NAMED_UNIT(*)
PLANE_ANGLE_UNIT()
SI_UNIT($,.RADIAN.)
);
#15984=(
NAMED_UNIT(*)
PLANE_ANGLE_UNIT()
SI_UNIT($,.RADIAN.)
);
#15985=(
NAMED_UNIT(*)
PLANE_ANGLE_UNIT()
SI_UNIT($,.RADIAN.)
);
#15986=(
LENGTH_UNIT()
NAMED_UNIT(*)
SI_UNIT($,.METRE.)
);
#15987=(
LENGTH_UNIT()
NAMED_UNIT(*)
SI_UNIT($,.METRE.)
);
#15988=(
LENGTH_UNIT()
NAMED_UNIT(*)
SI_UNIT($,.METRE.)
);
#15989=(
LENGTH_UNIT()
NAMED_UNIT(*)
SI_UNIT($,.METRE.)
);
#15990=(
LENGTH_UNIT()
NAMED_UNIT(*)
SI_UNIT($,.METRE.)
);
#15991=(
LENGTH_UNIT()
NAMED_UNIT(*)
SI_UNIT($,.METRE.)
);
#15992=(
LENGTH_UNIT()
NAMED_UNIT(*)
SI_UNIT($,.METRE.)
);
#15993=(
LENGTH_UNIT()
NAMED_UNIT(*)
SI_UNIT($,.METRE.)
);
#15994=(
LENGTH_UNIT()
NAMED_UNIT(*)
SI_UNIT($,.METRE.)
);
#15995=(
LENGTH_UNIT()
NAMED_UNIT(*)
SI_UNIT($,.METRE.)
);
#15996=(
LENGTH_UNIT()
NAMED_UNIT(*)
SI_UNIT($,.METRE.)
);
#15997=(
LENGTH_UNIT()
NAMED_UNIT(*)
SI_UNIT($,.METRE.)
);
#15998=(
LENGTH_UNIT()
NAMED_UNIT(*)
SI_UNIT($,.METRE.)
);
#15999=(
LENGTH_UNIT()
NAMED_UNIT(*)
SI_UNIT($,.METRE.)
);
#16000=(
LENGTH_UNIT()
NAMED_UNIT(*)
SI_UNIT($,.METRE.)
);
#16001=(
LENGTH_UNIT()
NAMED_UNIT(*)
SI_UNIT($,.METRE.)
);
#16002=(
LENGTH_UNIT()
NAMED_UNIT(*)
SI_UNIT($,.METRE.)
);
#16003=PRODUCT_DEFINITION_SHAPE('','',#16020);
#16004=PRODUCT_DEFINITION_SHAPE('','',#16021);
#16005=PRODUCT_DEFINITION_SHAPE('','',#16022);
#16006=PRODUCT_DEFINITION_SHAPE('','',#16023);
#16007=PRODUCT_DEFINITION_SHAPE('','',#16024);
#16008=PRODUCT_DEFINITION_SHAPE('','',#16025);
#16009=PRODUCT_DEFINITION_SHAPE('','',#16026);
#16010=PRODUCT_DEFINITION_SHAPE('','',#16027);
#16011=PRODUCT_DEFINITION_SHAPE('','',#16028);
#16012=PRODUCT_DEFINITION_SHAPE('','',#16029);
#16013=PRODUCT_DEFINITION_SHAPE('','',#16030);
#16014=PRODUCT_DEFINITION_SHAPE('','',#16031);
#16015=PRODUCT_DEFINITION_SHAPE('','',#16032);
#16016=PRODUCT_DEFINITION_SHAPE('','',#16033);
#16017=PRODUCT_DEFINITION_SHAPE('','',#16034);
#16018=PRODUCT_DEFINITION_SHAPE('','',#16035);
#16019=PRODUCT_DEFINITION_SHAPE('','',#16036);
#16020=PRODUCT_DEFINITION('','',#16054,#16037);
#16021=PRODUCT_DEFINITION('','',#16055,#16038);
#16022=PRODUCT_DEFINITION('','',#16056,#16039);
#16023=PRODUCT_DEFINITION('','',#16057,#16040);
#16024=PRODUCT_DEFINITION('','',#16058,#16041);
#16025=PRODUCT_DEFINITION('','',#16059,#16042);
#16026=PRODUCT_DEFINITION('','',#16060,#16043);
#16027=PRODUCT_DEFINITION('','',#16061,#16044);
#16028=PRODUCT_DEFINITION('','',#16062,#16045);
#16029=PRODUCT_DEFINITION('','',#16063,#16046);
#16030=PRODUCT_DEFINITION('','',#16064,#16047);
#16031=PRODUCT_DEFINITION('','',#16065,#16048);
#16032=PRODUCT_DEFINITION('','',#16066,#16049);
#16033=PRODUCT_DEFINITION('','',#16067,#16050);
#16034=PRODUCT_DEFINITION('','',#16068,#16051);
#16035=PRODUCT_DEFINITION('','',#16069,#16052);
#16036=PRODUCT_DEFINITION('','',#16070,#16053);
#16037=PRODUCT_DEFINITION_CONTEXT('',#16156,'design');
#16038=PRODUCT_DEFINITION_CONTEXT('',#16157,'design');
#16039=PRODUCT_DEFINITION_CONTEXT('',#16158,'design');
#16040=PRODUCT_DEFINITION_CONTEXT('',#16159,'design');
#16041=PRODUCT_DEFINITION_CONTEXT('',#16160,'design');
#16042=PRODUCT_DEFINITION_CONTEXT('',#16161,'design');
#16043=PRODUCT_DEFINITION_CONTEXT('',#16162,'design');
#16044=PRODUCT_DEFINITION_CONTEXT('',#16163,'design');
#16045=PRODUCT_DEFINITION_CONTEXT('',#16164,'design');
#16046=PRODUCT_DEFINITION_CONTEXT('',#16165,'design');
#16047=PRODUCT_DEFINITION_CONTEXT('',#16166,'design');
#16048=PRODUCT_DEFINITION_CONTEXT('',#16167,'design');
#16049=PRODUCT_DEFINITION_CONTEXT('',#16168,'design');
#16050=PRODUCT_DEFINITION_CONTEXT('',#16169,'design');
#16051=PRODUCT_DEFINITION_CONTEXT('',#16170,'design');
#16052=PRODUCT_DEFINITION_CONTEXT('',#16171,'design');
#16053=PRODUCT_DEFINITION_CONTEXT('',#16172,'design');
#16054=PRODUCT_DEFINITION_FORMATION_WITH_SPECIFIED_SOURCE('','',#16088,
 .NOT_KNOWN.);
#16055=PRODUCT_DEFINITION_FORMATION_WITH_SPECIFIED_SOURCE('','',#16089,
 .NOT_KNOWN.);
#16056=PRODUCT_DEFINITION_FORMATION_WITH_SPECIFIED_SOURCE('','',#16090,
 .NOT_KNOWN.);
#16057=PRODUCT_DEFINITION_FORMATION_WITH_SPECIFIED_SOURCE('','',#16091,
 .NOT_KNOWN.);
#16058=PRODUCT_DEFINITION_FORMATION_WITH_SPECIFIED_SOURCE('','',#16092,
 .NOT_KNOWN.);
#16059=PRODUCT_DEFINITION_FORMATION_WITH_SPECIFIED_SOURCE('','',#16093,
 .NOT_KNOWN.);
#16060=PRODUCT_DEFINITION_FORMATION_WITH_SPECIFIED_SOURCE('','',#16094,
 .NOT_KNOWN.);
#16061=PRODUCT_DEFINITION_FORMATION_WITH_SPECIFIED_SOURCE('','',#16095,
 .NOT_KNOWN.);
#16062=PRODUCT_DEFINITION_FORMATION_WITH_SPECIFIED_SOURCE('','',#16096,
 .NOT_KNOWN.);
#16063=PRODUCT_DEFINITION_FORMATION_WITH_SPECIFIED_SOURCE('','',#16097,
 .NOT_KNOWN.);
#16064=PRODUCT_DEFINITION_FORMATION_WITH_SPECIFIED_SOURCE('','',#16098,
 .NOT_KNOWN.);
#16065=PRODUCT_DEFINITION_FORMATION_WITH_SPECIFIED_SOURCE('','',#16099,
 .NOT_KNOWN.);
#16066=PRODUCT_DEFINITION_FORMATION_WITH_SPECIFIED_SOURCE('','',#16100,
 .NOT_KNOWN.);
#16067=PRODUCT_DEFINITION_FORMATION_WITH_SPECIFIED_SOURCE('','',#16101,
 .NOT_KNOWN.);
#16068=PRODUCT_DEFINITION_FORMATION_WITH_SPECIFIED_SOURCE('','',#16102,
 .NOT_KNOWN.);
#16069=PRODUCT_DEFINITION_FORMATION_WITH_SPECIFIED_SOURCE('','',#16103,
 .NOT_KNOWN.);
#16070=PRODUCT_DEFINITION_FORMATION_WITH_SPECIFIED_SOURCE('','',#16104,
 .NOT_KNOWN.);
#16071=PRODUCT_RELATED_PRODUCT_CATEGORY('','',(#16088));
#16072=PRODUCT_RELATED_PRODUCT_CATEGORY('','',(#16089));
#16073=PRODUCT_RELATED_PRODUCT_CATEGORY('','',(#16090));
#16074=PRODUCT_RELATED_PRODUCT_CATEGORY('','',(#16091));
#16075=PRODUCT_RELATED_PRODUCT_CATEGORY('','',(#16092));
#16076=PRODUCT_RELATED_PRODUCT_CATEGORY('','',(#16093));
#16077=PRODUCT_RELATED_PRODUCT_CATEGORY('','',(#16094));
#16078=PRODUCT_RELATED_PRODUCT_CATEGORY('','',(#16095));
#16079=PRODUCT_RELATED_PRODUCT_CATEGORY('','',(#16096));
#16080=PRODUCT_RELATED_PRODUCT_CATEGORY('','',(#16097));
#16081=PRODUCT_RELATED_PRODUCT_CATEGORY('','',(#16098));
#16082=PRODUCT_RELATED_PRODUCT_CATEGORY('','',(#16099));
#16083=PRODUCT_RELATED_PRODUCT_CATEGORY('','',(#16100));
#16084=PRODUCT_RELATED_PRODUCT_CATEGORY('','',(#16101));
#16085=PRODUCT_RELATED_PRODUCT_CATEGORY('','',(#16102));
#16086=PRODUCT_RELATED_PRODUCT_CATEGORY('','',(#16103));
#16087=PRODUCT_RELATED_PRODUCT_CATEGORY('','',(#16104));
#16088=PRODUCT('Part 5','Part 5','Part 5',(#16122));
#16089=PRODUCT('Part 1','Part 1','Part 1',(#16123));
#16090=PRODUCT('Part 2','Part 2','Part 2',(#16124));
#16091=PRODUCT('Part 3','Part 3','Part 3',(#16125));
#16092=PRODUCT('Part 4','Part 4','Part 4',(#16126));
#16093=PRODUCT('Part 6','Part 6','Part 6',(#16127));
#16094=PRODUCT('Part 7','Part 7','Part 7',(#16128));
#16095=PRODUCT('Part 8','Part 8','Part 8',(#16129));
#16096=PRODUCT('Part 9','Part 9','Part 9',(#16130));
#16097=PRODUCT('Part 10','Part 10','Part 10',(#16131));
#16098=PRODUCT('Part 11','Part 11','Part 11',(#16132));
#16099=PRODUCT('Part 12','Part 12','Part 12',(#16133));
#16100=PRODUCT('Part 13','Part 13','Part 13',(#16134));
#16101=PRODUCT('Part 14','Part 14','Part 14',(#16135));
#16102=PRODUCT('Part 15','Part 15','Part 15',(#16136));
#16103=PRODUCT('Part 16','Part 16','Part 16',(#16137));
#16104=PRODUCT('Part 17','Part 17','Part 17',(#16138));
#16105=PRODUCT_CATEGORY('','');
#16106=PRODUCT_CATEGORY('','');
#16107=PRODUCT_CATEGORY('','');
#16108=PRODUCT_CATEGORY('','');
#16109=PRODUCT_CATEGORY('','');
#16110=PRODUCT_CATEGORY('','');
#16111=PRODUCT_CATEGORY('','');
#16112=PRODUCT_CATEGORY('','');
#16113=PRODUCT_CATEGORY('','');
#16114=PRODUCT_CATEGORY('','');
#16115=PRODUCT_CATEGORY('','');
#16116=PRODUCT_CATEGORY('','');
#16117=PRODUCT_CATEGORY('','');
#16118=PRODUCT_CATEGORY('','');
#16119=PRODUCT_CATEGORY('','');
#16120=PRODUCT_CATEGORY('','');
#16121=PRODUCT_CATEGORY('','');
#16122=PRODUCT_CONTEXT('',#16156,'mechanical');
#16123=PRODUCT_CONTEXT('',#16157,'mechanical');
#16124=PRODUCT_CONTEXT('',#16158,'mechanical');
#16125=PRODUCT_CONTEXT('',#16159,'mechanical');
#16126=PRODUCT_CONTEXT('',#16160,'mechanical');
#16127=PRODUCT_CONTEXT('',#16161,'mechanical');
#16128=PRODUCT_CONTEXT('',#16162,'mechanical');
#16129=PRODUCT_CONTEXT('',#16163,'mechanical');
#16130=PRODUCT_CONTEXT('',#16164,'mechanical');
#16131=PRODUCT_CONTEXT('',#16165,'mechanical');
#16132=PRODUCT_CONTEXT('',#16166,'mechanical');
#16133=PRODUCT_CONTEXT('',#16167,'mechanical');
#16134=PRODUCT_CONTEXT('',#16168,'mechanical');
#16135=PRODUCT_CONTEXT('',#16169,'mechanical');
#16136=PRODUCT_CONTEXT('',#16170,'mechanical');
#16137=PRODUCT_CONTEXT('',#16171,'mechanical');
#16138=PRODUCT_CONTEXT('',#16172,'mechanical');
#16139=APPLICATION_PROTOCOL_DEFINITION('international standard',
'ap242_managed_model_based_3d_engineering',2011,#16156);
#16140=APPLICATION_PROTOCOL_DEFINITION('international standard',
'ap242_managed_model_based_3d_engineering',2011,#16157);
#16141=APPLICATION_PROTOCOL_DEFINITION('international standard',
'ap242_managed_model_based_3d_engineering',2011,#16158);
#16142=APPLICATION_PROTOCOL_DEFINITION('international standard',
'ap242_managed_model_based_3d_engineering',2011,#16159);
#16143=APPLICATION_PROTOCOL_DEFINITION('international standard',
'ap242_managed_model_based_3d_engineering',2011,#16160);
#16144=APPLICATION_PROTOCOL_DEFINITION('international standard',
'ap242_managed_model_based_3d_engineering',2011,#16161);
#16145=APPLICATION_PROTOCOL_DEFINITION('international standard',
'ap242_managed_model_based_3d_engineering',2011,#16162);
#16146=APPLICATION_PROTOCOL_DEFINITION('international standard',
'ap242_managed_model_based_3d_engineering',2011,#16163);
#16147=APPLICATION_PROTOCOL_DEFINITION('international standard',
'ap242_managed_model_based_3d_engineering',2011,#16164);
#16148=APPLICATION_PROTOCOL_DEFINITION('international standard',
'ap242_managed_model_based_3d_engineering',2011,#16165);
#16149=APPLICATION_PROTOCOL_DEFINITION('international standard',
'ap242_managed_model_based_3d_engineering',2011,#16166);
#16150=APPLICATION_PROTOCOL_DEFINITION('international standard',
'ap242_managed_model_based_3d_engineering',2011,#16167);
#16151=APPLICATION_PROTOCOL_DEFINITION('international standard',
'ap242_managed_model_based_3d_engineering',2011,#16168);
#16152=APPLICATION_PROTOCOL_DEFINITION('international standard',
'ap242_managed_model_based_3d_engineering',2011,#16169);
#16153=APPLICATION_PROTOCOL_DEFINITION('international standard',
'ap242_managed_model_based_3d_engineering',2011,#16170);
#16154=APPLICATION_PROTOCOL_DEFINITION('international standard',
'ap242_managed_model_based_3d_engineering',2011,#16171);
#16155=APPLICATION_PROTOCOL_DEFINITION('international standard',
'ap242_managed_model_based_3d_engineering',2011,#16172);
#16156=APPLICATION_CONTEXT('managed model based 3d engineering');
#16157=APPLICATION_CONTEXT('managed model based 3d engineering');
#16158=APPLICATION_CONTEXT('managed model based 3d engineering');
#16159=APPLICATION_CONTEXT('managed model based 3d engineering');
#16160=APPLICATION_CONTEXT('managed model based 3d engineering');
#16161=APPLICATION_CONTEXT('managed model based 3d engineering');
#16162=APPLICATION_CONTEXT('managed model based 3d engineering');
#16163=APPLICATION_CONTEXT('managed model based 3d engineering');
#16164=APPLICATION_CONTEXT('managed model based 3d engineering');
#16165=APPLICATION_CONTEXT('managed model based 3d engineering');
#16166=APPLICATION_CONTEXT('managed model based 3d engineering');
#16167=APPLICATION_CONTEXT('managed model based 3d engineering');
#16168=APPLICATION_CONTEXT('managed model based 3d engineering');
#16169=APPLICATION_CONTEXT('managed model based 3d engineering');
#16170=APPLICATION_CONTEXT('managed model based 3d engineering');
#16171=APPLICATION_CONTEXT('managed model based 3d engineering');
#16172=APPLICATION_CONTEXT('managed model based 3d engineering');
ENDSEC;
END-ISO-10303-21;
